rank,parameter_id,haircut_bps,exponent_scaled,wall_sensitivity_scaled,cadence_threshold,cadence_wave_scaled,worst_small_discount_bps,max_split_gain_nav_bps,max_split_gain_relative_bps,minimum_reserve_bps,failed_split_parts,pressure_split_gain_nav_bps,pressure_minimum_reserve_bps,aggregate_split_mitigation_bps,worst_workload_split_mitigation_bps,improved_split_workloads,unchanged_split_workloads,worsened_split_workloads,grief_pass,minimum_grief_cost_harm_ratio_bps,maximum_grief_harm,worst_honest_burst_discount_bps,maximum_funded_roundtrip_profit,recovery_parity_max_abs,endpoint_small_discount_bps,endpoint_split_gain_nav_bps,endpoint_minimum_reserve_bps,dominated_by_pressure,dominated_by_endpoint,dominating_simple_baseline,adds_value_over_pressure,adds_value_over_endpoint,pricing_eligible,security_eligible,tradeoff_eligible
1,h10000_e15000_s160000_k10_y0,10000,15000,160000,10,0,20,9988,NA,3561,0,9988,3561,0,0,0,40,0,true,NA,0,2,-9273849,0,1,8499,1035,false,false,none,false,true,true,true,true
2,h10000_e15000_s160000_k20_y0,10000,15000,160000,20,0,20,9988,NA,3561,0,9988,3561,0,0,0,40,0,true,NA,0,2,-9273849,0,1,8499,1035,false,false,none,false,true,true,true,true
3,h10000_e15000_s160000_k40_y0,10000,15000,160000,40,0,20,9988,NA,3561,0,9988,3561,0,0,0,40,0,true,NA,0,2,-9273849,0,1,8499,1035,false,false,none,false,true,true,true,true
4,h10000_e15000_s160000_k5_y0,10000,15000,160000,5,0,20,9988,NA,3561,0,9988,3561,0,0,0,40,0,true,NA,0,2,-9273849,0,1,8499,1035,false,false,none,false,true,true,true,true
5,h10000_e20000_s160000_k10_y0,10000,20000,160000,10,0,3,9998,NA,3459,0,9998,3459,0,0,0,40,0,true,NA,0,1,-4909682,0,1,8092,1006,false,false,none,false,true,true,true,true
6,h10000_e20000_s160000_k20_y0,10000,20000,160000,20,0,3,9998,NA,3459,0,9998,3459,0,0,0,40,0,true,NA,0,1,-4909682,0,1,8092,1006,false,false,none,false,true,true,true,true
7,h10000_e20000_s160000_k40_y0,10000,20000,160000,40,0,3,9998,NA,3459,0,9998,3459,0,0,0,40,0,true,NA,0,1,-4909682,0,1,8092,1006,false,false,none,false,true,true,true,true
8,h10000_e20000_s160000_k5_y0,10000,20000,160000,5,0,3,9998,NA,3459,0,9998,3459,0,0,0,40,0,true,NA,0,1,-4909682,0,1,8092,1006,false,false,none,false,true,true,true,true
9,h10000_e25000_s160000_k10_y0,10000,25000,160000,10,0,1,9999,NA,3399,0,9999,3399,0,0,0,40,0,true,NA,0,1,-2599242,0,1,7682,1001,false,false,none,false,true,true,true,true
10,h10000_e25000_s160000_k20_y0,10000,25000,160000,20,0,1,9999,NA,3399,0,9999,3399,0,0,0,40,0,true,NA,0,1,-2599242,0,1,7682,1001,false,false,none,false,true,true,true,true
11,h10000_e25000_s160000_k40_y0,10000,25000,160000,40,0,1,9999,NA,3399,0,9999,3399,0,0,0,40,0,true,NA,0,1,-2599242,0,1,7682,1001,false,false,none,false,true,true,true,true
12,h10000_e25000_s160000_k5_y0,10000,25000,160000,5,0,1,9999,NA,3399,0,9999,3399,0,0,0,40,0,true,NA,0,1,-2599242,0,1,7682,1001,false,false,none,false,true,true,true,true
13,h10000_e30000_s160000_k10_y0,10000,30000,160000,10,0,1,9999,NA,3360,0,9999,3360,0,0,0,40,0,true,NA,0,1,-1376069,0,1,7289,1000,false,false,none,false,true,true,true,true
14,h10000_e30000_s160000_k20_y0,10000,30000,160000,20,0,1,9999,NA,3360,0,9999,3360,0,0,0,40,0,true,NA,0,1,-1376069,0,1,7289,1000,false,false,none,false,true,true,true,true
15,h10000_e30000_s160000_k40_y0,10000,30000,160000,40,0,1,9999,NA,3360,0,9999,3360,0,0,0,40,0,true,NA,0,1,-1376069,0,1,7289,1000,false,false,none,false,true,true,true,true
16,h10000_e30000_s160000_k5_y0,10000,30000,160000,5,0,1,9999,NA,3360,0,9999,3360,0,0,0,40,0,true,NA,0,1,-1376069,0,1,7289,1000,false,false,none,false,true,true,true,true
17,h10000_e40000_s160000_k10_y0,10000,40000,160000,10,0,1,9999,NA,3312,0,9999,3312,0,0,0,40,0,true,NA,0,1,-385680,0,1,6560,1000,false,false,none,false,true,true,true,true
18,h10000_e40000_s160000_k20_y0,10000,40000,160000,20,0,1,9999,NA,3312,0,9999,3312,0,0,0,40,0,true,NA,0,1,-385680,0,1,6560,1000,false,false,none,false,true,true,true,true
19,h10000_e40000_s160000_k40_y0,10000,40000,160000,40,0,1,9999,NA,3312,0,9999,3312,0,0,0,40,0,true,NA,0,1,-385680,0,1,6560,1000,false,false,none,false,true,true,true,true
20,h10000_e40000_s160000_k5_y0,10000,40000,160000,5,0,1,9999,NA,3312,0,9999,3312,0,0,0,40,0,true,NA,0,1,-385680,0,1,6560,1000,false,false,none,false,true,true,true,true
21,h10000_e50000_s160000_k10_y0,10000,50000,160000,10,0,1,9999,NA,3284,0,9999,3284,0,0,0,40,0,true,NA,0,0,-108097,0,0,5904,1000,false,false,none,false,true,true,true,true
22,h10000_e50000_s160000_k20_y0,10000,50000,160000,20,0,1,9999,NA,3284,0,9999,3284,0,0,0,40,0,true,NA,0,0,-108097,0,0,5904,1000,false,false,none,false,true,true,true,true
23,h10000_e50000_s160000_k40_y0,10000,50000,160000,40,0,1,9999,NA,3284,0,9999,3284,0,0,0,40,0,true,NA,0,0,-108097,0,0,5904,1000,false,false,none,false,true,true,true,true
24,h10000_e50000_s160000_k5_y0,10000,50000,160000,5,0,1,9999,NA,3284,0,9999,3284,0,0,0,40,0,true,NA,0,0,-108097,0,0,5904,1000,false,false,none,false,true,true,true,true
25,h10000_e70000_s160000_k10_y0,10000,70000,160000,10,0,0,9999,NA,3252,0,9999,3252,0,0,0,40,0,true,NA,0,0,-8492,0,0,4782,1000,false,false,none,false,true,true,true,true
26,h10000_e70000_s160000_k20_y0,10000,70000,160000,20,0,0,9999,NA,3252,0,9999,3252,0,0,0,40,0,true,NA,0,0,-8492,0,0,4782,1000,false,false,none,false,true,true,true,true
27,h10000_e70000_s160000_k40_y0,10000,70000,160000,40,0,0,9999,NA,3252,0,9999,3252,0,0,0,40,0,true,NA,0,0,-8492,0,0,4782,1000,false,false,none,false,true,true,true,true
28,h10000_e70000_s160000_k5_y0,10000,70000,160000,5,0,0,9999,NA,3252,0,9999,3252,0,0,0,40,0,true,NA,0,0,-8492,0,0,4782,1000,false,false,none,false,true,true,true,true
29,h10000_e100000_s160000_k10_y0,10000,100000,160000,10,0,0,10000,NA,3229,0,10000,3229,0,0,0,40,0,true,NA,0,0,-187,0,0,3486,1000,false,false,none,false,true,true,true,true
30,h10000_e100000_s160000_k20_y0,10000,100000,160000,20,0,0,10000,NA,3229,0,10000,3229,0,0,0,40,0,true,NA,0,0,-187,0,0,3486,1000,false,false,none,false,true,true,true,true
31,h10000_e100000_s160000_k40_y0,10000,100000,160000,40,0,0,10000,NA,3229,0,10000,3229,0,0,0,40,0,true,NA,0,0,-187,0,0,3486,1000,false,false,none,false,true,true,true,true
32,h10000_e100000_s160000_k5_y0,10000,100000,160000,5,0,0,10000,NA,3229,0,10000,3229,0,0,0,40,0,true,NA,0,0,-187,0,0,3486,1000,false,false,none,false,true,true,true,true
33,h5000_e100000_s160000_k10_y0,5000,100000,160000,10,0,0,10000,NA,3136,0,10000,3136,0,0,0,40,0,true,NA,0,0,-94,0,0,1743,1000,false,false,none,false,true,true,true,true
34,h5000_e100000_s160000_k20_y0,5000,100000,160000,20,0,0,10000,NA,3136,0,10000,3136,0,0,0,40,0,true,NA,0,0,-94,0,0,1743,1000,false,false,none,false,true,true,true,true
35,h5000_e100000_s160000_k40_y0,5000,100000,160000,40,0,0,10000,NA,3136,0,10000,3136,0,0,0,40,0,true,NA,0,0,-94,0,0,1743,1000,false,false,none,false,true,true,true,true
36,h5000_e100000_s160000_k5_y0,5000,100000,160000,5,0,0,10000,NA,3136,0,10000,3136,0,0,0,40,0,true,NA,0,0,-94,0,0,1743,1000,false,false,none,false,true,true,true,true
37,h5000_e70000_s160000_k10_y0,5000,70000,160000,10,0,0,10000,NA,3120,0,10000,3120,0,0,0,40,0,true,NA,0,0,-4246,0,0,2391,1000,false,false,none,false,true,true,true,true
38,h5000_e70000_s160000_k20_y0,5000,70000,160000,20,0,0,10000,NA,3120,0,10000,3120,0,0,0,40,0,true,NA,0,0,-4246,0,0,2391,1000,false,false,none,false,true,true,true,true
39,h5000_e70000_s160000_k40_y0,5000,70000,160000,40,0,0,10000,NA,3120,0,10000,3120,0,0,0,40,0,true,NA,0,0,-4246,0,0,2391,1000,false,false,none,false,true,true,true,true
40,h5000_e70000_s160000_k5_y0,5000,70000,160000,5,0,0,10000,NA,3120,0,10000,3120,0,0,0,40,0,true,NA,0,0,-4246,0,0,2391,1000,false,false,none,false,true,true,true,true
41,h5000_e50000_s160000_k10_y0,5000,50000,160000,10,0,1,9999,NA,3097,0,9999,3097,0,0,0,40,0,true,NA,0,0,-54049,0,0,2952,1000,false,false,none,false,true,true,true,true
42,h5000_e50000_s160000_k20_y0,5000,50000,160000,20,0,1,9999,NA,3097,0,9999,3097,0,0,0,40,0,true,NA,0,0,-54049,0,0,2952,1000,false,false,none,false,true,true,true,true
43,h5000_e50000_s160000_k40_y0,5000,50000,160000,40,0,1,9999,NA,3097,0,9999,3097,0,0,0,40,0,true,NA,0,0,-54049,0,0,2952,1000,false,false,none,false,true,true,true,true
44,h5000_e50000_s160000_k5_y0,5000,50000,160000,5,0,1,9999,NA,3097,0,9999,3097,0,0,0,40,0,true,NA,0,0,-54049,0,0,2952,1000,false,false,none,false,true,true,true,true
45,h5000_e40000_s160000_k10_y0,5000,40000,160000,10,0,1,9999,NA,3077,0,9999,3077,0,0,0,40,0,true,NA,0,1,-192840,0,1,3280,1000,false,false,none,false,true,true,true,true
46,h5000_e40000_s160000_k20_y0,5000,40000,160000,20,0,1,9999,NA,3077,0,9999,3077,0,0,0,40,0,true,NA,0,1,-192840,0,1,3280,1000,false,false,none,false,true,true,true,true
47,h5000_e40000_s160000_k40_y0,5000,40000,160000,40,0,1,9999,NA,3077,0,9999,3077,0,0,0,40,0,true,NA,0,1,-192840,0,1,3280,1000,false,false,none,false,true,true,true,true
48,h5000_e40000_s160000_k5_y0,5000,40000,160000,5,0,1,9999,NA,3077,0,9999,3077,0,0,0,40,0,true,NA,0,1,-192840,0,1,3280,1000,false,false,none,false,true,true,true,true
49,h3000_e100000_s160000_k10_y0,3000,100000,160000,10,0,0,10000,NA,3071,0,10000,3071,0,0,0,40,0,true,NA,0,0,-57,0,0,1046,1000,false,false,none,false,true,true,true,true
50,h3000_e100000_s160000_k20_y0,3000,100000,160000,20,0,0,10000,NA,3071,0,10000,3071,0,0,0,40,0,true,NA,0,0,-57,0,0,1046,1000,false,false,none,false,true,true,true,true
51,h3000_e100000_s160000_k40_y0,3000,100000,160000,40,0,0,10000,NA,3071,0,10000,3071,0,0,0,40,0,true,NA,0,0,-57,0,0,1046,1000,false,false,none,false,true,true,true,true
52,h3000_e100000_s160000_k5_y0,3000,100000,160000,5,0,0,10000,NA,3071,0,10000,3071,0,0,0,40,0,true,NA,0,0,-57,0,0,1046,1000,false,false,none,false,true,true,true,true
53,h5000_e30000_s160000_k10_y0,5000,30000,160000,10,0,1,9997,NA,3043,0,9997,3043,0,0,0,40,0,true,NA,0,1,-708746,0,1,3644,1000,false,false,none,false,true,true,true,true
54,h5000_e30000_s160000_k20_y0,5000,30000,160000,20,0,1,9997,NA,3043,0,9997,3043,0,0,0,40,0,true,NA,0,1,-708746,0,1,3644,1000,false,false,none,false,true,true,true,true
55,h5000_e30000_s160000_k40_y0,5000,30000,160000,40,0,1,9997,NA,3043,0,9997,3043,0,0,0,40,0,true,NA,0,1,-708746,0,1,3644,1000,false,false,none,false,true,true,true,true
56,h5000_e30000_s160000_k5_y0,5000,30000,160000,5,0,1,9997,NA,3043,0,9997,3043,0,0,0,40,0,true,NA,0,1,-708746,0,1,3644,1000,false,false,none,false,true,true,true,true
57,h3000_e70000_s160000_k10_y0,3000,70000,160000,10,0,0,10000,NA,3025,0,10000,3025,0,0,0,40,0,true,NA,0,0,-2548,0,0,1434,1000,false,false,none,false,true,true,true,true
58,h3000_e70000_s160000_k20_y0,3000,70000,160000,20,0,0,10000,NA,3025,0,10000,3025,0,0,0,40,0,true,NA,0,0,-2548,0,0,1434,1000,false,false,none,false,true,true,true,true
59,h3000_e70000_s160000_k40_y0,3000,70000,160000,40,0,0,10000,NA,3025,0,10000,3025,0,0,0,40,0,true,NA,0,0,-2548,0,0,1434,1000,false,false,none,false,true,true,true,true
60,h3000_e70000_s160000_k5_y0,3000,70000,160000,5,0,0,10000,NA,3025,0,10000,3025,0,0,0,40,0,true,NA,0,0,-2548,0,0,1434,1000,false,false,none,false,true,true,true,true
61,h2000_e100000_s160000_k10_y0,2000,100000,160000,10,0,0,10000,NA,3017,0,10000,3017,0,0,0,40,0,true,NA,0,0,-38,0,0,697,1000,false,false,none,false,true,true,true,true
62,h2000_e100000_s160000_k20_y0,2000,100000,160000,20,0,0,10000,NA,3017,0,10000,3017,0,0,0,40,0,true,NA,0,0,-38,0,0,697,1000,false,false,none,false,true,true,true,true
63,h2000_e100000_s160000_k40_y0,2000,100000,160000,40,0,0,10000,NA,3017,0,10000,3017,0,0,0,40,0,true,NA,0,0,-38,0,0,697,1000,false,false,none,false,true,true,true,true
64,h2000_e100000_s160000_k5_y0,2000,100000,160000,5,0,0,10000,NA,3017,0,10000,3017,0,0,0,40,0,true,NA,0,0,-38,0,0,697,1000,false,false,none,false,true,true,true,true
65,h5000_e25000_s160000_k10_y0,5000,25000,160000,10,0,1,9991,NA,3015,0,9991,3015,0,0,0,40,0,true,NA,0,1,-1488123,0,1,3841,1000,false,false,none,false,true,true,true,true
66,h5000_e25000_s160000_k20_y0,5000,25000,160000,20,0,1,9991,NA,3015,0,9991,3015,0,0,0,40,0,true,NA,0,1,-1488123,0,1,3841,1000,false,false,none,false,true,true,true,true
67,h5000_e25000_s160000_k40_y0,5000,25000,160000,40,0,1,9991,NA,3015,0,9991,3015,0,0,0,40,0,true,NA,0,1,-1488123,0,1,3841,1000,false,false,none,false,true,true,true,true
68,h5000_e25000_s160000_k5_y0,5000,25000,160000,5,0,1,9991,NA,3015,0,9991,3015,0,0,0,40,0,true,NA,0,1,-1488123,0,1,3841,1000,false,false,none,false,true,true,true,true
69,h1500_e100000_s160000_k10_y0,1500,100000,160000,10,0,0,10000,NA,2982,0,10000,2982,0,0,0,40,0,true,NA,0,0,-29,0,0,523,1000,false,false,none,false,true,true,true,true
70,h1500_e100000_s160000_k20_y0,1500,100000,160000,20,0,0,10000,NA,2982,0,10000,2982,0,0,0,40,0,true,NA,0,0,-29,0,0,523,1000,false,false,none,false,true,true,true,true
71,h1500_e100000_s160000_k40_y0,1500,100000,160000,40,0,0,10000,NA,2982,0,10000,2982,0,0,0,40,0,true,NA,0,0,-29,0,0,523,1000,false,false,none,false,true,true,true,true
72,h1500_e100000_s160000_k5_y0,1500,100000,160000,5,0,0,10000,NA,2982,0,10000,2982,0,0,0,40,0,true,NA,0,0,-29,0,0,523,1000,false,false,none,false,true,true,true,true
73,h5000_e20000_s160000_k10_y0,5000,20000,160000,10,0,2,9974,NA,2974,0,9974,2974,0,0,0,40,0,true,NA,0,1,-2967366,0,1,4046,1003,false,false,none,false,true,true,true,true
74,h5000_e20000_s160000_k20_y0,5000,20000,160000,20,0,2,9974,NA,2974,0,9974,2974,0,0,0,40,0,true,NA,0,1,-2967366,0,1,4046,1003,false,false,none,false,true,true,true,true
75,h5000_e20000_s160000_k40_y0,5000,20000,160000,40,0,2,9974,NA,2974,0,9974,2974,0,0,0,40,0,true,NA,0,1,-2967366,0,1,4046,1003,false,false,none,false,true,true,true,true
76,h5000_e20000_s160000_k5_y0,5000,20000,160000,5,0,2,9974,NA,2974,0,9974,2974,0,0,0,40,0,true,NA,0,1,-2967366,0,1,4046,1003,false,false,none,false,true,true,true,true
77,h3000_e50000_s160000_k10_y0,3000,50000,160000,10,0,1,9999,NA,2964,0,9999,2964,0,0,0,40,0,true,NA,0,0,-38818,0,0,1771,1000,false,false,none,false,true,true,true,true
78,h3000_e50000_s160000_k20_y0,3000,50000,160000,20,0,1,9999,NA,2964,0,9999,2964,0,0,0,40,0,true,NA,0,0,-38818,0,0,1771,1000,false,false,none,false,true,true,true,true
79,h3000_e50000_s160000_k40_y0,3000,50000,160000,40,0,1,9999,NA,2964,0,9999,2964,0,0,0,40,0,true,NA,0,0,-38818,0,0,1771,1000,false,false,none,false,true,true,true,true
80,h3000_e50000_s160000_k5_y0,3000,50000,160000,5,0,1,9999,NA,2964,0,9999,2964,0,0,0,40,0,true,NA,0,0,-38818,0,0,1771,1000,false,false,none,false,true,true,true,true
81,h2000_e70000_s160000_k10_y0,2000,70000,160000,10,0,0,9999,NA,2950,0,9999,2950,0,0,0,40,0,true,NA,0,0,-1949,0,0,956,1000,false,false,none,false,true,true,true,true
82,h2000_e70000_s160000_k20_y0,2000,70000,160000,20,0,0,9999,NA,2950,0,9999,2950,0,0,0,40,0,true,NA,0,0,-1949,0,0,956,1000,false,false,none,false,true,true,true,true
83,h2000_e70000_s160000_k40_y0,2000,70000,160000,40,0,0,9999,NA,2950,0,9999,2950,0,0,0,40,0,true,NA,0,0,-1949,0,0,956,1000,false,false,none,false,true,true,true,true
84,h2000_e70000_s160000_k5_y0,2000,70000,160000,5,0,0,9999,NA,2950,0,9999,2950,0,0,0,40,0,true,NA,0,0,-1949,0,0,956,1000,false,false,none,false,true,true,true,true
85,h1000_e100000_s160000_k10_y0,1000,100000,160000,10,0,0,9999,NA,2929,0,9999,2929,0,0,0,40,0,true,NA,0,0,-26,0,0,348,1000,false,false,none,false,true,true,true,true
86,h1000_e100000_s160000_k20_y0,1000,100000,160000,20,0,0,9999,NA,2929,0,9999,2929,0,0,0,40,0,true,NA,0,0,-26,0,0,348,1000,false,false,none,false,true,true,true,true
87,h1000_e100000_s160000_k40_y0,1000,100000,160000,40,0,0,9999,NA,2929,0,9999,2929,0,0,0,40,0,true,NA,0,0,-26,0,0,348,1000,false,false,none,false,true,true,true,true
88,h1000_e100000_s160000_k5_y0,1000,100000,160000,5,0,0,9999,NA,2929,0,9999,2929,0,0,0,40,0,true,NA,0,0,-26,0,0,348,1000,false,false,none,false,true,true,true,true
89,h3000_e40000_s160000_k10_y0,3000,40000,160000,10,0,1,9999,NA,2912,0,9999,2912,0,0,0,40,0,true,NA,0,1,-184568,0,1,1968,1000,false,false,none,false,true,true,true,true
90,h3000_e40000_s160000_k20_y0,3000,40000,160000,20,0,1,9999,NA,2912,0,9999,2912,0,0,0,40,0,true,NA,0,1,-184568,0,1,1968,1000,false,false,none,false,true,true,true,true
91,h3000_e40000_s160000_k40_y0,3000,40000,160000,40,0,1,9999,NA,2912,0,9999,2912,0,0,0,40,0,true,NA,0,1,-184568,0,1,1968,1000,false,false,none,false,true,true,true,true
92,h3000_e40000_s160000_k5_y0,3000,40000,160000,5,0,1,9999,NA,2912,0,9999,2912,0,0,0,40,0,true,NA,0,1,-184568,0,1,1968,1000,false,false,none,false,true,true,true,true
93,h5000_e15000_s160000_k10_y0,5000,15000,160000,10,0,10,9919,NA,2904,0,9919,2904,0,0,0,40,0,true,NA,0,1,-5652445,0,1,4249,1017,false,false,none,false,true,true,true,true
94,h5000_e15000_s160000_k20_y0,5000,15000,160000,20,0,10,9919,NA,2904,0,9919,2904,0,0,0,40,0,true,NA,0,1,-5652445,0,1,4249,1017,false,false,none,false,true,true,true,true
95,h5000_e15000_s160000_k40_y0,5000,15000,160000,40,0,10,9919,NA,2904,0,9919,2904,0,0,0,40,0,true,NA,0,1,-5652445,0,1,4249,1017,false,false,none,false,true,true,true,true
96,h5000_e15000_s160000_k5_y0,5000,15000,160000,5,0,10,9919,NA,2904,0,9919,2904,0,0,0,40,0,true,NA,0,1,-5652445,0,1,4249,1017,false,false,none,false,true,true,true,true
97,h1500_e70000_s160000_k10_y0,1500,70000,160000,10,0,0,9999,NA,2900,0,9999,2900,0,0,0,40,0,true,NA,0,0,-3046,0,0,717,1000,false,false,none,false,true,true,true,true
98,h1500_e70000_s160000_k20_y0,1500,70000,160000,20,0,0,9999,NA,2900,0,9999,2900,0,0,0,40,0,true,NA,0,0,-3046,0,0,717,1000,false,false,none,false,true,true,true,true
99,h1500_e70000_s160000_k40_y0,1500,70000,160000,40,0,0,9999,NA,2900,0,9999,2900,0,0,0,40,0,true,NA,0,0,-3046,0,0,717,1000,false,false,none,false,true,true,true,true
100,h1500_e70000_s160000_k5_y0,1500,70000,160000,5,0,0,9999,NA,2900,0,9999,2900,0,0,0,40,0,true,NA,0,0,-3046,0,0,717,1000,false,false,none,false,true,true,true,true
101,h700_e100000_s160000_k10_y0,700,100000,160000,10,0,0,9999,NA,2886,0,9999,2886,0,0,0,40,0,true,NA,0,0,-61,0,0,244,1000,false,false,none,false,true,true,true,true
102,h700_e100000_s160000_k20_y0,700,100000,160000,20,0,0,9999,NA,2886,0,9999,2886,0,0,0,40,0,true,NA,0,0,-61,0,0,244,1000,false,false,none,false,true,true,true,true
103,h700_e100000_s160000_k40_y0,700,100000,160000,40,0,0,9999,NA,2886,0,9999,2886,0,0,0,40,0,true,NA,0,0,-61,0,0,244,1000,false,false,none,false,true,true,true,true
104,h700_e100000_s160000_k5_y0,700,100000,160000,5,0,0,9999,NA,2886,0,9999,2886,0,0,0,40,0,true,NA,0,0,-61,0,0,244,1000,false,false,none,false,true,true,true,true
105,h2000_e50000_s160000_k10_y0,2000,50000,160000,10,0,1,9999,NA,2862,0,9999,2862,0,0,0,40,0,true,NA,0,0,-51319,0,0,1180,1000,false,false,none,false,true,true,true,true
106,h2000_e50000_s160000_k20_y0,2000,50000,160000,20,0,1,9999,NA,2862,0,9999,2862,0,0,0,40,0,true,NA,0,0,-51319,0,0,1180,1000,false,false,none,false,true,true,true,true
107,h2000_e50000_s160000_k40_y0,2000,50000,160000,40,0,1,9999,NA,2862,0,9999,2862,0,0,0,40,0,true,NA,0,0,-51319,0,0,1180,1000,false,false,none,false,true,true,true,true
108,h2000_e50000_s160000_k5_y0,2000,50000,160000,5,0,1,9999,NA,2862,0,9999,2862,0,0,0,40,0,true,NA,0,0,-51319,0,0,1180,1000,false,false,none,false,true,true,true,true
109,h500_e100000_s160000_k10_y0,500,100000,160000,10,0,0,9999,NA,2844,0,9999,2844,0,0,0,40,0,true,NA,0,0,-106,0,0,174,1000,false,false,none,false,true,true,true,true
110,h500_e100000_s160000_k20_y0,500,100000,160000,20,0,0,9999,NA,2844,0,9999,2844,0,0,0,40,0,true,NA,0,0,-106,0,0,174,1000,false,false,none,false,true,true,true,true
111,h500_e100000_s160000_k40_y0,500,100000,160000,40,0,0,9999,NA,2844,0,9999,2844,0,0,0,40,0,true,NA,0,0,-106,0,0,174,1000,false,false,none,false,true,true,true,true
112,h500_e100000_s160000_k5_y0,500,100000,160000,5,0,0,9999,NA,2844,0,9999,2844,0,0,0,40,0,true,NA,0,0,-106,0,0,174,1000,false,false,none,false,true,true,true,true
113,h1000_e70000_s160000_k10_y0,1000,70000,160000,10,0,0,9999,NA,2828,0,9999,2828,0,0,0,40,0,true,NA,0,0,-4447,0,0,478,1000,false,false,none,false,true,true,true,true
114,h1000_e70000_s160000_k20_y0,1000,70000,160000,20,0,0,9999,NA,2828,0,9999,2828,0,0,0,40,0,true,NA,0,0,-4447,0,0,478,1000,false,false,none,false,true,true,true,true
115,h1000_e70000_s160000_k40_y0,1000,70000,160000,40,0,0,9999,NA,2828,0,9999,2828,0,0,0,40,0,true,NA,0,0,-4447,0,0,478,1000,false,false,none,false,true,true,true,true
116,h1000_e70000_s160000_k5_y0,1000,70000,160000,5,0,0,9999,NA,2828,0,9999,2828,0,0,0,40,0,true,NA,0,0,-4447,0,0,478,1000,false,false,none,false,true,true,true,true
117,h3000_e30000_s160000_k10_y0,3000,30000,160000,10,0,1,9998,NA,2825,0,9998,2825,0,0,0,40,0,true,NA,0,1,-717680,0,1,2186,1000,false,false,none,false,true,true,true,true
118,h3000_e30000_s160000_k20_y0,3000,30000,160000,20,0,1,9998,NA,2825,0,9998,2825,0,0,0,40,0,true,NA,0,1,-717680,0,1,2186,1000,false,false,none,false,true,true,true,true
119,h3000_e30000_s160000_k40_y0,3000,30000,160000,40,0,1,9998,NA,2825,0,9998,2825,0,0,0,40,0,true,NA,0,1,-717680,0,1,2186,1000,false,false,none,false,true,true,true,true
120,h3000_e30000_s160000_k5_y0,3000,30000,160000,5,0,1,9998,NA,2825,0,9998,2825,0,0,0,40,0,true,NA,0,1,-717680,0,1,2186,1000,false,false,none,false,true,true,true,true
121,h1500_e50000_s160000_k10_y0,1500,50000,160000,10,0,1,9999,NA,2792,0,9999,2792,0,0,0,40,0,true,NA,0,0,-55426,0,0,885,1000,false,false,none,false,true,true,true,true
122,h1500_e50000_s160000_k20_y0,1500,50000,160000,20,0,1,9999,NA,2792,0,9999,2792,0,0,0,40,0,true,NA,0,0,-55426,0,0,885,1000,false,false,none,false,true,true,true,true
123,h1500_e50000_s160000_k40_y0,1500,50000,160000,40,0,1,9999,NA,2792,0,9999,2792,0,0,0,40,0,true,NA,0,0,-55426,0,0,885,1000,false,false,none,false,true,true,true,true
124,h1500_e50000_s160000_k5_y0,1500,50000,160000,5,0,1,9999,NA,2792,0,9999,2792,0,0,0,40,0,true,NA,0,0,-55426,0,0,885,1000,false,false,none,false,true,true,true,true
125,h2000_e40000_s160000_k10_y0,2000,40000,160000,10,0,1,9999,NA,2786,0,9999,2786,0,0,0,40,0,true,NA,0,1,-194321,0,1,1312,1000,false,false,none,false,true,true,true,true
126,h2000_e40000_s160000_k20_y0,2000,40000,160000,20,0,1,9999,NA,2786,0,9999,2786,0,0,0,40,0,true,NA,0,1,-194321,0,1,1312,1000,false,false,none,false,true,true,true,true
127,h2000_e40000_s160000_k40_y0,2000,40000,160000,40,0,1,9999,NA,2786,0,9999,2786,0,0,0,40,0,true,NA,0,1,-194321,0,1,1312,1000,false,false,none,false,true,true,true,true
128,h2000_e40000_s160000_k5_y0,2000,40000,160000,5,0,1,9999,NA,2786,0,9999,2786,0,0,0,40,0,true,NA,0,1,-194321,0,1,1312,1000,false,false,none,false,true,true,true,true
129,h300_e100000_s160000_k10_y0,300,100000,160000,10,0,0,9999,NA,2784,0,9999,2784,0,0,0,40,0,true,NA,0,0,-161,0,0,104,1000,false,false,none,false,true,true,true,true
130,h300_e100000_s160000_k20_y0,300,100000,160000,20,0,0,9999,NA,2784,0,9999,2784,0,0,0,40,0,true,NA,0,0,-161,0,0,104,1000,false,false,none,false,true,true,true,true
131,h300_e100000_s160000_k40_y0,300,100000,160000,40,0,0,9999,NA,2784,0,9999,2784,0,0,0,40,0,true,NA,0,0,-161,0,0,104,1000,false,false,none,false,true,true,true,true
132,h300_e100000_s160000_k5_y0,300,100000,160000,5,0,0,9999,NA,2784,0,9999,2784,0,0,0,40,0,true,NA,0,0,-161,0,0,104,1000,false,false,none,false,true,true,true,true
133,h700_e70000_s160000_k10_y0,700,70000,160000,10,0,0,9999,NA,2766,0,9999,2766,0,0,0,40,0,true,NA,0,0,-5118,0,0,334,1000,false,false,none,false,true,true,true,true
134,h700_e70000_s160000_k20_y0,700,70000,160000,20,0,0,9999,NA,2766,0,9999,2766,0,0,0,40,0,true,NA,0,0,-5118,0,0,334,1000,false,false,none,false,true,true,true,true
135,h700_e70000_s160000_k40_y0,700,70000,160000,40,0,0,9999,NA,2766,0,9999,2766,0,0,0,40,0,true,NA,0,0,-5118,0,0,334,1000,false,false,none,false,true,true,true,true
136,h700_e70000_s160000_k5_y0,700,70000,160000,5,0,0,9999,NA,2766,0,9999,2766,0,0,0,40,0,true,NA,0,0,-5118,0,0,334,1000,false,false,none,false,true,true,true,true
137,h3000_e25000_s160000_k10_y0,3000,25000,160000,10,0,1,9994,NA,2756,0,9994,2756,0,0,0,40,0,true,NA,0,1,-1330540,0,1,2304,1000,false,false,none,false,true,true,true,true
138,h3000_e25000_s160000_k20_y0,3000,25000,160000,20,0,1,9994,NA,2756,0,9994,2756,0,0,0,40,0,true,NA,0,1,-1330540,0,1,2304,1000,false,false,none,false,true,true,true,true
139,h3000_e25000_s160000_k40_y0,3000,25000,160000,40,0,1,9994,NA,2756,0,9994,2756,0,0,0,40,0,true,NA,0,1,-1330540,0,1,2304,1000,false,false,none,false,true,true,true,true
140,h3000_e25000_s160000_k5_y0,3000,25000,160000,5,0,1,9994,NA,2756,0,9994,2756,0,0,0,40,0,true,NA,0,1,-1330540,0,1,2304,1000,false,false,none,false,true,true,true,true
141,h500_e70000_s160000_k10_y0,500,70000,160000,10,0,0,9999,NA,2710,0,9999,2710,0,0,0,40,0,true,NA,0,0,-5154,0,0,239,1000,false,false,none,false,true,true,true,true
142,h500_e70000_s160000_k20_y0,500,70000,160000,20,0,0,9999,NA,2710,0,9999,2710,0,0,0,40,0,true,NA,0,0,-5154,0,0,239,1000,false,false,none,false,true,true,true,true
143,h500_e70000_s160000_k40_y0,500,70000,160000,40,0,0,9999,NA,2710,0,9999,2710,0,0,0,40,0,true,NA,0,0,-5154,0,0,239,1000,false,false,none,false,true,true,true,true
144,h500_e70000_s160000_k5_y0,500,70000,160000,5,0,0,9999,NA,2710,0,9999,2710,0,0,0,40,0,true,NA,0,0,-5154,0,0,239,1000,false,false,none,false,true,true,true,true
145,h1500_e40000_s160000_k10_y0,1500,40000,160000,10,0,1,9999,NA,2699,0,9999,2699,0,0,0,40,0,true,NA,0,1,-185420,0,1,984,1000,false,false,none,false,true,true,true,true
146,h1500_e40000_s160000_k20_y0,1500,40000,160000,20,0,1,9999,NA,2699,0,9999,2699,0,0,0,40,0,true,NA,0,1,-185420,0,1,984,1000,false,false,none,false,true,true,true,true
147,h1500_e40000_s160000_k40_y0,1500,40000,160000,40,0,1,9999,NA,2699,0,9999,2699,0,0,0,40,0,true,NA,0,1,-185420,0,1,984,1000,false,false,none,false,true,true,true,true
148,h1500_e40000_s160000_k5_y0,1500,40000,160000,5,0,1,9999,NA,2699,0,9999,2699,0,0,0,40,0,true,NA,0,1,-185420,0,1,984,1000,false,false,none,false,true,true,true,true
149,h1000_e50000_s160000_k10_y0,1000,50000,160000,10,0,1,9999,NA,2695,0,9999,2695,0,0,0,40,0,true,NA,0,0,-54107,0,1,590,1000,false,false,none,false,true,true,true,true
150,h1000_e50000_s160000_k20_y0,1000,50000,160000,20,0,1,9999,NA,2695,0,9999,2695,0,0,0,40,0,true,NA,0,0,-54107,0,1,590,1000,false,false,none,false,true,true,true,true
151,h1000_e50000_s160000_k40_y0,1000,50000,160000,40,0,1,9999,NA,2695,0,9999,2695,0,0,0,40,0,true,NA,0,0,-54107,0,1,590,1000,false,false,none,false,true,true,true,true
152,h1000_e50000_s160000_k5_y0,1000,50000,160000,5,0,1,9999,NA,2695,0,9999,2695,0,0,0,40,0,true,NA,0,0,-54107,0,1,590,1000,false,false,none,false,true,true,true,true
153,h2000_e30000_s160000_k10_y0,2000,30000,160000,10,0,1,9998,NA,2660,0,9998,2660,0,0,0,40,0,true,NA,0,1,-635519,0,1,1457,1000,false,false,none,false,true,true,true,true
154,h2000_e30000_s160000_k20_y0,2000,30000,160000,20,0,1,9998,NA,2660,0,9998,2660,0,0,0,40,0,true,NA,0,1,-635519,0,1,1457,1000,false,false,none,false,true,true,true,true
155,h2000_e30000_s160000_k40_y0,2000,30000,160000,40,0,1,9998,NA,2660,0,9998,2660,0,0,0,40,0,true,NA,0,1,-635519,0,1,1457,1000,false,false,none,false,true,true,true,true
156,h2000_e30000_s160000_k5_y0,2000,30000,160000,5,0,1,9998,NA,2660,0,9998,2660,0,0,0,40,0,true,NA,0,1,-635519,0,1,1457,1000,false,false,none,false,true,true,true,true
157,h3000_e20000_s160000_k10_y0,3000,20000,160000,10,0,1,9984,NA,2653,0,9984,2653,0,0,0,40,0,true,NA,0,1,-2382587,0,1,2427,1002,false,false,none,false,true,true,true,true
158,h3000_e20000_s160000_k20_y0,3000,20000,160000,20,0,1,9984,NA,2653,0,9984,2653,0,0,0,40,0,true,NA,0,1,-2382587,0,1,2427,1002,false,false,none,false,true,true,true,true
159,h3000_e20000_s160000_k40_y0,3000,20000,160000,40,0,1,9984,NA,2653,0,9984,2653,0,0,0,40,0,true,NA,0,1,-2382587,0,1,2427,1002,false,false,none,false,true,true,true,true
160,h3000_e20000_s160000_k5_y0,3000,20000,160000,5,0,1,9984,NA,2653,0,9984,2653,0,0,0,40,0,true,NA,0,1,-2382587,0,1,2427,1002,false,false,none,false,true,true,true,true
161,h100_e100000_s160000_k10_y0,100,100000,160000,10,0,0,9999,NA,2653,0,9999,2653,0,0,0,40,0,true,NA,0,0,-144,0,0,34,1000,false,false,none,false,true,true,true,true
162,h100_e100000_s160000_k20_y0,100,100000,160000,20,0,0,9999,NA,2653,0,9999,2653,0,0,0,40,0,true,NA,0,0,-144,0,0,34,1000,false,false,none,false,true,true,true,true
163,h100_e100000_s160000_k40_y0,100,100000,160000,40,0,0,9999,NA,2653,0,9999,2653,0,0,0,40,0,true,NA,0,0,-144,0,0,34,1000,false,false,none,false,true,true,true,true
164,h100_e100000_s160000_k5_y0,100,100000,160000,5,0,0,9999,NA,2653,0,9999,2653,0,0,0,40,0,true,NA,0,0,-144,0,0,34,1000,false,false,none,false,true,true,true,true
165,h10000_e15000_s80000_k10_y0,10000,15000,80000,10,0,8,9934,NA,2648,0,9934,2648,0,0,0,40,0,true,NA,0,1,-5408086,0,1,8499,1035,false,false,none,false,true,true,true,true
166,h10000_e15000_s80000_k20_y0,10000,15000,80000,20,0,8,9934,NA,2648,0,9934,2648,0,0,0,40,0,true,NA,0,1,-5408086,0,1,8499,1035,false,false,none,false,true,true,true,true
167,h10000_e15000_s80000_k40_y0,10000,15000,80000,40,0,8,9934,NA,2648,0,9934,2648,0,0,0,40,0,true,NA,0,1,-5408086,0,1,8499,1035,false,false,none,false,true,true,true,true
168,h10000_e15000_s80000_k5_y0,10000,15000,80000,5,0,8,9934,NA,2648,0,9934,2648,0,0,0,40,0,true,NA,0,1,-5408086,0,1,8499,1035,false,false,none,false,true,true,true,true
169,h300_e70000_s160000_k10_y0,300,70000,160000,10,0,0,9999,NA,2625,0,9999,2625,0,0,0,40,0,true,NA,0,0,-4404,0,0,143,1000,false,false,none,false,true,true,true,true
170,h300_e70000_s160000_k20_y0,300,70000,160000,20,0,0,9999,NA,2625,0,9999,2625,0,0,0,40,0,true,NA,0,0,-4404,0,0,143,1000,false,false,none,false,true,true,true,true
171,h300_e70000_s160000_k40_y0,300,70000,160000,40,0,0,9999,NA,2625,0,9999,2625,0,0,0,40,0,true,NA,0,0,-4404,0,0,143,1000,false,false,none,false,true,true,true,true
172,h300_e70000_s160000_k5_y0,300,70000,160000,5,0,0,9999,NA,2625,0,9999,2625,0,0,0,40,0,true,NA,0,0,-4404,0,0,143,1000,false,false,none,false,true,true,true,true
173,h700_e50000_s160000_k10_y0,700,50000,160000,10,0,1,9999,NA,2612,0,9999,2612,0,0,0,40,0,true,NA,0,0,-48026,0,1,413,1000,false,false,none,false,true,true,true,true
174,h700_e50000_s160000_k20_y0,700,50000,160000,20,0,1,9999,NA,2612,0,9999,2612,0,0,0,40,0,true,NA,0,0,-48026,0,1,413,1000,false,false,none,false,true,true,true,true
175,h700_e50000_s160000_k40_y0,700,50000,160000,40,0,1,9999,NA,2612,0,9999,2612,0,0,0,40,0,true,NA,0,0,-48026,0,1,413,1000,false,false,none,false,true,true,true,true
176,h700_e50000_s160000_k5_y0,700,50000,160000,5,0,1,9999,NA,2612,0,9999,2612,0,0,0,40,0,true,NA,0,0,-48026,0,1,413,1000,false,false,none,false,true,true,true,true
177,h1000_e40000_s160000_k10_y0,1000,40000,160000,10,0,1,9999,NA,2581,0,9999,2581,0,0,0,40,0,true,NA,0,1,-158674,0,1,656,1000,false,false,none,false,true,true,true,true
178,h1000_e40000_s160000_k20_y0,1000,40000,160000,20,0,1,9999,NA,2581,0,9999,2581,0,0,0,40,0,true,NA,0,1,-158674,0,1,656,1000,false,false,none,false,true,true,true,true
179,h1000_e40000_s160000_k40_y0,1000,40000,160000,40,0,1,9999,NA,2581,0,9999,2581,0,0,0,40,0,true,NA,0,1,-158674,0,1,656,1000,false,false,none,false,true,true,true,true
180,h1000_e40000_s160000_k5_y0,1000,40000,160000,5,0,1,9999,NA,2581,0,9999,2581,0,0,0,40,0,true,NA,0,1,-158674,0,1,656,1000,false,false,none,false,true,true,true,true
181,h10000_e20000_s80000_k10_y0,10000,20000,80000,10,0,1,9984,NA,2569,0,9984,2569,0,0,0,40,0,true,NA,0,1,-2579808,0,1,8092,1006,false,false,none,false,true,true,true,true
182,h10000_e20000_s80000_k20_y0,10000,20000,80000,20,0,1,9984,NA,2569,0,9984,2569,0,0,0,40,0,true,NA,0,1,-2579808,0,1,8092,1006,false,false,none,false,true,true,true,true
183,h10000_e20000_s80000_k40_y0,10000,20000,80000,40,0,1,9984,NA,2569,0,9984,2569,0,0,0,40,0,true,NA,0,1,-2579808,0,1,8092,1006,false,false,none,false,true,true,true,true
184,h10000_e20000_s80000_k5_y0,10000,20000,80000,5,0,1,9984,NA,2569,0,9984,2569,0,0,0,40,0,true,NA,0,1,-2579808,0,1,8092,1006,false,false,none,false,true,true,true,true
185,h2000_e25000_s160000_k10_y0,2000,25000,160000,10,0,1,9996,NA,2562,0,9996,2562,0,0,0,40,0,true,NA,0,1,-1099573,0,1,1536,1000,false,false,none,false,true,true,true,true
186,h2000_e25000_s160000_k20_y0,2000,25000,160000,20,0,1,9996,NA,2562,0,9996,2562,0,0,0,40,0,true,NA,0,1,-1099573,0,1,1536,1000,false,false,none,false,true,true,true,true
187,h2000_e25000_s160000_k40_y0,2000,25000,160000,40,0,1,9996,NA,2562,0,9996,2562,0,0,0,40,0,true,NA,0,1,-1099573,0,1,1536,1000,false,false,none,false,true,true,true,true
188,h2000_e25000_s160000_k5_y0,2000,25000,160000,5,0,1,9996,NA,2562,0,9996,2562,0,0,0,40,0,true,NA,0,1,-1099573,0,1,1536,1000,false,false,none,false,true,true,true,true
189,h1500_e30000_s160000_k10_y0,1500,30000,160000,10,0,1,9999,NA,2549,0,9999,2549,0,0,0,40,0,true,NA,0,1,-552763,0,1,1093,1000,false,false,none,false,true,true,true,true
190,h1500_e30000_s160000_k20_y0,1500,30000,160000,20,0,1,9999,NA,2549,0,9999,2549,0,0,0,40,0,true,NA,0,1,-552763,0,1,1093,1000,false,false,none,false,true,true,true,true
191,h1500_e30000_s160000_k40_y0,1500,30000,160000,40,0,1,9999,NA,2549,0,9999,2549,0,0,0,40,0,true,NA,0,1,-552763,0,1,1093,1000,false,false,none,false,true,true,true,true
192,h1500_e30000_s160000_k5_y0,1500,30000,160000,5,0,1,9999,NA,2549,0,9999,2549,0,0,0,40,0,true,NA,0,1,-552763,0,1,1093,1000,false,false,none,false,true,true,true,true
193,h500_e50000_s160000_k10_y0,500,50000,160000,10,0,1,9999,NA,2535,0,9999,2535,0,0,0,40,0,true,NA,0,0,-40342,0,1,295,1000,false,false,none,false,true,true,true,true
194,h500_e50000_s160000_k20_y0,500,50000,160000,20,0,1,9999,NA,2535,0,9999,2535,0,0,0,40,0,true,NA,0,0,-40342,0,1,295,1000,false,false,none,false,true,true,true,true
195,h500_e50000_s160000_k40_y0,500,50000,160000,40,0,1,9999,NA,2535,0,9999,2535,0,0,0,40,0,true,NA,0,0,-40342,0,1,295,1000,false,false,none,false,true,true,true,true
196,h500_e50000_s160000_k5_y0,500,50000,160000,5,0,1,9999,NA,2535,0,9999,2535,0,0,0,40,0,true,NA,0,0,-40342,0,1,295,1000,false,false,none,false,true,true,true,true
197,h10000_e25000_s80000_k10_y0,10000,25000,80000,10,0,1,9996,NA,2529,0,9996,2529,0,0,0,40,0,true,NA,0,1,-1264485,0,1,7682,1001,false,false,none,false,true,true,true,true
198,h10000_e25000_s80000_k20_y0,10000,25000,80000,20,0,1,9996,NA,2529,0,9996,2529,0,0,0,40,0,true,NA,0,1,-1264485,0,1,7682,1001,false,false,none,false,true,true,true,true
199,h10000_e25000_s80000_k40_y0,10000,25000,80000,40,0,1,9996,NA,2529,0,9996,2529,0,0,0,40,0,true,NA,0,1,-1264485,0,1,7682,1001,false,false,none,false,true,true,true,true
200,h10000_e25000_s80000_k5_y0,10000,25000,80000,5,0,1,9996,NA,2529,0,9996,2529,0,0,0,40,0,true,NA,0,1,-1264485,0,1,7682,1001,false,false,none,false,true,true,true,true
201,h10000_e30000_s80000_k10_y0,10000,30000,80000,10,0,1,9999,NA,2502,0,9999,2502,0,0,0,40,0,true,NA,0,1,-633556,0,1,7289,1000,false,false,none,false,true,true,true,true
202,h10000_e30000_s80000_k20_y0,10000,30000,80000,20,0,1,9999,NA,2502,0,9999,2502,0,0,0,40,0,true,NA,0,1,-633556,0,1,7289,1000,false,false,none,false,true,true,true,true
203,h10000_e30000_s80000_k40_y0,10000,30000,80000,40,0,1,9999,NA,2502,0,9999,2502,0,0,0,40,0,true,NA,0,1,-633556,0,1,7289,1000,false,false,none,false,true,true,true,true
204,h10000_e30000_s80000_k5_y0,10000,30000,80000,5,0,1,9999,NA,2502,0,9999,2502,0,0,0,40,0,true,NA,0,1,-633556,0,1,7289,1000,false,false,none,false,true,true,true,true
205,h3000_e15000_s160000_k10_y0,3000,15000,160000,10,0,6,9951,NA,2497,0,9951,2497,0,0,0,40,0,true,NA,0,1,-4138577,0,1,2549,1010,false,false,none,false,true,true,true,true
206,h3000_e15000_s160000_k20_y0,3000,15000,160000,20,0,6,9951,NA,2497,0,9951,2497,0,0,0,40,0,true,NA,0,1,-4138577,0,1,2549,1010,false,false,none,false,true,true,true,true
207,h3000_e15000_s160000_k40_y0,3000,15000,160000,40,0,6,9951,NA,2497,0,9951,2497,0,0,0,40,0,true,NA,0,1,-4138577,0,1,2549,1010,false,false,none,false,true,true,true,true
208,h3000_e15000_s160000_k5_y0,3000,15000,160000,5,0,6,9951,NA,2497,0,9951,2497,0,0,0,40,0,true,NA,0,1,-4138577,0,1,2549,1010,false,false,none,false,true,true,true,true
209,h700_e40000_s160000_k10_y0,700,40000,160000,10,0,1,9999,NA,2480,0,9999,2480,0,0,0,40,0,true,NA,0,1,-129624,0,1,459,1000,false,false,none,false,true,true,true,true
210,h700_e40000_s160000_k20_y0,700,40000,160000,20,0,1,9999,NA,2480,0,9999,2480,0,0,0,40,0,true,NA,0,1,-129624,0,1,459,1000,false,false,none,false,true,true,true,true
211,h700_e40000_s160000_k40_y0,700,40000,160000,40,0,1,9999,NA,2480,0,9999,2480,0,0,0,40,0,true,NA,0,1,-129624,0,1,459,1000,false,false,none,false,true,true,true,true
212,h700_e40000_s160000_k5_y0,700,40000,160000,5,0,1,9999,NA,2480,0,9999,2480,0,0,0,40,0,true,NA,0,1,-129624,0,1,459,1000,false,false,none,false,true,true,true,true
213,h10000_e40000_s80000_k10_y0,10000,40000,80000,10,0,1,9999,NA,2471,0,9999,2471,0,0,0,40,0,true,NA,0,1,-166940,0,1,6560,1000,false,false,none,false,true,true,true,true
214,h10000_e40000_s80000_k20_y0,10000,40000,80000,20,0,1,9999,NA,2471,0,9999,2471,0,0,0,40,0,true,NA,0,1,-166940,0,1,6560,1000,false,false,none,false,true,true,true,true
215,h10000_e40000_s80000_k40_y0,10000,40000,80000,40,0,1,9999,NA,2471,0,9999,2471,0,0,0,40,0,true,NA,0,1,-166940,0,1,6560,1000,false,false,none,false,true,true,true,true
216,h10000_e40000_s80000_k5_y0,10000,40000,80000,5,0,1,9999,NA,2471,0,9999,2471,0,0,0,40,0,true,NA,0,1,-166940,0,1,6560,1000,false,false,none,false,true,true,true,true
217,h10000_e50000_s80000_k10_y0,10000,50000,80000,10,0,1,9999,NA,2452,0,9999,2452,0,0,0,40,0,true,NA,0,0,-45894,0,0,5904,1000,false,false,none,false,true,true,true,true
218,h10000_e50000_s80000_k20_y0,10000,50000,80000,20,0,1,9999,NA,2452,0,9999,2452,0,0,0,40,0,true,NA,0,0,-45894,0,0,5904,1000,false,false,none,false,true,true,true,true
219,h10000_e50000_s80000_k40_y0,10000,50000,80000,40,0,1,9999,NA,2452,0,9999,2452,0,0,0,40,0,true,NA,0,0,-45894,0,0,5904,1000,false,false,none,false,true,true,true,true
220,h10000_e50000_s80000_k5_y0,10000,50000,80000,5,0,1,9999,NA,2452,0,9999,2452,0,0,0,40,0,true,NA,0,0,-45894,0,0,5904,1000,false,false,none,false,true,true,true,true
221,h100_e70000_s160000_k10_y0,100,70000,160000,10,0,0,9999,NA,2449,0,9999,2449,0,0,0,40,0,true,NA,0,0,-2114,0,0,47,1000,false,false,none,false,true,true,true,true
222,h100_e70000_s160000_k20_y0,100,70000,160000,20,0,0,9999,NA,2449,0,9999,2449,0,0,0,40,0,true,NA,0,0,-2114,0,0,47,1000,false,false,none,false,true,true,true,true
223,h100_e70000_s160000_k40_y0,100,70000,160000,40,0,0,9999,NA,2449,0,9999,2449,0,0,0,40,0,true,NA,0,0,-2114,0,0,47,1000,false,false,none,false,true,true,true,true
224,h100_e70000_s160000_k5_y0,100,70000,160000,5,0,0,9999,NA,2449,0,9999,2449,0,0,0,40,0,true,NA,0,0,-2114,0,0,47,1000,false,false,none,false,true,true,true,true
225,h1500_e25000_s160000_k10_y0,1500,25000,160000,10,0,1,9997,NA,2432,0,9997,2432,0,0,0,40,0,true,NA,0,1,-922083,0,1,1152,1000,false,false,none,false,true,true,true,true
226,h1500_e25000_s160000_k20_y0,1500,25000,160000,20,0,1,9997,NA,2432,0,9997,2432,0,0,0,40,0,true,NA,0,1,-922083,0,1,1152,1000,false,false,none,false,true,true,true,true
227,h1500_e25000_s160000_k40_y0,1500,25000,160000,40,0,1,9997,NA,2432,0,9997,2432,0,0,0,40,0,true,NA,0,1,-922083,0,1,1152,1000,false,false,none,false,true,true,true,true
228,h1500_e25000_s160000_k5_y0,1500,25000,160000,5,0,1,9997,NA,2432,0,9997,2432,0,0,0,40,0,true,NA,0,1,-922083,0,1,1152,1000,false,false,none,false,true,true,true,true
229,h10000_e70000_s80000_k10_y0,10000,70000,80000,10,0,0,9999,NA,2432,0,9999,2432,0,0,0,40,0,true,NA,0,0,-3667,0,0,4782,1000,false,false,none,false,true,true,true,true
230,h10000_e70000_s80000_k20_y0,10000,70000,80000,20,0,0,9999,NA,2432,0,9999,2432,0,0,0,40,0,true,NA,0,0,-3667,0,0,4782,1000,false,false,none,false,true,true,true,true
231,h10000_e70000_s80000_k40_y0,10000,70000,80000,40,0,0,9999,NA,2432,0,9999,2432,0,0,0,40,0,true,NA,0,0,-3667,0,0,4782,1000,false,false,none,false,true,true,true,true
232,h10000_e70000_s80000_k5_y0,10000,70000,80000,5,0,0,9999,NA,2432,0,9999,2432,0,0,0,40,0,true,NA,0,0,-3667,0,0,4782,1000,false,false,none,false,true,true,true,true
233,h300_e50000_s160000_k10_y0,300,50000,160000,10,0,1,9999,NA,2422,0,9999,2422,0,0,0,40,0,true,NA,0,0,-28553,0,1,177,1000,false,false,none,false,true,true,true,true
234,h300_e50000_s160000_k20_y0,300,50000,160000,20,0,1,9999,NA,2422,0,9999,2422,0,0,0,40,0,true,NA,0,0,-28553,0,1,177,1000,false,false,none,false,true,true,true,true
235,h300_e50000_s160000_k40_y0,300,50000,160000,40,0,1,9999,NA,2422,0,9999,2422,0,0,0,40,0,true,NA,0,0,-28553,0,1,177,1000,false,false,none,false,true,true,true,true
236,h300_e50000_s160000_k5_y0,300,50000,160000,5,0,1,9999,NA,2422,0,9999,2422,0,0,0,40,0,true,NA,0,0,-28553,0,1,177,1000,false,false,none,false,true,true,true,true
237,h2000_e20000_s160000_k10_y0,2000,20000,160000,10,0,1,9989,NA,2418,0,9989,2418,0,0,0,40,0,true,NA,0,1,-1856158,0,1,1618,1001,false,false,none,false,true,true,true,true
238,h2000_e20000_s160000_k20_y0,2000,20000,160000,20,0,1,9989,NA,2418,0,9989,2418,0,0,0,40,0,true,NA,0,1,-1856158,0,1,1618,1001,false,false,none,false,true,true,true,true
239,h2000_e20000_s160000_k40_y0,2000,20000,160000,40,0,1,9989,NA,2418,0,9989,2418,0,0,0,40,0,true,NA,0,1,-1856158,0,1,1618,1001,false,false,none,false,true,true,true,true
240,h2000_e20000_s160000_k5_y0,2000,20000,160000,5,0,1,9989,NA,2418,0,9989,2418,0,0,0,40,0,true,NA,0,1,-1856158,0,1,1618,1001,false,false,none,false,true,true,true,true
241,h10000_e100000_s80000_k10_y0,10000,100000,80000,10,0,0,9999,NA,2417,0,9999,2417,0,0,0,40,0,true,NA,0,0,-84,0,0,3486,1000,false,false,none,false,true,true,true,true
242,h10000_e100000_s80000_k20_y0,10000,100000,80000,20,0,0,9999,NA,2417,0,9999,2417,0,0,0,40,0,true,NA,0,0,-84,0,0,3486,1000,false,false,none,false,true,true,true,true
243,h10000_e100000_s80000_k40_y0,10000,100000,80000,40,0,0,9999,NA,2417,0,9999,2417,0,0,0,40,0,true,NA,0,0,-84,0,0,3486,1000,false,false,none,false,true,true,true,true
244,h10000_e100000_s80000_k5_y0,10000,100000,80000,5,0,0,9999,NA,2417,0,9999,2417,0,0,0,40,0,true,NA,0,0,-84,0,0,3486,1000,false,false,none,false,true,true,true,true
245,h1000_e30000_s160000_k10_y0,1000,30000,160000,10,0,1,9999,NA,2399,0,9999,2399,0,0,0,40,0,true,NA,0,1,-429292,0,1,728,1000,false,false,none,false,true,true,true,true
246,h1000_e30000_s160000_k20_y0,1000,30000,160000,20,0,1,9999,NA,2399,0,9999,2399,0,0,0,40,0,true,NA,0,1,-429292,0,1,728,1000,false,false,none,false,true,true,true,true
247,h1000_e30000_s160000_k40_y0,1000,30000,160000,40,0,1,9999,NA,2399,0,9999,2399,0,0,0,40,0,true,NA,0,1,-429292,0,1,728,1000,false,false,none,false,true,true,true,true
248,h1000_e30000_s160000_k5_y0,1000,30000,160000,5,0,1,9999,NA,2399,0,9999,2399,0,0,0,40,0,true,NA,0,1,-429292,0,1,728,1000,false,false,none,false,true,true,true,true
249,h500_e40000_s160000_k10_y0,500,40000,160000,10,0,1,9999,NA,2389,0,9999,2389,0,0,0,40,0,true,NA,0,1,-102831,0,1,328,1000,false,false,none,false,true,true,true,true
250,h500_e40000_s160000_k20_y0,500,40000,160000,20,0,1,9999,NA,2389,0,9999,2389,0,0,0,40,0,true,NA,0,1,-102831,0,1,328,1000,false,false,none,false,true,true,true,true
251,h500_e40000_s160000_k40_y0,500,40000,160000,40,0,1,9999,NA,2389,0,9999,2389,0,0,0,40,0,true,NA,0,1,-102831,0,1,328,1000,false,false,none,false,true,true,true,true
252,h500_e40000_s160000_k5_y0,500,40000,160000,5,0,1,9999,NA,2389,0,9999,2389,0,0,0,40,0,true,NA,0,1,-102831,0,1,328,1000,false,false,none,false,true,true,true,true
253,h3000_e10000_s160000_k10_y0,3000,10000,160000,10,0,47,9834,NA,2370,0,9834,2370,0,0,0,40,0,true,1000000,1,10,-7000475,0,9,2633,1060,false,false,none,false,true,true,true,true
254,h3000_e10000_s160000_k20_y0,3000,10000,160000,20,0,47,9834,NA,2370,0,9834,2370,0,0,0,40,0,true,1000000,1,10,-7000475,0,9,2633,1060,false,false,none,false,true,true,true,true
255,h3000_e10000_s160000_k40_y0,3000,10000,160000,40,0,47,9834,NA,2370,0,9834,2370,0,0,0,40,0,true,1000000,1,10,-7000475,0,9,2633,1060,false,false,none,false,true,true,true,true
256,h3000_e10000_s160000_k5_y0,3000,10000,160000,5,0,47,9834,NA,2370,0,9834,2370,0,0,0,40,0,true,1000000,1,10,-7000475,0,9,2633,1060,false,false,none,false,true,true,true,true
257,h5000_e100000_s80000_k10_y0,5000,100000,80000,10,0,0,9999,NA,2342,0,9999,2342,0,0,0,40,0,true,NA,0,0,-49,0,0,1743,1000,false,false,none,false,true,true,true,true
258,h5000_e100000_s80000_k20_y0,5000,100000,80000,20,0,0,9999,NA,2342,0,9999,2342,0,0,0,40,0,true,NA,0,0,-49,0,0,1743,1000,false,false,none,false,true,true,true,true
259,h5000_e100000_s80000_k40_y0,5000,100000,80000,40,0,0,9999,NA,2342,0,9999,2342,0,0,0,40,0,true,NA,0,0,-49,0,0,1743,1000,false,false,none,false,true,true,true,true
260,h5000_e100000_s80000_k5_y0,5000,100000,80000,5,0,0,9999,NA,2342,0,9999,2342,0,0,0,40,0,true,NA,0,0,-49,0,0,1743,1000,false,false,none,false,true,true,true,true
261,h5000_e70000_s80000_k10_y0,5000,70000,80000,10,0,0,9999,NA,2327,0,9999,2327,0,0,0,40,0,true,NA,0,0,-2326,0,0,2391,1000,false,false,none,false,true,true,true,true
262,h5000_e70000_s80000_k20_y0,5000,70000,80000,20,0,0,9999,NA,2327,0,9999,2327,0,0,0,40,0,true,NA,0,0,-2326,0,0,2391,1000,false,false,none,false,true,true,true,true
263,h5000_e70000_s80000_k40_y0,5000,70000,80000,40,0,0,9999,NA,2327,0,9999,2327,0,0,0,40,0,true,NA,0,0,-2326,0,0,2391,1000,false,false,none,false,true,true,true,true
264,h5000_e70000_s80000_k5_y0,5000,70000,80000,5,0,0,9999,NA,2327,0,9999,2327,0,0,0,40,0,true,NA,0,0,-2326,0,0,2391,1000,false,false,none,false,true,true,true,true
265,h5000_e50000_s80000_k10_y0,5000,50000,80000,10,0,1,9999,NA,2304,0,9999,2304,0,0,0,40,0,true,NA,0,0,-30798,0,0,2952,1000,false,false,none,false,true,true,true,true
266,h5000_e50000_s80000_k20_y0,5000,50000,80000,20,0,1,9999,NA,2304,0,9999,2304,0,0,0,40,0,true,NA,0,0,-30798,0,0,2952,1000,false,false,none,false,true,true,true,true
267,h5000_e50000_s80000_k40_y0,5000,50000,80000,40,0,1,9999,NA,2304,0,9999,2304,0,0,0,40,0,true,NA,0,0,-30798,0,0,2952,1000,false,false,none,false,true,true,true,true
268,h5000_e50000_s80000_k5_y0,5000,50000,80000,5,0,1,9999,NA,2304,0,9999,2304,0,0,0,40,0,true,NA,0,0,-30798,0,0,2952,1000,false,false,none,false,true,true,true,true
269,h3000_e100000_s80000_k10_y0,3000,100000,80000,10,0,0,9999,NA,2289,0,9999,2289,0,0,0,40,0,true,NA,0,0,-31,0,0,1046,1000,false,false,none,false,true,true,true,true
270,h3000_e100000_s80000_k20_y0,3000,100000,80000,20,0,0,9999,NA,2289,0,9999,2289,0,0,0,40,0,true,NA,0,0,-31,0,0,1046,1000,false,false,none,false,true,true,true,true
271,h3000_e100000_s80000_k40_y0,3000,100000,80000,40,0,0,9999,NA,2289,0,9999,2289,0,0,0,40,0,true,NA,0,0,-31,0,0,1046,1000,false,false,none,false,true,true,true,true
272,h3000_e100000_s80000_k5_y0,3000,100000,80000,5,0,0,9999,NA,2289,0,9999,2289,0,0,0,40,0,true,NA,0,0,-31,0,0,1046,1000,false,false,none,false,true,true,true,true
273,h5000_e40000_s80000_k10_y0,5000,40000,80000,10,0,1,9999,NA,2284,0,9999,2284,0,0,0,40,0,true,NA,0,1,-113563,0,1,3280,1000,false,false,none,false,true,true,true,true
274,h5000_e40000_s80000_k20_y0,5000,40000,80000,20,0,1,9999,NA,2284,0,9999,2284,0,0,0,40,0,true,NA,0,1,-113563,0,1,3280,1000,false,false,none,false,true,true,true,true
275,h5000_e40000_s80000_k40_y0,5000,40000,80000,40,0,1,9999,NA,2284,0,9999,2284,0,0,0,40,0,true,NA,0,1,-113563,0,1,3280,1000,false,false,none,false,true,true,true,true
276,h5000_e40000_s80000_k5_y0,5000,40000,80000,5,0,1,9999,NA,2284,0,9999,2284,0,0,0,40,0,true,NA,0,1,-113563,0,1,3280,1000,false,false,none,false,true,true,true,true
277,h700_e30000_s160000_k10_y0,700,30000,160000,10,0,1,9999,NA,2272,0,9999,2272,0,0,0,40,0,true,NA,0,1,-330087,0,1,510,1000,false,false,none,false,true,true,true,true
278,h700_e30000_s160000_k20_y0,700,30000,160000,20,0,1,9999,NA,2272,0,9999,2272,0,0,0,40,0,true,NA,0,1,-330087,0,1,510,1000,false,false,none,false,true,true,true,true
279,h700_e30000_s160000_k40_y0,700,30000,160000,40,0,1,9999,NA,2272,0,9999,2272,0,0,0,40,0,true,NA,0,1,-330087,0,1,510,1000,false,false,none,false,true,true,true,true
280,h700_e30000_s160000_k5_y0,700,30000,160000,5,0,1,9999,NA,2272,0,9999,2272,0,0,0,40,0,true,NA,0,1,-330087,0,1,510,1000,false,false,none,false,true,true,true,true
281,h1500_e20000_s160000_k10_y0,1500,20000,160000,10,0,1,9992,NA,2263,0,9992,2263,0,0,0,40,0,true,NA,0,1,-1509108,0,1,1213,1001,false,false,none,false,true,true,true,true
282,h1500_e20000_s160000_k20_y0,1500,20000,160000,20,0,1,9992,NA,2263,0,9992,2263,0,0,0,40,0,true,NA,0,1,-1509108,0,1,1213,1001,false,false,none,false,true,true,true,true
283,h1500_e20000_s160000_k40_y0,1500,20000,160000,40,0,1,9992,NA,2263,0,9992,2263,0,0,0,40,0,true,NA,0,1,-1509108,0,1,1213,1001,false,false,none,false,true,true,true,true
284,h1500_e20000_s160000_k5_y0,1500,20000,160000,5,0,1,9992,NA,2263,0,9992,2263,0,0,0,40,0,true,NA,0,1,-1509108,0,1,1213,1001,false,false,none,false,true,true,true,true
285,h1000_e25000_s160000_k10_y0,1000,25000,160000,10,0,1,9998,NA,2258,0,9998,2258,0,0,0,40,0,true,NA,0,1,-689442,0,1,768,1000,false,false,none,false,true,true,true,true
286,h1000_e25000_s160000_k20_y0,1000,25000,160000,20,0,1,9998,NA,2258,0,9998,2258,0,0,0,40,0,true,NA,0,1,-689442,0,1,768,1000,false,false,none,false,true,true,true,true
287,h1000_e25000_s160000_k40_y0,1000,25000,160000,40,0,1,9998,NA,2258,0,9998,2258,0,0,0,40,0,true,NA,0,1,-689442,0,1,768,1000,false,false,none,false,true,true,true,true
288,h1000_e25000_s160000_k5_y0,1000,25000,160000,5,0,1,9998,NA,2258,0,9998,2258,0,0,0,40,0,true,NA,0,1,-689442,0,1,768,1000,false,false,none,false,true,true,true,true
289,h300_e40000_s160000_k10_y0,300,40000,160000,10,0,1,9999,NA,2255,0,9999,2255,0,0,0,40,0,true,NA,0,1,-68638,0,1,196,1000,false,false,none,false,true,true,true,true
290,h300_e40000_s160000_k20_y0,300,40000,160000,20,0,1,9999,NA,2255,0,9999,2255,0,0,0,40,0,true,NA,0,1,-68638,0,1,196,1000,false,false,none,false,true,true,true,true
291,h300_e40000_s160000_k40_y0,300,40000,160000,40,0,1,9999,NA,2255,0,9999,2255,0,0,0,40,0,true,NA,0,1,-68638,0,1,196,1000,false,false,none,false,true,true,true,true
292,h300_e40000_s160000_k5_y0,300,40000,160000,5,0,1,9999,NA,2255,0,9999,2255,0,0,0,40,0,true,NA,0,1,-68638,0,1,196,1000,false,false,none,false,true,true,true,true
293,h5000_e30000_s80000_k10_y0,5000,30000,80000,10,0,1,9999,NA,2251,0,9999,2251,0,0,0,40,0,true,NA,0,1,-427724,0,1,3644,1000,false,false,none,false,true,true,true,true
294,h5000_e30000_s80000_k20_y0,5000,30000,80000,20,0,1,9999,NA,2251,0,9999,2251,0,0,0,40,0,true,NA,0,1,-427724,0,1,3644,1000,false,false,none,false,true,true,true,true
295,h5000_e30000_s80000_k40_y0,5000,30000,80000,40,0,1,9999,NA,2251,0,9999,2251,0,0,0,40,0,true,NA,0,1,-427724,0,1,3644,1000,false,false,none,false,true,true,true,true
296,h5000_e30000_s80000_k5_y0,5000,30000,80000,5,0,1,9999,NA,2251,0,9999,2251,0,0,0,40,0,true,NA,0,1,-427724,0,1,3644,1000,false,false,none,false,true,true,true,true
297,h3000_e70000_s80000_k10_y0,3000,70000,80000,10,0,0,9999,NA,2250,0,9999,2250,0,0,0,40,0,true,NA,0,0,-1537,0,0,1434,1000,false,false,none,false,true,true,true,true
298,h3000_e70000_s80000_k20_y0,3000,70000,80000,20,0,0,9999,NA,2250,0,9999,2250,0,0,0,40,0,true,NA,0,0,-1537,0,0,1434,1000,false,false,none,false,true,true,true,true
299,h3000_e70000_s80000_k40_y0,3000,70000,80000,40,0,0,9999,NA,2250,0,9999,2250,0,0,0,40,0,true,NA,0,0,-1537,0,0,1434,1000,false,false,none,false,true,true,true,true
300,h3000_e70000_s80000_k5_y0,3000,70000,80000,5,0,0,9999,NA,2250,0,9999,2250,0,0,0,40,0,true,NA,0,0,-1537,0,0,1434,1000,false,false,none,false,true,true,true,true
301,h2000_e100000_s80000_k10_y0,2000,100000,80000,10,0,0,9999,NA,2247,0,9999,2247,0,0,0,40,0,true,NA,0,0,-22,0,0,697,1000,false,false,none,false,true,true,true,true
302,h2000_e100000_s80000_k20_y0,2000,100000,80000,20,0,0,9999,NA,2247,0,9999,2247,0,0,0,40,0,true,NA,0,0,-22,0,0,697,1000,false,false,none,false,true,true,true,true
303,h2000_e100000_s80000_k40_y0,2000,100000,80000,40,0,0,9999,NA,2247,0,9999,2247,0,0,0,40,0,true,NA,0,0,-22,0,0,697,1000,false,false,none,false,true,true,true,true
304,h2000_e100000_s80000_k5_y0,2000,100000,80000,5,0,0,9999,NA,2247,0,9999,2247,0,0,0,40,0,true,NA,0,0,-22,0,0,697,1000,false,false,none,false,true,true,true,true
305,h5000_e25000_s80000_k10_y0,5000,25000,80000,10,0,1,9998,NA,2225,0,9998,2225,0,0,0,40,0,true,NA,0,1,-840395,0,1,3841,1000,false,false,none,false,true,true,true,true
306,h5000_e25000_s80000_k20_y0,5000,25000,80000,20,0,1,9998,NA,2225,0,9998,2225,0,0,0,40,0,true,NA,0,1,-840395,0,1,3841,1000,false,false,none,false,true,true,true,true
307,h5000_e25000_s80000_k40_y0,5000,25000,80000,40,0,1,9998,NA,2225,0,9998,2225,0,0,0,40,0,true,NA,0,1,-840395,0,1,3841,1000,false,false,none,false,true,true,true,true
308,h5000_e25000_s80000_k5_y0,5000,25000,80000,5,0,1,9998,NA,2225,0,9998,2225,0,0,0,40,0,true,NA,0,1,-840395,0,1,3841,1000,false,false,none,false,true,true,true,true
309,h2000_e15000_s160000_k10_y0,2000,15000,160000,10,0,4,9967,NA,2221,0,9967,2221,0,0,0,40,0,true,NA,0,1,-3066997,0,1,1699,1007,false,false,none,false,true,true,true,true
310,h2000_e15000_s160000_k20_y0,2000,15000,160000,20,0,4,9967,NA,2221,0,9967,2221,0,0,0,40,0,true,NA,0,1,-3066997,0,1,1699,1007,false,false,none,false,true,true,true,true
311,h2000_e15000_s160000_k40_y0,2000,15000,160000,40,0,4,9967,NA,2221,0,9967,2221,0,0,0,40,0,true,NA,0,1,-3066997,0,1,1699,1007,false,false,none,false,true,true,true,true
312,h2000_e15000_s160000_k5_y0,2000,15000,160000,5,0,4,9967,NA,2221,0,9967,2221,0,0,0,40,0,true,NA,0,1,-3066997,0,1,1699,1007,false,false,none,false,true,true,true,true
313,h1500_e100000_s80000_k10_y0,1500,100000,80000,10,0,0,9999,NA,2219,0,9999,2219,0,0,0,40,0,true,NA,0,0,-17,0,0,523,1000,false,false,none,false,true,true,true,true
314,h1500_e100000_s80000_k20_y0,1500,100000,80000,20,0,0,9999,NA,2219,0,9999,2219,0,0,0,40,0,true,NA,0,0,-17,0,0,523,1000,false,false,none,false,true,true,true,true
315,h1500_e100000_s80000_k40_y0,1500,100000,80000,40,0,0,9999,NA,2219,0,9999,2219,0,0,0,40,0,true,NA,0,0,-17,0,0,523,1000,false,false,none,false,true,true,true,true
316,h1500_e100000_s80000_k5_y0,1500,100000,80000,5,0,0,9999,NA,2219,0,9999,2219,0,0,0,40,0,true,NA,0,0,-17,0,0,523,1000,false,false,none,false,true,true,true,true
317,h3000_e50000_s80000_k10_y0,3000,50000,80000,10,0,1,9999,NA,2199,0,9999,2199,0,0,0,40,0,true,NA,0,0,-20854,0,0,1771,1000,false,false,none,false,true,true,true,true
318,h3000_e50000_s80000_k20_y0,3000,50000,80000,20,0,1,9999,NA,2199,0,9999,2199,0,0,0,40,0,true,NA,0,0,-20854,0,0,1771,1000,false,false,none,false,true,true,true,true
319,h3000_e50000_s80000_k40_y0,3000,50000,80000,40,0,1,9999,NA,2199,0,9999,2199,0,0,0,40,0,true,NA,0,0,-20854,0,0,1771,1000,false,false,none,false,true,true,true,true
320,h3000_e50000_s80000_k5_y0,3000,50000,80000,5,0,1,9999,NA,2199,0,9999,2199,0,0,0,40,0,true,NA,0,0,-20854,0,0,1771,1000,false,false,none,false,true,true,true,true
321,h100_e50000_s160000_k10_y0,100,50000,160000,10,0,1,9999,NA,2195,0,9999,2195,0,0,0,40,0,true,NA,0,0,-11265,0,0,59,1000,false,false,none,false,true,true,true,true
322,h100_e50000_s160000_k20_y0,100,50000,160000,20,0,1,9999,NA,2195,0,9999,2195,0,0,0,40,0,true,NA,0,0,-11265,0,0,59,1000,false,false,none,false,true,true,true,true
323,h100_e50000_s160000_k40_y0,100,50000,160000,40,0,1,9999,NA,2195,0,9999,2195,0,0,0,40,0,true,NA,0,0,-11265,0,0,59,1000,false,false,none,false,true,true,true,true
324,h100_e50000_s160000_k5_y0,100,50000,160000,5,0,1,9999,NA,2195,0,9999,2195,0,0,0,40,0,true,NA,0,0,-11265,0,0,59,1000,false,false,none,false,true,true,true,true
325,h2000_e70000_s80000_k10_y0,2000,70000,80000,10,0,0,9999,NA,2192,0,9999,2192,0,0,0,40,0,true,NA,0,0,-1076,0,0,956,1000,false,false,none,false,true,true,true,true
326,h2000_e70000_s80000_k20_y0,2000,70000,80000,20,0,0,9999,NA,2192,0,9999,2192,0,0,0,40,0,true,NA,0,0,-1076,0,0,956,1000,false,false,none,false,true,true,true,true
327,h2000_e70000_s80000_k40_y0,2000,70000,80000,40,0,0,9999,NA,2192,0,9999,2192,0,0,0,40,0,true,NA,0,0,-1076,0,0,956,1000,false,false,none,false,true,true,true,true
328,h2000_e70000_s80000_k5_y0,2000,70000,80000,5,0,0,9999,NA,2192,0,9999,2192,0,0,0,40,0,true,NA,0,0,-1076,0,0,956,1000,false,false,none,false,true,true,true,true
329,h5000_e20000_s80000_k10_y0,5000,20000,80000,10,0,1,9992,NA,2187,0,9992,2187,0,0,0,40,0,true,NA,0,1,-1670114,0,1,4046,1003,false,false,none,false,true,true,true,true
330,h5000_e20000_s80000_k20_y0,5000,20000,80000,20,0,1,9992,NA,2187,0,9992,2187,0,0,0,40,0,true,NA,0,1,-1670114,0,1,4046,1003,false,false,none,false,true,true,true,true
331,h5000_e20000_s80000_k40_y0,5000,20000,80000,40,0,1,9992,NA,2187,0,9992,2187,0,0,0,40,0,true,NA,0,1,-1670114,0,1,4046,1003,false,false,none,false,true,true,true,true
332,h5000_e20000_s80000_k5_y0,5000,20000,80000,5,0,1,9992,NA,2187,0,9992,2187,0,0,0,40,0,true,NA,0,1,-1670114,0,1,4046,1003,false,false,none,false,true,true,true,true
333,h1000_e100000_s80000_k10_y0,1000,100000,80000,10,0,0,9999,NA,2178,0,9999,2178,0,0,0,40,0,true,NA,0,0,-11,0,0,348,1000,false,false,none,false,true,true,true,true
334,h1000_e100000_s80000_k20_y0,1000,100000,80000,20,0,0,9999,NA,2178,0,9999,2178,0,0,0,40,0,true,NA,0,0,-11,0,0,348,1000,false,false,none,false,true,true,true,true
335,h1000_e100000_s80000_k40_y0,1000,100000,80000,40,0,0,9999,NA,2178,0,9999,2178,0,0,0,40,0,true,NA,0,0,-11,0,0,348,1000,false,false,none,false,true,true,true,true
336,h1000_e100000_s80000_k5_y0,1000,100000,80000,5,0,0,9999,NA,2178,0,9999,2178,0,0,0,40,0,true,NA,0,0,-11,0,0,348,1000,false,false,none,false,true,true,true,true
337,h5000_e15000_s80000_k10_y0,5000,15000,80000,10,0,4,9966,NA,2163,0,9966,2163,0,0,0,40,0,true,NA,0,1,-3367325,0,1,4249,1017,false,false,none,false,true,true,true,true
338,h5000_e15000_s80000_k20_y0,5000,15000,80000,20,0,4,9966,NA,2163,0,9966,2163,0,0,0,40,0,true,NA,0,1,-3367325,0,1,4249,1017,false,false,none,false,true,true,true,true
339,h5000_e15000_s80000_k40_y0,5000,15000,80000,40,0,4,9966,NA,2163,0,9966,2163,0,0,0,40,0,true,NA,0,1,-3367325,0,1,4249,1017,false,false,none,false,true,true,true,true
340,h5000_e15000_s80000_k5_y0,5000,15000,80000,5,0,4,9966,NA,2163,0,9966,2163,0,0,0,40,0,true,NA,0,1,-3367325,0,1,4249,1017,false,false,none,false,true,true,true,true
341,h500_e30000_s160000_k10_y0,500,30000,160000,10,0,1,9999,NA,2159,0,9999,2159,0,0,0,40,0,true,NA,0,1,-251245,0,1,364,1000,false,false,none,false,true,true,true,true
342,h500_e30000_s160000_k20_y0,500,30000,160000,20,0,1,9999,NA,2159,0,9999,2159,0,0,0,40,0,true,NA,0,1,-251245,0,1,364,1000,false,false,none,false,true,true,true,true
343,h500_e30000_s160000_k40_y0,500,30000,160000,40,0,1,9999,NA,2159,0,9999,2159,0,0,0,40,0,true,NA,0,1,-251245,0,1,364,1000,false,false,none,false,true,true,true,true
344,h500_e30000_s160000_k5_y0,500,30000,160000,5,0,1,9999,NA,2159,0,9999,2159,0,0,0,40,0,true,NA,0,1,-251245,0,1,364,1000,false,false,none,false,true,true,true,true
345,h3000_e40000_s80000_k10_y0,3000,40000,80000,10,0,1,9999,NA,2154,0,9999,2154,0,0,0,40,0,true,NA,0,1,-77417,0,1,1968,1000,false,false,none,false,true,true,true,true
346,h3000_e40000_s80000_k20_y0,3000,40000,80000,20,0,1,9999,NA,2154,0,9999,2154,0,0,0,40,0,true,NA,0,1,-77417,0,1,1968,1000,false,false,none,false,true,true,true,true
347,h3000_e40000_s80000_k40_y0,3000,40000,80000,40,0,1,9999,NA,2154,0,9999,2154,0,0,0,40,0,true,NA,0,1,-77417,0,1,1968,1000,false,false,none,false,true,true,true,true
348,h3000_e40000_s80000_k5_y0,3000,40000,80000,5,0,1,9999,NA,2154,0,9999,2154,0,0,0,40,0,true,NA,0,1,-77417,0,1,1968,1000,false,false,none,false,true,true,true,true
349,h1500_e70000_s80000_k10_y0,1500,70000,80000,10,0,0,9999,NA,2151,0,9999,2151,0,0,0,40,0,true,NA,0,0,-827,0,0,717,1000,false,false,none,false,true,true,true,true
350,h1500_e70000_s80000_k20_y0,1500,70000,80000,20,0,0,9999,NA,2151,0,9999,2151,0,0,0,40,0,true,NA,0,0,-827,0,0,717,1000,false,false,none,false,true,true,true,true
351,h1500_e70000_s80000_k40_y0,1500,70000,80000,40,0,0,9999,NA,2151,0,9999,2151,0,0,0,40,0,true,NA,0,0,-827,0,0,717,1000,false,false,none,false,true,true,true,true
352,h1500_e70000_s80000_k5_y0,1500,70000,80000,5,0,0,9999,NA,2151,0,9999,2151,0,0,0,40,0,true,NA,0,0,-827,0,0,717,1000,false,false,none,false,true,true,true,true
353,h700_e100000_s80000_k10_y0,700,100000,80000,10,0,0,9999,NA,2143,0,9999,2143,0,0,0,40,0,true,NA,0,0,-8,0,0,244,1000,false,false,none,false,true,true,true,true
354,h700_e100000_s80000_k20_y0,700,100000,80000,20,0,0,9999,NA,2143,0,9999,2143,0,0,0,40,0,true,NA,0,0,-8,0,0,244,1000,false,false,none,false,true,true,true,true
355,h700_e100000_s80000_k40_y0,700,100000,80000,40,0,0,9999,NA,2143,0,9999,2143,0,0,0,40,0,true,NA,0,0,-8,0,0,244,1000,false,false,none,false,true,true,true,true
356,h700_e100000_s80000_k5_y0,700,100000,80000,5,0,0,9999,NA,2143,0,9999,2143,0,0,0,40,0,true,NA,0,0,-8,0,0,244,1000,false,false,none,false,true,true,true,true
357,h2000_e50000_s80000_k10_y0,2000,50000,80000,10,0,1,9999,NA,2119,0,9999,2119,0,0,0,40,0,true,NA,0,0,-14782,0,0,1180,1000,false,false,none,false,true,true,true,true
358,h2000_e50000_s80000_k20_y0,2000,50000,80000,20,0,1,9999,NA,2119,0,9999,2119,0,0,0,40,0,true,NA,0,0,-14782,0,0,1180,1000,false,false,none,false,true,true,true,true
359,h2000_e50000_s80000_k40_y0,2000,50000,80000,40,0,1,9999,NA,2119,0,9999,2119,0,0,0,40,0,true,NA,0,0,-14782,0,0,1180,1000,false,false,none,false,true,true,true,true
360,h2000_e50000_s80000_k5_y0,2000,50000,80000,5,0,1,9999,NA,2119,0,9999,2119,0,0,0,40,0,true,NA,0,0,-14782,0,0,1180,1000,false,false,none,false,true,true,true,true
361,h700_e25000_s160000_k10_y0,700,25000,160000,10,0,1,9998,NA,2115,0,9998,2115,0,0,0,40,0,true,NA,0,1,-517784,0,1,537,1000,false,false,none,false,true,true,true,true
362,h700_e25000_s160000_k20_y0,700,25000,160000,20,0,1,9998,NA,2115,0,9998,2115,0,0,0,40,0,true,NA,0,1,-517784,0,1,537,1000,false,false,none,false,true,true,true,true
363,h700_e25000_s160000_k40_y0,700,25000,160000,40,0,1,9998,NA,2115,0,9998,2115,0,0,0,40,0,true,NA,0,1,-517784,0,1,537,1000,false,false,none,false,true,true,true,true
364,h700_e25000_s160000_k5_y0,700,25000,160000,5,0,1,9998,NA,2115,0,9998,2115,0,0,0,40,0,true,NA,0,1,-517784,0,1,537,1000,false,false,none,false,true,true,true,true
365,h500_e100000_s80000_k10_y0,500,100000,80000,10,0,0,9999,NA,2112,0,9999,2112,0,0,0,40,0,true,NA,0,0,-6,0,0,174,1000,false,false,none,false,true,true,true,true
366,h500_e100000_s80000_k20_y0,500,100000,80000,20,0,0,9999,NA,2112,0,9999,2112,0,0,0,40,0,true,NA,0,0,-6,0,0,174,1000,false,false,none,false,true,true,true,true
367,h500_e100000_s80000_k40_y0,500,100000,80000,40,0,0,9999,NA,2112,0,9999,2112,0,0,0,40,0,true,NA,0,0,-6,0,0,174,1000,false,false,none,false,true,true,true,true
368,h500_e100000_s80000_k5_y0,500,100000,80000,5,0,0,9999,NA,2112,0,9999,2112,0,0,0,40,0,true,NA,0,0,-6,0,0,174,1000,false,false,none,false,true,true,true,true
369,h1000_e70000_s80000_k10_y0,1000,70000,80000,10,0,0,9999,NA,2095,0,9999,2095,0,0,0,40,0,true,NA,0,0,-565,0,0,478,1000,false,false,none,false,true,true,true,true
370,h1000_e70000_s80000_k20_y0,1000,70000,80000,20,0,0,9999,NA,2095,0,9999,2095,0,0,0,40,0,true,NA,0,0,-565,0,0,478,1000,false,false,none,false,true,true,true,true
371,h1000_e70000_s80000_k40_y0,1000,70000,80000,40,0,0,9999,NA,2095,0,9999,2095,0,0,0,40,0,true,NA,0,0,-565,0,0,478,1000,false,false,none,false,true,true,true,true
372,h1000_e70000_s80000_k5_y0,1000,70000,80000,5,0,0,9999,NA,2095,0,9999,2095,0,0,0,40,0,true,NA,0,0,-565,0,0,478,1000,false,false,none,false,true,true,true,true
373,h3000_e30000_s80000_k10_y0,3000,30000,80000,10,0,1,9999,NA,2081,0,9999,2081,0,0,0,40,0,true,NA,0,1,-291057,0,1,2186,1000,false,false,none,false,true,true,true,true
374,h3000_e30000_s80000_k20_y0,3000,30000,80000,20,0,1,9999,NA,2081,0,9999,2081,0,0,0,40,0,true,NA,0,1,-291057,0,1,2186,1000,false,false,none,false,true,true,true,true
375,h3000_e30000_s80000_k40_y0,3000,30000,80000,40,0,1,9999,NA,2081,0,9999,2081,0,0,0,40,0,true,NA,0,1,-291057,0,1,2186,1000,false,false,none,false,true,true,true,true
376,h3000_e30000_s80000_k5_y0,3000,30000,80000,5,0,1,9999,NA,2081,0,9999,2081,0,0,0,40,0,true,NA,0,1,-291057,0,1,2186,1000,false,false,none,false,true,true,true,true
377,h1500_e50000_s80000_k10_y0,1500,50000,80000,10,0,1,9999,NA,2063,0,9999,2063,0,0,0,40,0,true,NA,0,0,-11432,0,0,885,1000,false,false,none,false,true,true,true,true
378,h1500_e50000_s80000_k20_y0,1500,50000,80000,20,0,1,9999,NA,2063,0,9999,2063,0,0,0,40,0,true,NA,0,0,-11432,0,0,885,1000,false,false,none,false,true,true,true,true
379,h1500_e50000_s80000_k40_y0,1500,50000,80000,40,0,1,9999,NA,2063,0,9999,2063,0,0,0,40,0,true,NA,0,0,-11432,0,0,885,1000,false,false,none,false,true,true,true,true
380,h1500_e50000_s80000_k5_y0,1500,50000,80000,5,0,1,9999,NA,2063,0,9999,2063,0,0,0,40,0,true,NA,0,0,-11432,0,0,885,1000,false,false,none,false,true,true,true,true
381,h1000_e20000_s160000_k10_y0,1000,20000,160000,10,0,1,9994,NA,2062,0,9994,2062,0,0,0,40,0,true,NA,0,1,-1092773,0,1,809,1000,false,false,none,false,true,true,true,true
382,h1000_e20000_s160000_k20_y0,1000,20000,160000,20,0,1,9994,NA,2062,0,9994,2062,0,0,0,40,0,true,NA,0,1,-1092773,0,1,809,1000,false,false,none,false,true,true,true,true
383,h1000_e20000_s160000_k40_y0,1000,20000,160000,40,0,1,9994,NA,2062,0,9994,2062,0,0,0,40,0,true,NA,0,1,-1092773,0,1,809,1000,false,false,none,false,true,true,true,true
384,h1000_e20000_s160000_k5_y0,1000,20000,160000,5,0,1,9994,NA,2062,0,9994,2062,0,0,0,40,0,true,NA,0,1,-1092773,0,1,809,1000,false,false,none,false,true,true,true,true
385,h300_e100000_s80000_k10_y0,300,100000,80000,10,0,0,10000,NA,2061,0,10000,2061,0,0,0,40,0,true,NA,0,0,-4,0,0,104,1000,false,false,none,false,true,true,true,true
386,h300_e100000_s80000_k20_y0,300,100000,80000,20,0,0,10000,NA,2061,0,10000,2061,0,0,0,40,0,true,NA,0,0,-4,0,0,104,1000,false,false,none,false,true,true,true,true
387,h300_e100000_s80000_k40_y0,300,100000,80000,40,0,0,10000,NA,2061,0,10000,2061,0,0,0,40,0,true,NA,0,0,-4,0,0,104,1000,false,false,none,false,true,true,true,true
388,h300_e100000_s80000_k5_y0,300,100000,80000,5,0,0,10000,NA,2061,0,10000,2061,0,0,0,40,0,true,NA,0,0,-4,0,0,104,1000,false,false,none,false,true,true,true,true
389,h2000_e40000_s80000_k10_y0,2000,40000,80000,10,0,1,9999,NA,2056,0,9999,2056,0,0,0,40,0,true,NA,0,1,-55074,0,1,1312,1000,false,false,none,false,true,true,true,true
390,h2000_e40000_s80000_k20_y0,2000,40000,80000,20,0,1,9999,NA,2056,0,9999,2056,0,0,0,40,0,true,NA,0,1,-55074,0,1,1312,1000,false,false,none,false,true,true,true,true
391,h2000_e40000_s80000_k40_y0,2000,40000,80000,40,0,1,9999,NA,2056,0,9999,2056,0,0,0,40,0,true,NA,0,1,-55074,0,1,1312,1000,false,false,none,false,true,true,true,true
392,h2000_e40000_s80000_k5_y0,2000,40000,80000,5,0,1,9999,NA,2056,0,9999,2056,0,0,0,40,0,true,NA,0,1,-55074,0,1,1312,1000,false,false,none,false,true,true,true,true
393,h2000_e10000_s160000_k10_y0,2000,10000,160000,10,0,31,8889,NA,2050,0,8889,2050,0,0,0,40,0,true,NA,0,7,-4974465,0,8,1755,1040,false,false,none,false,true,true,true,true
394,h2000_e10000_s160000_k20_y0,2000,10000,160000,20,0,31,8889,NA,2050,0,8889,2050,0,0,0,40,0,true,NA,0,7,-4974465,0,8,1755,1040,false,false,none,false,true,true,true,true
395,h2000_e10000_s160000_k40_y0,2000,10000,160000,40,0,31,8889,NA,2050,0,8889,2050,0,0,0,40,0,true,NA,0,7,-4974465,0,8,1755,1040,false,false,none,false,true,true,true,true
396,h2000_e10000_s160000_k5_y0,2000,10000,160000,5,0,31,8889,NA,2050,0,8889,2050,0,0,0,40,0,true,NA,0,7,-4974465,0,8,1755,1040,false,false,none,false,true,true,true,true
397,h1500_e15000_s160000_k10_y0,1500,15000,160000,10,0,3,9975,NA,2049,0,9975,2049,0,0,0,40,0,true,NA,0,1,-2429325,0,1,1274,1005,false,false,none,false,true,true,true,true
398,h1500_e15000_s160000_k20_y0,1500,15000,160000,20,0,3,9975,NA,2049,0,9975,2049,0,0,0,40,0,true,NA,0,1,-2429325,0,1,1274,1005,false,false,none,false,true,true,true,true
399,h1500_e15000_s160000_k40_y0,1500,15000,160000,40,0,3,9975,NA,2049,0,9975,2049,0,0,0,40,0,true,NA,0,1,-2429325,0,1,1274,1005,false,false,none,false,true,true,true,true
400,h1500_e15000_s160000_k5_y0,1500,15000,160000,5,0,3,9975,NA,2049,0,9975,2049,0,0,0,40,0,true,NA,0,1,-2429325,0,1,1274,1005,false,false,none,false,true,true,true,true
401,h700_e70000_s80000_k10_y0,700,70000,80000,10,0,0,9999,NA,2047,0,9999,2047,0,0,0,40,0,true,NA,0,0,-402,0,0,334,1000,false,false,none,false,true,true,true,true
402,h700_e70000_s80000_k20_y0,700,70000,80000,20,0,0,9999,NA,2047,0,9999,2047,0,0,0,40,0,true,NA,0,0,-402,0,0,334,1000,false,false,none,false,true,true,true,true
403,h700_e70000_s80000_k40_y0,700,70000,80000,40,0,0,9999,NA,2047,0,9999,2047,0,0,0,40,0,true,NA,0,0,-402,0,0,334,1000,false,false,none,false,true,true,true,true
404,h700_e70000_s80000_k5_y0,700,70000,80000,5,0,0,9999,NA,2047,0,9999,2047,0,0,0,40,0,true,NA,0,0,-402,0,0,334,1000,false,false,none,false,true,true,true,true
405,h3000_e25000_s80000_k10_y0,3000,25000,80000,10,0,1,9998,NA,2022,0,9998,2022,0,0,0,40,0,true,NA,0,1,-568608,0,1,2304,1000,false,false,none,false,true,true,true,true
406,h3000_e25000_s80000_k20_y0,3000,25000,80000,20,0,1,9998,NA,2022,0,9998,2022,0,0,0,40,0,true,NA,0,1,-568608,0,1,2304,1000,false,false,none,false,true,true,true,true
407,h3000_e25000_s80000_k40_y0,3000,25000,80000,40,0,1,9998,NA,2022,0,9998,2022,0,0,0,40,0,true,NA,0,1,-568608,0,1,2304,1000,false,false,none,false,true,true,true,true
408,h3000_e25000_s80000_k5_y0,3000,25000,80000,5,0,1,9998,NA,2022,0,9998,2022,0,0,0,40,0,true,NA,0,1,-568608,0,1,2304,1000,false,false,none,false,true,true,true,true
409,h500_e70000_s80000_k10_y0,500,70000,80000,10,0,0,9999,NA,2002,0,9999,2002,0,0,0,40,0,true,NA,0,0,-290,0,0,239,1000,false,false,none,false,true,true,true,true
410,h500_e70000_s80000_k20_y0,500,70000,80000,20,0,0,9999,NA,2002,0,9999,2002,0,0,0,40,0,true,NA,0,0,-290,0,0,239,1000,false,false,none,false,true,true,true,true
411,h500_e70000_s80000_k40_y0,500,70000,80000,40,0,0,9999,NA,2002,0,9999,2002,0,0,0,40,0,true,NA,0,0,-290,0,0,239,1000,false,false,none,false,true,true,true,true
412,h500_e70000_s80000_k5_y0,500,70000,80000,5,0,0,9999,NA,2002,0,9999,2002,0,0,0,40,0,true,NA,0,0,-290,0,0,239,1000,false,false,none,false,true,true,true,true
413,h300_e30000_s160000_k10_y0,300,30000,160000,10,0,1,9999,NA,1995,0,9999,1995,0,0,0,40,0,true,NA,0,1,-160766,0,1,218,1000,false,false,none,false,true,true,true,true
414,h300_e30000_s160000_k20_y0,300,30000,160000,20,0,1,9999,NA,1995,0,9999,1995,0,0,0,40,0,true,NA,0,1,-160766,0,1,218,1000,false,false,none,false,true,true,true,true
415,h300_e30000_s160000_k40_y0,300,30000,160000,40,0,1,9999,NA,1995,0,9999,1995,0,0,0,40,0,true,NA,0,1,-160766,0,1,218,1000,false,false,none,false,true,true,true,true
416,h300_e30000_s160000_k5_y0,300,30000,160000,5,0,1,9999,NA,1995,0,9999,1995,0,0,0,40,0,true,NA,0,1,-160766,0,1,218,1000,false,false,none,false,true,true,true,true
417,h10000_e15000_s40000_k10_y0,10000,15000,40000,10,0,4,9969,NA,1994,0,9969,1994,0,0,0,40,0,true,NA,0,1,-3500397,0,1,8499,1035,false,false,none,false,true,true,true,true
418,h10000_e15000_s40000_k20_y0,10000,15000,40000,20,0,4,9969,NA,1994,0,9969,1994,0,0,0,40,0,true,NA,0,1,-3500397,0,1,8499,1035,false,false,none,false,true,true,true,true
419,h10000_e15000_s40000_k40_y0,10000,15000,40000,40,0,4,9969,NA,1994,0,9969,1994,0,0,0,40,0,true,NA,0,1,-3500397,0,1,8499,1035,false,false,none,false,true,true,true,true
420,h10000_e15000_s40000_k5_y0,10000,15000,40000,5,0,4,9969,NA,1994,0,9969,1994,0,0,0,40,0,true,NA,0,1,-3500397,0,1,8499,1035,false,false,none,false,true,true,true,true
421,h100_e40000_s160000_k10_y0,100,40000,160000,10,0,1,9999,NA,1989,0,9999,1989,0,0,0,40,0,true,NA,0,0,-25497,0,1,65,1000,false,false,none,false,true,true,true,true
422,h100_e40000_s160000_k20_y0,100,40000,160000,20,0,1,9999,NA,1989,0,9999,1989,0,0,0,40,0,true,NA,0,0,-25497,0,1,65,1000,false,false,none,false,true,true,true,true
423,h100_e40000_s160000_k40_y0,100,40000,160000,40,0,1,9999,NA,1989,0,9999,1989,0,0,0,40,0,true,NA,0,0,-25497,0,1,65,1000,false,false,none,false,true,true,true,true
424,h100_e40000_s160000_k5_y0,100,40000,160000,5,0,1,9999,NA,1989,0,9999,1989,0,0,0,40,0,true,NA,0,0,-25497,0,1,65,1000,false,false,none,false,true,true,true,true
425,h1000_e50000_s80000_k10_y0,1000,50000,80000,10,0,1,9999,NA,1988,0,9999,1988,0,0,0,40,0,true,NA,0,0,-7861,0,1,590,1000,false,false,none,false,true,true,true,true
426,h1000_e50000_s80000_k20_y0,1000,50000,80000,20,0,1,9999,NA,1988,0,9999,1988,0,0,0,40,0,true,NA,0,0,-7861,0,1,590,1000,false,false,none,false,true,true,true,true
427,h1000_e50000_s80000_k40_y0,1000,50000,80000,40,0,1,9999,NA,1988,0,9999,1988,0,0,0,40,0,true,NA,0,0,-7861,0,1,590,1000,false,false,none,false,true,true,true,true
428,h1000_e50000_s80000_k5_y0,1000,50000,80000,5,0,1,9999,NA,1988,0,9999,1988,0,0,0,40,0,true,NA,0,0,-7861,0,1,590,1000,false,false,none,false,true,true,true,true
429,h1500_e40000_s80000_k10_y0,1500,40000,80000,10,0,1,9999,NA,1988,0,9999,1988,0,0,0,40,0,true,NA,0,1,-42679,0,1,984,1000,false,false,none,false,true,true,true,true
430,h1500_e40000_s80000_k20_y0,1500,40000,80000,20,0,1,9999,NA,1988,0,9999,1988,0,0,0,40,0,true,NA,0,1,-42679,0,1,984,1000,false,false,none,false,true,true,true,true
431,h1500_e40000_s80000_k40_y0,1500,40000,80000,40,0,1,9999,NA,1988,0,9999,1988,0,0,0,40,0,true,NA,0,1,-42679,0,1,984,1000,false,false,none,false,true,true,true,true
432,h1500_e40000_s80000_k5_y0,1500,40000,80000,5,0,1,9999,NA,1988,0,9999,1988,0,0,0,40,0,true,NA,0,1,-42679,0,1,984,1000,false,false,none,false,true,true,true,true
433,h500_e25000_s160000_k10_y0,500,25000,160000,10,0,1,9999,NA,1986,0,9999,1986,0,0,0,40,0,true,NA,0,1,-387865,0,1,384,1000,false,false,none,false,true,true,true,true
434,h500_e25000_s160000_k20_y0,500,25000,160000,20,0,1,9999,NA,1986,0,9999,1986,0,0,0,40,0,true,NA,0,1,-387865,0,1,384,1000,false,false,none,false,true,true,true,true
435,h500_e25000_s160000_k40_y0,500,25000,160000,40,0,1,9999,NA,1986,0,9999,1986,0,0,0,40,0,true,NA,0,1,-387865,0,1,384,1000,false,false,none,false,true,true,true,true
436,h500_e25000_s160000_k5_y0,500,25000,160000,5,0,1,9999,NA,1986,0,9999,1986,0,0,0,40,0,true,NA,0,1,-387865,0,1,384,1000,false,false,none,false,true,true,true,true
437,h100_e100000_s80000_k10_y0,100,100000,80000,10,0,0,10000,NA,1960,0,10000,1960,0,0,0,40,0,true,NA,0,0,-2,0,0,34,1000,false,false,none,false,true,true,true,true
438,h100_e100000_s80000_k20_y0,100,100000,80000,20,0,0,10000,NA,1960,0,10000,1960,0,0,0,40,0,true,NA,0,0,-2,0,0,34,1000,false,false,none,false,true,true,true,true
439,h100_e100000_s80000_k40_y0,100,100000,80000,40,0,0,10000,NA,1960,0,10000,1960,0,0,0,40,0,true,NA,0,0,-2,0,0,34,1000,false,false,none,false,true,true,true,true
440,h100_e100000_s80000_k5_y0,100,100000,80000,5,0,0,10000,NA,1960,0,10000,1960,0,0,0,40,0,true,NA,0,0,-2,0,0,34,1000,false,false,none,false,true,true,true,true
441,h2000_e30000_s80000_k10_y0,2000,30000,80000,10,0,1,9999,NA,1953,0,9999,1953,0,0,0,40,0,true,NA,0,1,-206927,0,1,1457,1000,false,false,none,false,true,true,true,true
442,h2000_e30000_s80000_k20_y0,2000,30000,80000,20,0,1,9999,NA,1953,0,9999,1953,0,0,0,40,0,true,NA,0,1,-206927,0,1,1457,1000,false,false,none,false,true,true,true,true
443,h2000_e30000_s80000_k40_y0,2000,30000,80000,40,0,1,9999,NA,1953,0,9999,1953,0,0,0,40,0,true,NA,0,1,-206927,0,1,1457,1000,false,false,none,false,true,true,true,true
444,h2000_e30000_s80000_k5_y0,2000,30000,80000,5,0,1,9999,NA,1953,0,9999,1953,0,0,0,40,0,true,NA,0,1,-206927,0,1,1457,1000,false,false,none,false,true,true,true,true
445,h3000_e20000_s80000_k10_y0,3000,20000,80000,10,0,1,9995,NA,1945,0,9995,1945,0,0,0,40,0,true,NA,0,1,-1118510,0,1,2427,1002,false,false,none,false,true,true,true,true
446,h3000_e20000_s80000_k20_y0,3000,20000,80000,20,0,1,9995,NA,1945,0,9995,1945,0,0,0,40,0,true,NA,0,1,-1118510,0,1,2427,1002,false,false,none,false,true,true,true,true
447,h3000_e20000_s80000_k40_y0,3000,20000,80000,40,0,1,9995,NA,1945,0,9995,1945,0,0,0,40,0,true,NA,0,1,-1118510,0,1,2427,1002,false,false,none,false,true,true,true,true
448,h3000_e20000_s80000_k5_y0,3000,20000,80000,5,0,1,9995,NA,1945,0,9995,1945,0,0,0,40,0,true,NA,0,1,-1118510,0,1,2427,1002,false,false,none,false,true,true,true,true
449,h300_e70000_s80000_k10_y0,300,70000,80000,10,0,0,9999,NA,1937,0,9999,1937,0,0,0,40,0,true,NA,0,0,-176,0,0,143,1000,false,false,none,false,true,true,true,true
450,h300_e70000_s80000_k20_y0,300,70000,80000,20,0,0,9999,NA,1937,0,9999,1937,0,0,0,40,0,true,NA,0,0,-176,0,0,143,1000,false,false,none,false,true,true,true,true
451,h300_e70000_s80000_k40_y0,300,70000,80000,40,0,0,9999,NA,1937,0,9999,1937,0,0,0,40,0,true,NA,0,0,-176,0,0,143,1000,false,false,none,false,true,true,true,true
452,h300_e70000_s80000_k5_y0,300,70000,80000,5,0,0,9999,NA,1937,0,9999,1937,0,0,0,40,0,true,NA,0,0,-176,0,0,143,1000,false,false,none,false,true,true,true,true
453,h700_e50000_s80000_k10_y0,700,50000,80000,10,0,1,9999,NA,1923,0,9999,1923,0,0,0,40,0,true,NA,0,0,-5607,0,1,413,1000,false,false,none,false,true,true,true,true
454,h700_e50000_s80000_k20_y0,700,50000,80000,20,0,1,9999,NA,1923,0,9999,1923,0,0,0,40,0,true,NA,0,0,-5607,0,1,413,1000,false,false,none,false,true,true,true,true
455,h700_e50000_s80000_k40_y0,700,50000,80000,40,0,1,9999,NA,1923,0,9999,1923,0,0,0,40,0,true,NA,0,0,-5607,0,1,413,1000,false,false,none,false,true,true,true,true
456,h700_e50000_s80000_k5_y0,700,50000,80000,5,0,1,9999,NA,1923,0,9999,1923,0,0,0,40,0,true,NA,0,0,-5607,0,1,413,1000,false,false,none,false,true,true,true,true
457,h700_e20000_s160000_k10_y0,700,20000,160000,10,0,1,9996,NA,1902,0,9996,1902,0,0,0,40,0,true,NA,0,1,-804625,0,1,566,1000,false,false,none,false,true,true,true,true
458,h700_e20000_s160000_k20_y0,700,20000,160000,20,0,1,9996,NA,1902,0,9996,1902,0,0,0,40,0,true,NA,0,1,-804625,0,1,566,1000,false,false,none,false,true,true,true,true
459,h700_e20000_s160000_k40_y0,700,20000,160000,40,0,1,9996,NA,1902,0,9996,1902,0,0,0,40,0,true,NA,0,1,-804625,0,1,566,1000,false,false,none,false,true,true,true,true
460,h700_e20000_s160000_k5_y0,700,20000,160000,5,0,1,9996,NA,1902,0,9996,1902,0,0,0,40,0,true,NA,0,1,-804625,0,1,566,1000,false,false,none,false,true,true,true,true
461,h1000_e40000_s80000_k10_y0,1000,40000,80000,10,0,1,9999,NA,1897,0,9999,1897,0,0,0,40,0,true,NA,0,1,-29404,0,1,656,1000,false,false,none,false,true,true,true,true
462,h1000_e40000_s80000_k20_y0,1000,40000,80000,20,0,1,9999,NA,1897,0,9999,1897,0,0,0,40,0,true,NA,0,1,-29404,0,1,656,1000,false,false,none,false,true,true,true,true
463,h1000_e40000_s80000_k40_y0,1000,40000,80000,40,0,1,9999,NA,1897,0,9999,1897,0,0,0,40,0,true,NA,0,1,-29404,0,1,656,1000,false,false,none,false,true,true,true,true
464,h1000_e40000_s80000_k5_y0,1000,40000,80000,5,0,1,9999,NA,1897,0,9999,1897,0,0,0,40,0,true,NA,0,1,-29404,0,1,656,1000,false,false,none,false,true,true,true,true
465,h10000_e20000_s40000_k10_y0,10000,20000,40000,10,0,1,9994,NA,1892,0,9994,1892,0,0,0,40,0,true,NA,0,1,-1464156,0,1,8092,1006,false,false,none,false,true,true,true,true
466,h10000_e20000_s40000_k20_y0,10000,20000,40000,20,0,1,9994,NA,1892,0,9994,1892,0,0,0,40,0,true,NA,0,1,-1464156,0,1,8092,1006,false,false,none,false,true,true,true,true
467,h10000_e20000_s40000_k40_y0,10000,20000,40000,40,0,1,9994,NA,1892,0,9994,1892,0,0,0,40,0,true,NA,0,1,-1464156,0,1,8092,1006,false,false,none,false,true,true,true,true
468,h10000_e20000_s40000_k5_y0,10000,20000,40000,5,0,1,9994,NA,1892,0,9994,1892,0,0,0,40,0,true,NA,0,1,-1464156,0,1,8092,1006,false,false,none,false,true,true,true,true
469,h3000_e10000_s80000_k10_y0,3000,10000,80000,10,0,25,9024,NA,1878,0,9024,1878,0,0,0,40,0,true,NA,0,7,-4454272,0,9,2633,1060,false,false,none,false,true,true,true,true
470,h3000_e10000_s80000_k20_y0,3000,10000,80000,20,0,25,9024,NA,1878,0,9024,1878,0,0,0,40,0,true,NA,0,7,-4454272,0,9,2633,1060,false,false,none,false,true,true,true,true
471,h3000_e10000_s80000_k40_y0,3000,10000,80000,40,0,25,9024,NA,1878,0,9024,1878,0,0,0,40,0,true,NA,0,7,-4454272,0,9,2633,1060,false,false,none,false,true,true,true,true
472,h3000_e10000_s80000_k5_y0,3000,10000,80000,5,0,25,9024,NA,1878,0,9024,1878,0,0,0,40,0,true,NA,0,7,-4454272,0,9,2633,1060,false,false,none,false,true,true,true,true
473,h3000_e15000_s80000_k10_y0,3000,15000,80000,10,0,3,9980,NA,1877,0,9980,1877,0,0,0,40,0,true,NA,0,1,-2219796,0,1,2549,1010,false,false,none,false,true,true,true,true
474,h3000_e15000_s80000_k20_y0,3000,15000,80000,20,0,3,9980,NA,1877,0,9980,1877,0,0,0,40,0,true,NA,0,1,-2219796,0,1,2549,1010,false,false,none,false,true,true,true,true
475,h3000_e15000_s80000_k40_y0,3000,15000,80000,40,0,3,9980,NA,1877,0,9980,1877,0,0,0,40,0,true,NA,0,1,-2219796,0,1,2549,1010,false,false,none,false,true,true,true,true
476,h3000_e15000_s80000_k5_y0,3000,15000,80000,5,0,3,9980,NA,1877,0,9980,1877,0,0,0,40,0,true,NA,0,1,-2219796,0,1,2549,1010,false,false,none,false,true,true,true,true
477,h2000_e25000_s80000_k10_y0,2000,25000,80000,10,0,1,9999,NA,1874,0,9999,1874,0,0,0,40,0,true,NA,0,1,-403105,0,1,1536,1000,false,false,none,false,true,true,true,true
478,h2000_e25000_s80000_k20_y0,2000,25000,80000,20,0,1,9999,NA,1874,0,9999,1874,0,0,0,40,0,true,NA,0,1,-403105,0,1,1536,1000,false,false,none,false,true,true,true,true
479,h2000_e25000_s80000_k40_y0,2000,25000,80000,40,0,1,9999,NA,1874,0,9999,1874,0,0,0,40,0,true,NA,0,1,-403105,0,1,1536,1000,false,false,none,false,true,true,true,true
480,h2000_e25000_s80000_k5_y0,2000,25000,80000,5,0,1,9999,NA,1874,0,9999,1874,0,0,0,40,0,true,NA,0,1,-403105,0,1,1536,1000,false,false,none,false,true,true,true,true
481,h1500_e30000_s80000_k10_y0,1500,30000,80000,10,0,1,9999,NA,1867,0,9999,1867,0,0,0,40,0,true,NA,0,1,-160324,0,1,1093,1000,false,false,none,false,true,true,true,true
482,h1500_e30000_s80000_k20_y0,1500,30000,80000,20,0,1,9999,NA,1867,0,9999,1867,0,0,0,40,0,true,NA,0,1,-160324,0,1,1093,1000,false,false,none,false,true,true,true,true
483,h1500_e30000_s80000_k40_y0,1500,30000,80000,40,0,1,9999,NA,1867,0,9999,1867,0,0,0,40,0,true,NA,0,1,-160324,0,1,1093,1000,false,false,none,false,true,true,true,true
484,h1500_e30000_s80000_k5_y0,1500,30000,80000,5,0,1,9999,NA,1867,0,9999,1867,0,0,0,40,0,true,NA,0,1,-160324,0,1,1093,1000,false,false,none,false,true,true,true,true
485,h500_e50000_s80000_k10_y0,500,50000,80000,10,0,1,9999,NA,1864,0,9999,1864,0,0,0,40,0,true,NA,0,0,-4055,0,1,295,1000,false,false,none,false,true,true,true,true
486,h500_e50000_s80000_k20_y0,500,50000,80000,20,0,1,9999,NA,1864,0,9999,1864,0,0,0,40,0,true,NA,0,0,-4055,0,1,295,1000,false,false,none,false,true,true,true,true
487,h500_e50000_s80000_k40_y0,500,50000,80000,40,0,1,9999,NA,1864,0,9999,1864,0,0,0,40,0,true,NA,0,0,-4055,0,1,295,1000,false,false,none,false,true,true,true,true
488,h500_e50000_s80000_k5_y0,500,50000,80000,5,0,1,9999,NA,1864,0,9999,1864,0,0,0,40,0,true,NA,0,0,-4055,0,1,295,1000,false,false,none,false,true,true,true,true
489,h1500_e10000_s160000_k10_y0,1500,10000,160000,10,0,24,9042,NA,1861,0,9042,1861,0,0,0,40,0,true,NA,0,5,-3855341,0,7,1316,1030,false,false,none,false,true,true,true,true
490,h1500_e10000_s160000_k20_y0,1500,10000,160000,20,0,24,9042,NA,1861,0,9042,1861,0,0,0,40,0,true,NA,0,5,-3855341,0,7,1316,1030,false,false,none,false,true,true,true,true
491,h1500_e10000_s160000_k40_y0,1500,10000,160000,40,0,24,9042,NA,1861,0,9042,1861,0,0,0,40,0,true,NA,0,5,-3855341,0,7,1316,1030,false,false,none,false,true,true,true,true
492,h1500_e10000_s160000_k5_y0,1500,10000,160000,5,0,24,9042,NA,1861,0,9042,1861,0,0,0,40,0,true,NA,0,5,-3855341,0,7,1316,1030,false,false,none,false,true,true,true,true
493,h10000_e25000_s40000_k10_y0,10000,25000,40000,10,0,1,9999,NA,1854,0,9999,1854,0,0,0,40,0,true,NA,0,1,-621246,0,1,7682,1001,false,false,none,false,true,true,true,true
494,h10000_e25000_s40000_k20_y0,10000,25000,40000,20,0,1,9999,NA,1854,0,9999,1854,0,0,0,40,0,true,NA,0,1,-621246,0,1,7682,1001,false,false,none,false,true,true,true,true
495,h10000_e25000_s40000_k40_y0,10000,25000,40000,40,0,1,9999,NA,1854,0,9999,1854,0,0,0,40,0,true,NA,0,1,-621246,0,1,7682,1001,false,false,none,false,true,true,true,true
496,h10000_e25000_s40000_k5_y0,10000,25000,40000,5,0,1,9999,NA,1854,0,9999,1854,0,0,0,40,0,true,NA,0,1,-621246,0,1,7682,1001,false,false,none,false,true,true,true,true
497,h10000_e30000_s40000_k10_y0,10000,30000,40000,10,0,1,9999,NA,1837,0,9999,1837,0,0,0,40,0,true,NA,0,1,-265029,0,1,7289,1000,false,false,none,false,true,true,true,true
498,h10000_e30000_s40000_k20_y0,10000,30000,40000,20,0,1,9999,NA,1837,0,9999,1837,0,0,0,40,0,true,NA,0,1,-265029,0,1,7289,1000,false,false,none,false,true,true,true,true
499,h10000_e30000_s40000_k40_y0,10000,30000,40000,40,0,1,9999,NA,1837,0,9999,1837,0,0,0,40,0,true,NA,0,1,-265029,0,1,7289,1000,false,false,none,false,true,true,true,true
500,h10000_e30000_s40000_k5_y0,10000,30000,40000,5,0,1,9999,NA,1837,0,9999,1837,0,0,0,40,0,true,NA,0,1,-265029,0,1,7289,1000,false,false,none,false,true,true,true,true
501,h1000_e15000_s160000_k10_y0,1000,15000,160000,10,0,2,9529,NA,1835,0,9529,1835,0,0,0,40,0,true,NA,0,1,-1712550,0,1,849,1003,false,false,none,false,true,true,true,true
502,h1000_e15000_s160000_k20_y0,1000,15000,160000,20,0,2,9529,NA,1835,0,9529,1835,0,0,0,40,0,true,NA,0,1,-1712550,0,1,849,1003,false,false,none,false,true,true,true,true
503,h1000_e15000_s160000_k40_y0,1000,15000,160000,40,0,2,9529,NA,1835,0,9529,1835,0,0,0,40,0,true,NA,0,1,-1712550,0,1,849,1003,false,false,none,false,true,true,true,true
504,h1000_e15000_s160000_k5_y0,1000,15000,160000,5,0,2,9529,NA,1835,0,9529,1835,0,0,0,40,0,true,NA,0,1,-1712550,0,1,849,1003,false,false,none,false,true,true,true,true
505,h700_e40000_s80000_k10_y0,700,40000,80000,10,0,1,9999,NA,1819,0,9999,1819,0,0,0,40,0,true,NA,0,1,-20993,0,1,459,1000,false,false,none,false,true,true,true,true
506,h700_e40000_s80000_k20_y0,700,40000,80000,20,0,1,9999,NA,1819,0,9999,1819,0,0,0,40,0,true,NA,0,1,-20993,0,1,459,1000,false,false,none,false,true,true,true,true
507,h700_e40000_s80000_k40_y0,700,40000,80000,40,0,1,9999,NA,1819,0,9999,1819,0,0,0,40,0,true,NA,0,1,-20993,0,1,459,1000,false,false,none,false,true,true,true,true
508,h700_e40000_s80000_k5_y0,700,40000,80000,5,0,1,9999,NA,1819,0,9999,1819,0,0,0,40,0,true,NA,0,1,-20993,0,1,459,1000,false,false,none,false,true,true,true,true
509,h10000_e40000_s40000_k10_y0,10000,40000,40000,10,0,1,9999,NA,1818,0,9999,1818,0,0,0,40,0,true,NA,0,1,-48153,0,1,6560,1000,false,false,none,false,true,true,true,true
510,h10000_e40000_s40000_k20_y0,10000,40000,40000,20,0,1,9999,NA,1818,0,9999,1818,0,0,0,40,0,true,NA,0,1,-48153,0,1,6560,1000,false,false,none,false,true,true,true,true
511,h10000_e40000_s40000_k40_y0,10000,40000,40000,40,0,1,9999,NA,1818,0,9999,1818,0,0,0,40,0,true,NA,0,1,-48153,0,1,6560,1000,false,false,none,false,true,true,true,true
512,h10000_e40000_s40000_k5_y0,10000,40000,40000,5,0,1,9999,NA,1818,0,9999,1818,0,0,0,40,0,true,NA,0,1,-48153,0,1,6560,1000,false,false,none,false,true,true,true,true
513,h10000_e50000_s40000_k10_y0,10000,50000,40000,10,0,1,9999,NA,1806,0,9999,1806,0,0,0,40,0,true,NA,0,0,-8634,0,0,5904,1000,false,false,none,false,true,true,true,true
514,h10000_e50000_s40000_k20_y0,10000,50000,40000,20,0,1,9999,NA,1806,0,9999,1806,0,0,0,40,0,true,NA,0,0,-8634,0,0,5904,1000,false,false,none,false,true,true,true,true
515,h10000_e50000_s40000_k40_y0,10000,50000,40000,40,0,1,9999,NA,1806,0,9999,1806,0,0,0,40,0,true,NA,0,0,-8634,0,0,5904,1000,false,false,none,false,true,true,true,true
516,h10000_e50000_s40000_k5_y0,10000,50000,40000,5,0,1,9999,NA,1806,0,9999,1806,0,0,0,40,0,true,NA,0,0,-8634,0,0,5904,1000,false,false,none,false,true,true,true,true
517,h300_e25000_s160000_k10_y0,300,25000,160000,10,0,1,9999,NA,1805,0,9999,1805,0,0,0,40,0,true,NA,0,1,-244185,0,1,230,1000,false,false,none,false,true,true,true,true
518,h300_e25000_s160000_k20_y0,300,25000,160000,20,0,1,9999,NA,1805,0,9999,1805,0,0,0,40,0,true,NA,0,1,-244185,0,1,230,1000,false,false,none,false,true,true,true,true
519,h300_e25000_s160000_k40_y0,300,25000,160000,40,0,1,9999,NA,1805,0,9999,1805,0,0,0,40,0,true,NA,0,1,-244185,0,1,230,1000,false,false,none,false,true,true,true,true
520,h300_e25000_s160000_k5_y0,300,25000,160000,5,0,1,9999,NA,1805,0,9999,1805,0,0,0,40,0,true,NA,0,1,-244185,0,1,230,1000,false,false,none,false,true,true,true,true
521,h100_e70000_s80000_k10_y0,100,70000,80000,10,0,0,9999,NA,1801,0,9999,1801,0,0,0,40,0,true,NA,0,0,-60,0,0,47,1000,false,false,none,false,true,true,true,true
522,h100_e70000_s80000_k20_y0,100,70000,80000,20,0,0,9999,NA,1801,0,9999,1801,0,0,0,40,0,true,NA,0,0,-60,0,0,47,1000,false,false,none,false,true,true,true,true
523,h100_e70000_s80000_k40_y0,100,70000,80000,40,0,0,9999,NA,1801,0,9999,1801,0,0,0,40,0,true,NA,0,0,-60,0,0,47,1000,false,false,none,false,true,true,true,true
524,h100_e70000_s80000_k5_y0,100,70000,80000,5,0,0,9999,NA,1801,0,9999,1801,0,0,0,40,0,true,NA,0,0,-60,0,0,47,1000,false,false,none,false,true,true,true,true
525,h10000_e70000_s40000_k10_y0,10000,70000,40000,10,0,0,9999,NA,1793,0,9999,1793,0,0,0,40,0,true,NA,0,0,-267,0,0,4782,1000,false,false,none,false,true,true,true,true
526,h10000_e70000_s40000_k20_y0,10000,70000,40000,20,0,0,9999,NA,1793,0,9999,1793,0,0,0,40,0,true,NA,0,0,-267,0,0,4782,1000,false,false,none,false,true,true,true,true
527,h10000_e70000_s40000_k40_y0,10000,70000,40000,40,0,0,9999,NA,1793,0,9999,1793,0,0,0,40,0,true,NA,0,0,-267,0,0,4782,1000,false,false,none,false,true,true,true,true
528,h10000_e70000_s40000_k5_y0,10000,70000,40000,5,0,0,9999,NA,1793,0,9999,1793,0,0,0,40,0,true,NA,0,0,-267,0,0,4782,1000,false,false,none,false,true,true,true,true
529,h10000_e100000_s40000_k10_y0,10000,100000,40000,10,0,0,10000,NA,1782,0,10000,1782,0,0,0,40,0,true,NA,0,0,-2,0,0,3486,1000,false,false,none,false,true,true,true,true
530,h10000_e100000_s40000_k20_y0,10000,100000,40000,20,0,0,10000,NA,1782,0,10000,1782,0,0,0,40,0,true,NA,0,0,-2,0,0,3486,1000,false,false,none,false,true,true,true,true
531,h10000_e100000_s40000_k40_y0,10000,100000,40000,40,0,0,10000,NA,1782,0,10000,1782,0,0,0,40,0,true,NA,0,0,-2,0,0,3486,1000,false,false,none,false,true,true,true,true
532,h10000_e100000_s40000_k5_y0,10000,100000,40000,5,0,0,10000,NA,1782,0,10000,1782,0,0,0,40,0,true,NA,0,0,-2,0,0,3486,1000,false,false,none,false,true,true,true,true
533,h300_e50000_s80000_k10_y0,300,50000,80000,10,0,1,9999,NA,1778,0,9999,1778,0,0,0,40,0,true,NA,0,0,-2464,0,1,177,1000,false,false,none,false,true,true,true,true
534,h300_e50000_s80000_k20_y0,300,50000,80000,20,0,1,9999,NA,1778,0,9999,1778,0,0,0,40,0,true,NA,0,0,-2464,0,1,177,1000,false,false,none,false,true,true,true,true
535,h300_e50000_s80000_k40_y0,300,50000,80000,40,0,1,9999,NA,1778,0,9999,1778,0,0,0,40,0,true,NA,0,0,-2464,0,1,177,1000,false,false,none,false,true,true,true,true
536,h300_e50000_s80000_k5_y0,300,50000,80000,5,0,1,9999,NA,1778,0,9999,1778,0,0,0,40,0,true,NA,0,0,-2464,0,1,177,1000,false,false,none,false,true,true,true,true
537,h2000_e20000_s80000_k10_y0,2000,20000,80000,10,0,1,9996,NA,1777,0,9996,1777,0,0,0,40,0,true,NA,0,1,-788983,0,1,1618,1001,false,false,none,false,true,true,true,true
538,h2000_e20000_s80000_k20_y0,2000,20000,80000,20,0,1,9996,NA,1777,0,9996,1777,0,0,0,40,0,true,NA,0,1,-788983,0,1,1618,1001,false,false,none,false,true,true,true,true
539,h2000_e20000_s80000_k40_y0,2000,20000,80000,40,0,1,9996,NA,1777,0,9996,1777,0,0,0,40,0,true,NA,0,1,-788983,0,1,1618,1001,false,false,none,false,true,true,true,true
540,h2000_e20000_s80000_k5_y0,2000,20000,80000,5,0,1,9996,NA,1777,0,9996,1777,0,0,0,40,0,true,NA,0,1,-788983,0,1,1618,1001,false,false,none,false,true,true,true,true
541,h1500_e25000_s80000_k10_y0,1500,25000,80000,10,0,1,9999,NA,1775,0,9999,1775,0,0,0,40,0,true,NA,0,1,-311911,0,1,1152,1000,false,false,none,false,true,true,true,true
542,h1500_e25000_s80000_k20_y0,1500,25000,80000,20,0,1,9999,NA,1775,0,9999,1775,0,0,0,40,0,true,NA,0,1,-311911,0,1,1152,1000,false,false,none,false,true,true,true,true
543,h1500_e25000_s80000_k40_y0,1500,25000,80000,40,0,1,9999,NA,1775,0,9999,1775,0,0,0,40,0,true,NA,0,1,-311911,0,1,1152,1000,false,false,none,false,true,true,true,true
544,h1500_e25000_s80000_k5_y0,1500,25000,80000,5,0,1,9999,NA,1775,0,9999,1775,0,0,0,40,0,true,NA,0,1,-311911,0,1,1152,1000,false,false,none,false,true,true,true,true
545,h500_e20000_s160000_k10_y0,500,20000,160000,10,0,1,9997,NA,1766,0,9997,1766,0,0,0,40,0,true,NA,0,1,-594716,0,1,404,1000,false,false,none,false,true,true,true,true
546,h500_e20000_s160000_k20_y0,500,20000,160000,20,0,1,9997,NA,1766,0,9997,1766,0,0,0,40,0,true,NA,0,1,-594716,0,1,404,1000,false,false,none,false,true,true,true,true
547,h500_e20000_s160000_k40_y0,500,20000,160000,40,0,1,9997,NA,1766,0,9997,1766,0,0,0,40,0,true,NA,0,1,-594716,0,1,404,1000,false,false,none,false,true,true,true,true
548,h500_e20000_s160000_k5_y0,500,20000,160000,5,0,1,9997,NA,1766,0,9997,1766,0,0,0,40,0,true,NA,0,1,-594716,0,1,404,1000,false,false,none,false,true,true,true,true
549,h1000_e30000_s80000_k10_y0,1000,30000,80000,10,0,1,9999,NA,1752,0,9999,1752,0,0,0,40,0,true,NA,0,1,-110431,0,1,728,1000,false,false,none,false,true,true,true,true
550,h1000_e30000_s80000_k20_y0,1000,30000,80000,20,0,1,9999,NA,1752,0,9999,1752,0,0,0,40,0,true,NA,0,1,-110431,0,1,728,1000,false,false,none,false,true,true,true,true
551,h1000_e30000_s80000_k40_y0,1000,30000,80000,40,0,1,9999,NA,1752,0,9999,1752,0,0,0,40,0,true,NA,0,1,-110431,0,1,728,1000,false,false,none,false,true,true,true,true
552,h1000_e30000_s80000_k5_y0,1000,30000,80000,5,0,1,9999,NA,1752,0,9999,1752,0,0,0,40,0,true,NA,0,1,-110431,0,1,728,1000,false,false,none,false,true,true,true,true
553,h500_e40000_s80000_k10_y0,500,40000,80000,10,0,1,9999,NA,1749,0,9999,1749,0,0,0,40,0,true,NA,0,0,-15196,0,1,328,1000,false,false,none,false,true,true,true,true
554,h500_e40000_s80000_k20_y0,500,40000,80000,20,0,1,9999,NA,1749,0,9999,1749,0,0,0,40,0,true,NA,0,0,-15196,0,1,328,1000,false,false,none,false,true,true,true,true
555,h500_e40000_s80000_k40_y0,500,40000,80000,40,0,1,9999,NA,1749,0,9999,1749,0,0,0,40,0,true,NA,0,0,-15196,0,1,328,1000,false,false,none,false,true,true,true,true
556,h500_e40000_s80000_k5_y0,500,40000,80000,5,0,1,9999,NA,1749,0,9999,1749,0,0,0,40,0,true,NA,0,0,-15196,0,1,328,1000,false,false,none,false,true,true,true,true
557,h5000_e100000_s40000_k10_y0,5000,100000,40000,10,0,0,10000,NA,1727,0,10000,1727,0,0,0,40,0,true,NA,0,0,-1,0,0,1743,1000,false,false,none,false,true,true,true,true
558,h5000_e100000_s40000_k20_y0,5000,100000,40000,20,0,0,10000,NA,1727,0,10000,1727,0,0,0,40,0,true,NA,0,0,-1,0,0,1743,1000,false,false,none,false,true,true,true,true
559,h5000_e100000_s40000_k40_y0,5000,100000,40000,40,0,0,10000,NA,1727,0,10000,1727,0,0,0,40,0,true,NA,0,0,-1,0,0,1743,1000,false,false,none,false,true,true,true,true
560,h5000_e100000_s40000_k5_y0,5000,100000,40000,5,0,0,10000,NA,1727,0,10000,1727,0,0,0,40,0,true,NA,0,0,-1,0,0,1743,1000,false,false,none,false,true,true,true,true
561,h5000_e70000_s40000_k10_y0,5000,70000,40000,10,0,0,9999,NA,1711,0,9999,1711,0,0,0,40,0,true,NA,0,0,-136,0,0,2391,1000,false,false,none,false,true,true,true,true
562,h5000_e70000_s40000_k20_y0,5000,70000,40000,20,0,0,9999,NA,1711,0,9999,1711,0,0,0,40,0,true,NA,0,0,-136,0,0,2391,1000,false,false,none,false,true,true,true,true
563,h5000_e70000_s40000_k40_y0,5000,70000,40000,40,0,0,9999,NA,1711,0,9999,1711,0,0,0,40,0,true,NA,0,0,-136,0,0,2391,1000,false,false,none,false,true,true,true,true
564,h5000_e70000_s40000_k5_y0,5000,70000,40000,5,0,0,9999,NA,1711,0,9999,1711,0,0,0,40,0,true,NA,0,0,-136,0,0,2391,1000,false,false,none,false,true,true,true,true
565,h5000_e50000_s40000_k10_y0,5000,50000,40000,10,0,1,9999,NA,1691,0,9999,1691,0,0,0,40,0,true,NA,0,0,-4479,0,0,2952,1000,false,false,none,false,true,true,true,true
566,h5000_e50000_s40000_k20_y0,5000,50000,40000,20,0,1,9999,NA,1691,0,9999,1691,0,0,0,40,0,true,NA,0,0,-4479,0,0,2952,1000,false,false,none,false,true,true,true,true
567,h5000_e50000_s40000_k40_y0,5000,50000,40000,40,0,1,9999,NA,1691,0,9999,1691,0,0,0,40,0,true,NA,0,0,-4479,0,0,2952,1000,false,false,none,false,true,true,true,true
568,h5000_e50000_s40000_k5_y0,5000,50000,40000,5,0,1,9999,NA,1691,0,9999,1691,0,0,0,40,0,true,NA,0,0,-4479,0,0,2952,1000,false,false,none,false,true,true,true,true
569,h2000_e15000_s80000_k10_y0,2000,15000,80000,10,0,2,9234,NA,1689,0,9234,1689,0,0,0,40,0,true,NA,0,1,-1553492,0,1,1699,1007,false,false,none,false,true,true,true,true
570,h2000_e15000_s80000_k20_y0,2000,15000,80000,20,0,2,9234,NA,1689,0,9234,1689,0,0,0,40,0,true,NA,0,1,-1553492,0,1,1699,1007,false,false,none,false,true,true,true,true
571,h2000_e15000_s80000_k40_y0,2000,15000,80000,40,0,2,9234,NA,1689,0,9234,1689,0,0,0,40,0,true,NA,0,1,-1553492,0,1,1699,1007,false,false,none,false,true,true,true,true
572,h2000_e15000_s80000_k5_y0,2000,15000,80000,5,0,2,9234,NA,1689,0,9234,1689,0,0,0,40,0,true,NA,0,1,-1553492,0,1,1699,1007,false,false,none,false,true,true,true,true
573,h3000_e100000_s40000_k10_y0,3000,100000,40000,10,0,0,10000,NA,1683,0,10000,1683,0,0,0,40,0,true,NA,0,0,-1,0,0,1046,1000,false,false,none,false,true,true,true,true
574,h3000_e100000_s40000_k20_y0,3000,100000,40000,20,0,0,10000,NA,1683,0,10000,1683,0,0,0,40,0,true,NA,0,0,-1,0,0,1046,1000,false,false,none,false,true,true,true,true
575,h3000_e100000_s40000_k40_y0,3000,100000,40000,40,0,0,10000,NA,1683,0,10000,1683,0,0,0,40,0,true,NA,0,0,-1,0,0,1046,1000,false,false,none,false,true,true,true,true
576,h3000_e100000_s40000_k5_y0,3000,100000,40000,5,0,0,10000,NA,1683,0,10000,1683,0,0,0,40,0,true,NA,0,0,-1,0,0,1046,1000,false,false,none,false,true,true,true,true
577,h100_e30000_s160000_k10_y0,100,30000,160000,10,0,1,9242,NA,1682,0,9242,1682,0,0,0,40,0,true,NA,0,1,-57199,0,1,72,1000,false,false,none,false,true,true,true,true
578,h100_e30000_s160000_k20_y0,100,30000,160000,20,0,1,9242,NA,1682,0,9242,1682,0,0,0,40,0,true,NA,0,1,-57199,0,1,72,1000,false,false,none,false,true,true,true,true
579,h100_e30000_s160000_k40_y0,100,30000,160000,40,0,1,9242,NA,1682,0,9242,1682,0,0,0,40,0,true,NA,0,1,-57199,0,1,72,1000,false,false,none,false,true,true,true,true
580,h100_e30000_s160000_k5_y0,100,30000,160000,5,0,1,9242,NA,1682,0,9242,1682,0,0,0,40,0,true,NA,0,1,-57199,0,1,72,1000,false,false,none,false,true,true,true,true
581,h700_e15000_s160000_k10_y0,700,15000,160000,10,0,2,9251,NA,1674,0,9251,1674,0,0,0,40,0,true,NA,0,1,-1240353,0,1,594,1002,false,false,none,false,true,true,true,true
582,h700_e15000_s160000_k20_y0,700,15000,160000,20,0,2,9251,NA,1674,0,9251,1674,0,0,0,40,0,true,NA,0,1,-1240353,0,1,594,1002,false,false,none,false,true,true,true,true
583,h700_e15000_s160000_k40_y0,700,15000,160000,40,0,2,9251,NA,1674,0,9251,1674,0,0,0,40,0,true,NA,0,1,-1240353,0,1,594,1002,false,false,none,false,true,true,true,true
584,h700_e15000_s160000_k5_y0,700,15000,160000,5,0,2,9251,NA,1674,0,9251,1674,0,0,0,40,0,true,NA,0,1,-1240353,0,1,594,1002,false,false,none,false,true,true,true,true
585,h5000_e40000_s40000_k10_y0,5000,40000,40000,10,0,1,9999,NA,1674,0,9999,1674,0,0,0,40,0,true,NA,0,1,-25532,0,1,3280,1000,false,false,none,false,true,true,true,true
586,h5000_e40000_s40000_k20_y0,5000,40000,40000,20,0,1,9999,NA,1674,0,9999,1674,0,0,0,40,0,true,NA,0,1,-25532,0,1,3280,1000,false,false,none,false,true,true,true,true
587,h5000_e40000_s40000_k40_y0,5000,40000,40000,40,0,1,9999,NA,1674,0,9999,1674,0,0,0,40,0,true,NA,0,1,-25532,0,1,3280,1000,false,false,none,false,true,true,true,true
588,h5000_e40000_s40000_k5_y0,5000,40000,40000,5,0,1,9999,NA,1674,0,9999,1674,0,0,0,40,0,true,NA,0,1,-25532,0,1,3280,1000,false,false,none,false,true,true,true,true
589,h1500_e20000_s80000_k10_y0,1500,20000,80000,10,0,1,9372,NA,1670,0,9372,1670,0,0,0,40,0,true,NA,0,1,-608942,0,1,1213,1001,false,false,none,false,true,true,true,true
590,h1500_e20000_s80000_k20_y0,1500,20000,80000,20,0,1,9372,NA,1670,0,9372,1670,0,0,0,40,0,true,NA,0,1,-608942,0,1,1213,1001,false,false,none,false,true,true,true,true
591,h1500_e20000_s80000_k40_y0,1500,20000,80000,40,0,1,9372,NA,1670,0,9372,1670,0,0,0,40,0,true,NA,0,1,-608942,0,1,1213,1001,false,false,none,false,true,true,true,true
592,h1500_e20000_s80000_k5_y0,1500,20000,80000,5,0,1,9372,NA,1670,0,9372,1670,0,0,0,40,0,true,NA,0,1,-608942,0,1,1213,1001,false,false,none,false,true,true,true,true
593,h5000_e15000_s40000_k10_y0,5000,15000,40000,10,0,2,9268,NA,1657,0,9268,1657,0,0,0,40,0,true,NA,0,1,-1964626,0,1,4249,1017,false,false,none,false,true,true,true,true
594,h5000_e15000_s40000_k20_y0,5000,15000,40000,20,0,2,9268,NA,1657,0,9268,1657,0,0,0,40,0,true,NA,0,1,-1964626,0,1,4249,1017,false,false,none,false,true,true,true,true
595,h5000_e15000_s40000_k40_y0,5000,15000,40000,40,0,2,9268,NA,1657,0,9268,1657,0,0,0,40,0,true,NA,0,1,-1964626,0,1,4249,1017,false,false,none,false,true,true,true,true
596,h5000_e15000_s40000_k5_y0,5000,15000,40000,5,0,2,9268,NA,1657,0,9268,1657,0,0,0,40,0,true,NA,0,1,-1964626,0,1,4249,1017,false,false,none,false,true,true,true,true
597,h700_e30000_s80000_k10_y0,700,30000,80000,10,0,1,9999,NA,1656,0,9999,1656,0,0,0,40,0,true,NA,0,1,-78845,0,1,510,1000,false,false,none,false,true,true,true,true
598,h700_e30000_s80000_k20_y0,700,30000,80000,20,0,1,9999,NA,1656,0,9999,1656,0,0,0,40,0,true,NA,0,1,-78845,0,1,510,1000,false,false,none,false,true,true,true,true
599,h700_e30000_s80000_k40_y0,700,30000,80000,40,0,1,9999,NA,1656,0,9999,1656,0,0,0,40,0,true,NA,0,1,-78845,0,1,510,1000,false,false,none,false,true,true,true,true
600,h700_e30000_s80000_k5_y0,700,30000,80000,5,0,1,9999,NA,1656,0,9999,1656,0,0,0,40,0,true,NA,0,1,-78845,0,1,510,1000,false,false,none,false,true,true,true,true
601,h2000_e10000_s80000_k10_y0,2000,10000,80000,10,0,17,9273,NA,1654,0,9273,1654,0,0,0,40,0,true,NA,0,5,-3081710,0,8,1755,1040,false,false,none,false,true,true,true,true
602,h2000_e10000_s80000_k20_y0,2000,10000,80000,20,0,17,9273,NA,1654,0,9273,1654,0,0,0,40,0,true,NA,0,5,-3081710,0,8,1755,1040,false,false,none,false,true,true,true,true
603,h2000_e10000_s80000_k40_y0,2000,10000,80000,40,0,17,9273,NA,1654,0,9273,1654,0,0,0,40,0,true,NA,0,5,-3081710,0,8,1755,1040,false,false,none,false,true,true,true,true
604,h2000_e10000_s80000_k5_y0,2000,10000,80000,5,0,17,9273,NA,1654,0,9273,1654,0,0,0,40,0,true,NA,0,5,-3081710,0,8,1755,1040,false,false,none,false,true,true,true,true
605,h3000_e70000_s40000_k10_y0,3000,70000,40000,10,0,0,9999,NA,1653,0,9999,1653,0,0,0,40,0,true,NA,0,0,-82,0,0,1434,1000,false,false,none,false,true,true,true,true
606,h3000_e70000_s40000_k20_y0,3000,70000,40000,20,0,0,9999,NA,1653,0,9999,1653,0,0,0,40,0,true,NA,0,0,-82,0,0,1434,1000,false,false,none,false,true,true,true,true
607,h3000_e70000_s40000_k40_y0,3000,70000,40000,40,0,0,9999,NA,1653,0,9999,1653,0,0,0,40,0,true,NA,0,0,-82,0,0,1434,1000,false,false,none,false,true,true,true,true
608,h3000_e70000_s40000_k5_y0,3000,70000,40000,5,0,0,9999,NA,1653,0,9999,1653,0,0,0,40,0,true,NA,0,0,-82,0,0,1434,1000,false,false,none,false,true,true,true,true
609,h2000_e100000_s40000_k10_y0,2000,100000,40000,10,0,0,10000,NA,1651,0,10000,1651,0,0,0,40,0,true,NA,0,0,-1,0,0,697,1000,false,false,none,false,true,true,true,true
610,h2000_e100000_s40000_k20_y0,2000,100000,40000,20,0,0,10000,NA,1651,0,10000,1651,0,0,0,40,0,true,NA,0,0,-1,0,0,697,1000,false,false,none,false,true,true,true,true
611,h2000_e100000_s40000_k40_y0,2000,100000,40000,40,0,0,10000,NA,1651,0,10000,1651,0,0,0,40,0,true,NA,0,0,-1,0,0,697,1000,false,false,none,false,true,true,true,true
612,h2000_e100000_s40000_k5_y0,2000,100000,40000,5,0,0,10000,NA,1651,0,10000,1651,0,0,0,40,0,true,NA,0,0,-1,0,0,697,1000,false,false,none,false,true,true,true,true
613,h1000_e25000_s80000_k10_y0,1000,25000,80000,10,0,1,9881,NA,1647,0,9881,1647,0,0,0,40,0,true,NA,0,1,-214562,0,1,768,1000,false,false,none,false,true,true,true,true
614,h1000_e25000_s80000_k20_y0,1000,25000,80000,20,0,1,9881,NA,1647,0,9881,1647,0,0,0,40,0,true,NA,0,1,-214562,0,1,768,1000,false,false,none,false,true,true,true,true
615,h1000_e25000_s80000_k40_y0,1000,25000,80000,40,0,1,9881,NA,1647,0,9881,1647,0,0,0,40,0,true,NA,0,1,-214562,0,1,768,1000,false,false,none,false,true,true,true,true
616,h1000_e25000_s80000_k5_y0,1000,25000,80000,5,0,1,9881,NA,1647,0,9881,1647,0,0,0,40,0,true,NA,0,1,-214562,0,1,768,1000,false,false,none,false,true,true,true,true
617,h300_e40000_s80000_k10_y0,300,40000,80000,10,0,1,9999,NA,1647,0,9999,1647,0,0,0,40,0,true,NA,0,0,-9239,0,1,196,1000,false,false,none,false,true,true,true,true
618,h300_e40000_s80000_k20_y0,300,40000,80000,20,0,1,9999,NA,1647,0,9999,1647,0,0,0,40,0,true,NA,0,0,-9239,0,1,196,1000,false,false,none,false,true,true,true,true
619,h300_e40000_s80000_k40_y0,300,40000,80000,40,0,1,9999,NA,1647,0,9999,1647,0,0,0,40,0,true,NA,0,0,-9239,0,1,196,1000,false,false,none,false,true,true,true,true
620,h300_e40000_s80000_k5_y0,300,40000,80000,5,0,1,9999,NA,1647,0,9999,1647,0,0,0,40,0,true,NA,0,0,-9239,0,1,196,1000,false,false,none,false,true,true,true,true
621,h5000_e30000_s40000_k10_y0,5000,30000,40000,10,0,1,9999,NA,1645,0,9999,1645,0,0,0,40,0,true,NA,0,1,-144513,0,1,3644,1000,false,false,none,false,true,true,true,true
622,h5000_e30000_s40000_k20_y0,5000,30000,40000,20,0,1,9999,NA,1645,0,9999,1645,0,0,0,40,0,true,NA,0,1,-144513,0,1,3644,1000,false,false,none,false,true,true,true,true
623,h5000_e30000_s40000_k40_y0,5000,30000,40000,40,0,1,9999,NA,1645,0,9999,1645,0,0,0,40,0,true,NA,0,1,-144513,0,1,3644,1000,false,false,none,false,true,true,true,true
624,h5000_e30000_s40000_k5_y0,5000,30000,40000,5,0,1,9999,NA,1645,0,9999,1645,0,0,0,40,0,true,NA,0,1,-144513,0,1,3644,1000,false,false,none,false,true,true,true,true
625,h1000_e10000_s160000_k10_y0,1000,10000,160000,10,0,17,9286,NA,1641,0,9286,1641,0,0,0,40,0,true,NA,0,4,-2657732,0,6,877,1020,false,false,none,false,true,true,true,true
626,h1000_e10000_s160000_k20_y0,1000,10000,160000,20,0,17,9286,NA,1641,0,9286,1641,0,0,0,40,0,true,NA,0,4,-2657732,0,6,877,1020,false,false,none,false,true,true,true,true
627,h1000_e10000_s160000_k40_y0,1000,10000,160000,40,0,17,9286,NA,1641,0,9286,1641,0,0,0,40,0,true,NA,0,4,-2657732,0,6,877,1020,false,false,none,false,true,true,true,true
628,h1000_e10000_s160000_k5_y0,1000,10000,160000,5,0,17,9286,NA,1641,0,9286,1641,0,0,0,40,0,true,NA,0,4,-2657732,0,6,877,1020,false,false,none,false,true,true,true,true
629,h1500_e100000_s40000_k10_y0,1500,100000,40000,10,0,0,10000,NA,1631,0,10000,1631,0,0,0,40,0,true,NA,0,0,-1,0,0,523,1000,false,false,none,false,true,true,true,true
630,h1500_e100000_s40000_k20_y0,1500,100000,40000,20,0,0,10000,NA,1631,0,10000,1631,0,0,0,40,0,true,NA,0,0,-1,0,0,523,1000,false,false,none,false,true,true,true,true
631,h1500_e100000_s40000_k40_y0,1500,100000,40000,40,0,0,10000,NA,1631,0,10000,1631,0,0,0,40,0,true,NA,0,0,-1,0,0,523,1000,false,false,none,false,true,true,true,true
632,h1500_e100000_s40000_k5_y0,1500,100000,40000,5,0,0,10000,NA,1631,0,10000,1631,0,0,0,40,0,true,NA,0,0,-1,0,0,523,1000,false,false,none,false,true,true,true,true
633,h5000_e25000_s40000_k10_y0,5000,25000,40000,10,0,1,9999,NA,1629,0,9999,1629,0,0,0,40,0,true,NA,0,1,-343540,0,1,3841,1000,false,false,none,false,true,true,true,true
634,h5000_e25000_s40000_k20_y0,5000,25000,40000,20,0,1,9999,NA,1629,0,9999,1629,0,0,0,40,0,true,NA,0,1,-343540,0,1,3841,1000,false,false,none,false,true,true,true,true
635,h5000_e25000_s40000_k40_y0,5000,25000,40000,40,0,1,9999,NA,1629,0,9999,1629,0,0,0,40,0,true,NA,0,1,-343540,0,1,3841,1000,false,false,none,false,true,true,true,true
636,h5000_e25000_s40000_k5_y0,5000,25000,40000,5,0,1,9999,NA,1629,0,9999,1629,0,0,0,40,0,true,NA,0,1,-343540,0,1,3841,1000,false,false,none,false,true,true,true,true
637,h5000_e20000_s40000_k10_y0,5000,20000,40000,10,0,1,9997,NA,1625,0,9997,1625,0,0,0,40,0,true,NA,0,1,-818701,0,1,4046,1003,false,false,none,false,true,true,true,true
638,h5000_e20000_s40000_k20_y0,5000,20000,40000,20,0,1,9997,NA,1625,0,9997,1625,0,0,0,40,0,true,NA,0,1,-818701,0,1,4046,1003,false,false,none,false,true,true,true,true
639,h5000_e20000_s40000_k40_y0,5000,20000,40000,40,0,1,9997,NA,1625,0,9997,1625,0,0,0,40,0,true,NA,0,1,-818701,0,1,4046,1003,false,false,none,false,true,true,true,true
640,h5000_e20000_s40000_k5_y0,5000,20000,40000,5,0,1,9997,NA,1625,0,9997,1625,0,0,0,40,0,true,NA,0,1,-818701,0,1,4046,1003,false,false,none,false,true,true,true,true
641,h3000_e50000_s40000_k10_y0,3000,50000,40000,10,0,0,9999,NA,1611,0,9999,1611,0,0,0,40,0,true,NA,0,0,-2728,0,0,1771,1000,false,false,none,false,true,true,true,true
642,h3000_e50000_s40000_k20_y0,3000,50000,40000,20,0,0,9999,NA,1611,0,9999,1611,0,0,0,40,0,true,NA,0,0,-2728,0,0,1771,1000,false,false,none,false,true,true,true,true
643,h3000_e50000_s40000_k40_y0,3000,50000,40000,40,0,0,9999,NA,1611,0,9999,1611,0,0,0,40,0,true,NA,0,0,-2728,0,0,1771,1000,false,false,none,false,true,true,true,true
644,h3000_e50000_s40000_k5_y0,3000,50000,40000,5,0,0,9999,NA,1611,0,9999,1611,0,0,0,40,0,true,NA,0,0,-2728,0,0,1771,1000,false,false,none,false,true,true,true,true
645,h2000_e70000_s40000_k10_y0,2000,70000,40000,10,0,0,9999,NA,1608,0,9999,1608,0,0,0,40,0,true,NA,0,0,-55,0,0,956,1000,false,false,none,false,true,true,true,true
646,h2000_e70000_s40000_k20_y0,2000,70000,40000,20,0,0,9999,NA,1608,0,9999,1608,0,0,0,40,0,true,NA,0,0,-55,0,0,956,1000,false,false,none,false,true,true,true,true
647,h2000_e70000_s40000_k40_y0,2000,70000,40000,40,0,0,9999,NA,1608,0,9999,1608,0,0,0,40,0,true,NA,0,0,-55,0,0,956,1000,false,false,none,false,true,true,true,true
648,h2000_e70000_s40000_k5_y0,2000,70000,40000,5,0,0,9999,NA,1608,0,9999,1608,0,0,0,40,0,true,NA,0,0,-55,0,0,956,1000,false,false,none,false,true,true,true,true
649,h100_e50000_s80000_k10_y0,100,50000,80000,10,0,0,9765,NA,1603,0,9765,1603,0,0,0,40,0,true,NA,0,0,-832,0,0,59,1000,false,false,none,false,true,true,true,true
650,h100_e50000_s80000_k20_y0,100,50000,80000,20,0,0,9765,NA,1603,0,9765,1603,0,0,0,40,0,true,NA,0,0,-832,0,0,59,1000,false,false,none,false,true,true,true,true
651,h100_e50000_s80000_k40_y0,100,50000,80000,40,0,0,9765,NA,1603,0,9765,1603,0,0,0,40,0,true,NA,0,0,-832,0,0,59,1000,false,false,none,false,true,true,true,true
652,h100_e50000_s80000_k5_y0,100,50000,80000,5,0,0,9765,NA,1603,0,9765,1603,0,0,0,40,0,true,NA,0,0,-832,0,0,59,1000,false,false,none,false,true,true,true,true
653,h1000_e100000_s40000_k10_y0,1000,100000,40000,10,0,0,10000,NA,1599,0,10000,1599,0,0,0,40,0,true,NA,0,0,-1,0,0,348,1000,false,false,none,false,true,true,true,true
654,h1000_e100000_s40000_k20_y0,1000,100000,40000,20,0,0,10000,NA,1599,0,10000,1599,0,0,0,40,0,true,NA,0,0,-1,0,0,348,1000,false,false,none,false,true,true,true,true
655,h1000_e100000_s40000_k40_y0,1000,100000,40000,40,0,0,10000,NA,1599,0,10000,1599,0,0,0,40,0,true,NA,0,0,-1,0,0,348,1000,false,false,none,false,true,true,true,true
656,h1000_e100000_s40000_k5_y0,1000,100000,40000,5,0,0,10000,NA,1599,0,10000,1599,0,0,0,40,0,true,NA,0,0,-1,0,0,348,1000,false,false,none,false,true,true,true,true
657,h300_e20000_s160000_k10_y0,300,20000,160000,10,0,1,9349,NA,1585,0,9349,1585,0,0,0,40,0,true,NA,0,1,-369346,0,1,242,1000,false,false,none,false,true,true,true,true
658,h300_e20000_s160000_k20_y0,300,20000,160000,20,0,1,9349,NA,1585,0,9349,1585,0,0,0,40,0,true,NA,0,1,-369346,0,1,242,1000,false,false,none,false,true,true,true,true
659,h300_e20000_s160000_k40_y0,300,20000,160000,40,0,1,9349,NA,1585,0,9349,1585,0,0,0,40,0,true,NA,0,1,-369346,0,1,242,1000,false,false,none,false,true,true,true,true
660,h300_e20000_s160000_k5_y0,300,20000,160000,5,0,1,9349,NA,1585,0,9349,1585,0,0,0,40,0,true,NA,0,1,-369346,0,1,242,1000,false,false,none,false,true,true,true,true
661,h1500_e70000_s40000_k10_y0,1500,70000,40000,10,0,0,9999,NA,1577,0,9999,1577,0,0,0,40,0,true,NA,0,0,-41,0,0,717,1000,false,false,none,false,true,true,true,true
662,h1500_e70000_s40000_k20_y0,1500,70000,40000,20,0,0,9999,NA,1577,0,9999,1577,0,0,0,40,0,true,NA,0,0,-41,0,0,717,1000,false,false,none,false,true,true,true,true
663,h1500_e70000_s40000_k40_y0,1500,70000,40000,40,0,0,9999,NA,1577,0,9999,1577,0,0,0,40,0,true,NA,0,0,-41,0,0,717,1000,false,false,none,false,true,true,true,true
664,h1500_e70000_s40000_k5_y0,1500,70000,40000,5,0,0,9999,NA,1577,0,9999,1577,0,0,0,40,0,true,NA,0,0,-41,0,0,717,1000,false,false,none,false,true,true,true,true
665,h3000_e40000_s40000_k10_y0,3000,40000,40000,10,0,1,9999,NA,1575,0,9999,1575,0,0,0,40,0,true,NA,0,1,-15687,0,1,1968,1000,false,false,none,false,true,true,true,true
666,h3000_e40000_s40000_k20_y0,3000,40000,40000,20,0,1,9999,NA,1575,0,9999,1575,0,0,0,40,0,true,NA,0,1,-15687,0,1,1968,1000,false,false,none,false,true,true,true,true
667,h3000_e40000_s40000_k40_y0,3000,40000,40000,40,0,1,9999,NA,1575,0,9999,1575,0,0,0,40,0,true,NA,0,1,-15687,0,1,1968,1000,false,false,none,false,true,true,true,true
668,h3000_e40000_s40000_k5_y0,3000,40000,40000,5,0,1,9999,NA,1575,0,9999,1575,0,0,0,40,0,true,NA,0,1,-15687,0,1,1968,1000,false,false,none,false,true,true,true,true
669,h1500_e15000_s80000_k10_y0,1500,15000,80000,10,0,2,9362,NA,1573,0,9362,1573,0,0,0,40,0,true,NA,0,1,-1194196,0,1,1274,1005,false,false,none,false,true,true,true,true
670,h1500_e15000_s80000_k20_y0,1500,15000,80000,20,0,2,9362,NA,1573,0,9362,1573,0,0,0,40,0,true,NA,0,1,-1194196,0,1,1274,1005,false,false,none,false,true,true,true,true
671,h1500_e15000_s80000_k40_y0,1500,15000,80000,40,0,2,9362,NA,1573,0,9362,1573,0,0,0,40,0,true,NA,0,1,-1194196,0,1,1274,1005,false,false,none,false,true,true,true,true
672,h1500_e15000_s80000_k5_y0,1500,15000,80000,5,0,2,9362,NA,1573,0,9362,1573,0,0,0,40,0,true,NA,0,1,-1194196,0,1,1274,1005,false,false,none,false,true,true,true,true
673,h500_e30000_s80000_k10_y0,500,30000,80000,10,0,1,9365,NA,1571,0,9365,1571,0,0,0,40,0,true,NA,0,1,-57068,0,1,364,1000,false,false,none,false,true,true,true,true
674,h500_e30000_s80000_k20_y0,500,30000,80000,20,0,1,9365,NA,1571,0,9365,1571,0,0,0,40,0,true,NA,0,1,-57068,0,1,364,1000,false,false,none,false,true,true,true,true
675,h500_e30000_s80000_k40_y0,500,30000,80000,40,0,1,9365,NA,1571,0,9365,1571,0,0,0,40,0,true,NA,0,1,-57068,0,1,364,1000,false,false,none,false,true,true,true,true
676,h500_e30000_s80000_k5_y0,500,30000,80000,5,0,1,9365,NA,1571,0,9365,1571,0,0,0,40,0,true,NA,0,1,-57068,0,1,364,1000,false,false,none,false,true,true,true,true
677,h700_e100000_s40000_k10_y0,700,100000,40000,10,0,0,10000,NA,1571,0,10000,1571,0,0,0,40,0,true,NA,0,0,-1,0,0,244,1000,false,false,none,false,true,true,true,true
678,h700_e100000_s40000_k20_y0,700,100000,40000,20,0,0,10000,NA,1571,0,10000,1571,0,0,0,40,0,true,NA,0,0,-1,0,0,244,1000,false,false,none,false,true,true,true,true
679,h700_e100000_s40000_k40_y0,700,100000,40000,40,0,0,10000,NA,1571,0,10000,1571,0,0,0,40,0,true,NA,0,0,-1,0,0,244,1000,false,false,none,false,true,true,true,true
680,h700_e100000_s40000_k5_y0,700,100000,40000,5,0,0,10000,NA,1571,0,10000,1571,0,0,0,40,0,true,NA,0,0,-1,0,0,244,1000,false,false,none,false,true,true,true,true
681,h10000_e15000_s20000_k10_y0,10000,15000,20000,10,0,2,9983,NA,1558,0,9983,1558,0,0,0,40,0,true,NA,0,1,-2378403,0,1,8499,1035,false,false,none,false,true,true,true,true
682,h10000_e15000_s20000_k20_y0,10000,15000,20000,20,0,2,9983,NA,1558,0,9983,1558,0,0,0,40,0,true,NA,0,1,-2378403,0,1,8499,1035,false,false,none,false,true,true,true,true
683,h10000_e15000_s20000_k40_y0,10000,15000,20000,40,0,2,9983,NA,1558,0,9983,1558,0,0,0,40,0,true,NA,0,1,-2378403,0,1,8499,1035,false,false,none,false,true,true,true,true
684,h10000_e15000_s20000_k5_y0,10000,15000,20000,5,0,2,9983,NA,1558,0,9983,1558,0,0,0,40,0,true,NA,0,1,-2378403,0,1,8499,1035,false,false,none,false,true,true,true,true
685,h2000_e50000_s40000_k10_y0,2000,50000,40000,10,0,0,9999,NA,1550,0,9999,1550,0,0,0,40,0,true,NA,0,0,-1833,0,0,1180,1000,false,false,none,false,true,true,true,true
686,h2000_e50000_s40000_k20_y0,2000,50000,40000,20,0,0,9999,NA,1550,0,9999,1550,0,0,0,40,0,true,NA,0,0,-1833,0,0,1180,1000,false,false,none,false,true,true,true,true
687,h2000_e50000_s40000_k40_y0,2000,50000,40000,40,0,0,9999,NA,1550,0,9999,1550,0,0,0,40,0,true,NA,0,0,-1833,0,0,1180,1000,false,false,none,false,true,true,true,true
688,h2000_e50000_s40000_k5_y0,2000,50000,40000,5,0,0,9999,NA,1550,0,9999,1550,0,0,0,40,0,true,NA,0,0,-1833,0,0,1180,1000,false,false,none,false,true,true,true,true
689,h500_e100000_s40000_k10_y0,500,100000,40000,10,0,0,10000,NA,1546,0,10000,1546,0,0,0,40,0,true,NA,0,0,-1,0,0,174,1000,false,false,none,false,true,true,true,true
690,h500_e100000_s40000_k20_y0,500,100000,40000,20,0,0,10000,NA,1546,0,10000,1546,0,0,0,40,0,true,NA,0,0,-1,0,0,174,1000,false,false,none,false,true,true,true,true
691,h500_e100000_s40000_k40_y0,500,100000,40000,40,0,0,10000,NA,1546,0,10000,1546,0,0,0,40,0,true,NA,0,0,-1,0,0,174,1000,false,false,none,false,true,true,true,true
692,h500_e100000_s40000_k5_y0,500,100000,40000,5,0,0,10000,NA,1546,0,10000,1546,0,0,0,40,0,true,NA,0,0,-1,0,0,174,1000,false,false,none,false,true,true,true,true
693,h700_e25000_s80000_k10_y0,700,25000,80000,10,0,1,9393,NA,1545,0,9393,1545,0,0,0,40,0,true,NA,0,1,-153070,0,1,537,1000,false,false,none,false,true,true,true,true
694,h700_e25000_s80000_k20_y0,700,25000,80000,20,0,1,9393,NA,1545,0,9393,1545,0,0,0,40,0,true,NA,0,1,-153070,0,1,537,1000,false,false,none,false,true,true,true,true
695,h700_e25000_s80000_k40_y0,700,25000,80000,40,0,1,9393,NA,1545,0,9393,1545,0,0,0,40,0,true,NA,0,1,-153070,0,1,537,1000,false,false,none,false,true,true,true,true
696,h700_e25000_s80000_k5_y0,700,25000,80000,5,0,1,9393,NA,1545,0,9393,1545,0,0,0,40,0,true,NA,0,1,-153070,0,1,537,1000,false,false,none,false,true,true,true,true
697,h3000_e10000_s40000_k10_y0,3000,10000,40000,10,0,16,9394,NA,1545,0,9394,1545,0,0,0,40,0,true,NA,0,5,-3000552,0,9,2633,1060,false,false,none,false,true,true,true,true
698,h3000_e10000_s40000_k20_y0,3000,10000,40000,20,0,16,9394,NA,1545,0,9394,1545,0,0,0,40,0,true,NA,0,5,-3000552,0,9,2633,1060,false,false,none,false,true,true,true,true
699,h3000_e10000_s40000_k40_y0,3000,10000,40000,40,0,16,9394,NA,1545,0,9394,1545,0,0,0,40,0,true,NA,0,5,-3000552,0,9,2633,1060,false,false,none,false,true,true,true,true
700,h3000_e10000_s40000_k5_y0,3000,10000,40000,5,0,16,9394,NA,1545,0,9394,1545,0,0,0,40,0,true,NA,0,5,-3000552,0,9,2633,1060,false,false,none,false,true,true,true,true
701,h500_e15000_s160000_k10_y0,500,15000,160000,10,0,2,9396,NA,1543,0,9396,1543,0,0,0,40,0,true,NA,0,1,-906556,0,1,424,1001,false,false,none,false,true,true,true,true
702,h500_e15000_s160000_k20_y0,500,15000,160000,20,0,2,9396,NA,1543,0,9396,1543,0,0,0,40,0,true,NA,0,1,-906556,0,1,424,1001,false,false,none,false,true,true,true,true
703,h500_e15000_s160000_k40_y0,500,15000,160000,40,0,2,9396,NA,1543,0,9396,1543,0,0,0,40,0,true,NA,0,1,-906556,0,1,424,1001,false,false,none,false,true,true,true,true
704,h500_e15000_s160000_k5_y0,500,15000,160000,5,0,2,9396,NA,1543,0,9396,1543,0,0,0,40,0,true,NA,0,1,-906556,0,1,424,1001,false,false,none,false,true,true,true,true
705,h1000_e20000_s80000_k10_y0,1000,20000,80000,10,0,1,9404,NA,1536,0,9404,1536,0,0,0,40,0,true,NA,0,1,-417869,0,1,809,1000,false,false,none,false,true,true,true,true
706,h1000_e20000_s80000_k20_y0,1000,20000,80000,20,0,1,9404,NA,1536,0,9404,1536,0,0,0,40,0,true,NA,0,1,-417869,0,1,809,1000,false,false,none,false,true,true,true,true
707,h1000_e20000_s80000_k40_y0,1000,20000,80000,40,0,1,9404,NA,1536,0,9404,1536,0,0,0,40,0,true,NA,0,1,-417869,0,1,809,1000,false,false,none,false,true,true,true,true
708,h1000_e20000_s80000_k5_y0,1000,20000,80000,5,0,1,9404,NA,1536,0,9404,1536,0,0,0,40,0,true,NA,0,1,-417869,0,1,809,1000,false,false,none,false,true,true,true,true
709,h1000_e70000_s40000_k10_y0,1000,70000,40000,10,0,0,9999,NA,1534,0,9999,1534,0,0,0,40,0,true,NA,0,0,-28,0,0,478,1000,false,false,none,false,true,true,true,true
710,h1000_e70000_s40000_k20_y0,1000,70000,40000,20,0,0,9999,NA,1534,0,9999,1534,0,0,0,40,0,true,NA,0,0,-28,0,0,478,1000,false,false,none,false,true,true,true,true
711,h1000_e70000_s40000_k40_y0,1000,70000,40000,40,0,0,9999,NA,1534,0,9999,1534,0,0,0,40,0,true,NA,0,0,-28,0,0,478,1000,false,false,none,false,true,true,true,true
712,h1000_e70000_s40000_k5_y0,1000,70000,40000,5,0,0,9999,NA,1534,0,9999,1534,0,0,0,40,0,true,NA,0,0,-28,0,0,478,1000,false,false,none,false,true,true,true,true
713,h1500_e10000_s80000_k10_y0,1500,10000,80000,10,0,15,9416,NA,1525,0,9416,1525,0,0,0,40,0,true,NA,0,4,-2355321,0,7,1316,1030,false,false,none,false,true,true,true,true
714,h1500_e10000_s80000_k20_y0,1500,10000,80000,20,0,15,9416,NA,1525,0,9416,1525,0,0,0,40,0,true,NA,0,4,-2355321,0,7,1316,1030,false,false,none,false,true,true,true,true
715,h1500_e10000_s80000_k40_y0,1500,10000,80000,40,0,15,9416,NA,1525,0,9416,1525,0,0,0,40,0,true,NA,0,4,-2355321,0,7,1316,1030,false,false,none,false,true,true,true,true
716,h1500_e10000_s80000_k5_y0,1500,10000,80000,5,0,15,9416,NA,1525,0,9416,1525,0,0,0,40,0,true,NA,0,4,-2355321,0,7,1316,1030,false,false,none,false,true,true,true,true
717,h3000_e30000_s40000_k10_y0,3000,30000,40000,10,0,1,9999,NA,1518,0,9999,1518,0,0,0,40,0,true,NA,0,1,-89815,0,1,2186,1000,false,false,none,false,true,true,true,true
718,h3000_e30000_s40000_k20_y0,3000,30000,40000,20,0,1,9999,NA,1518,0,9999,1518,0,0,0,40,0,true,NA,0,1,-89815,0,1,2186,1000,false,false,none,false,true,true,true,true
719,h3000_e30000_s40000_k40_y0,3000,30000,40000,40,0,1,9999,NA,1518,0,9999,1518,0,0,0,40,0,true,NA,0,1,-89815,0,1,2186,1000,false,false,none,false,true,true,true,true
720,h3000_e30000_s40000_k5_y0,3000,30000,40000,5,0,1,9999,NA,1518,0,9999,1518,0,0,0,40,0,true,NA,0,1,-89815,0,1,2186,1000,false,false,none,false,true,true,true,true
721,h300_e100000_s40000_k10_y0,300,100000,40000,10,0,0,10000,NA,1511,0,10000,1511,0,0,0,40,0,true,NA,0,0,-1,0,0,104,1000,false,false,none,false,true,true,true,true
722,h300_e100000_s40000_k20_y0,300,100000,40000,20,0,0,10000,NA,1511,0,10000,1511,0,0,0,40,0,true,NA,0,0,-1,0,0,104,1000,false,false,none,false,true,true,true,true
723,h300_e100000_s40000_k40_y0,300,100000,40000,40,0,0,10000,NA,1511,0,10000,1511,0,0,0,40,0,true,NA,0,0,-1,0,0,104,1000,false,false,none,false,true,true,true,true
724,h300_e100000_s40000_k5_y0,300,100000,40000,5,0,0,10000,NA,1511,0,10000,1511,0,0,0,40,0,true,NA,0,0,-1,0,0,104,1000,false,false,none,false,true,true,true,true
725,h1500_e50000_s40000_k10_y0,1500,50000,40000,10,0,0,9999,NA,1507,0,9999,1507,0,0,0,40,0,true,NA,0,0,-1380,0,0,885,1000,false,false,none,false,true,true,true,true
726,h1500_e50000_s40000_k20_y0,1500,50000,40000,20,0,0,9999,NA,1507,0,9999,1507,0,0,0,40,0,true,NA,0,0,-1380,0,0,885,1000,false,false,none,false,true,true,true,true
727,h1500_e50000_s40000_k40_y0,1500,50000,40000,40,0,0,9999,NA,1507,0,9999,1507,0,0,0,40,0,true,NA,0,0,-1380,0,0,885,1000,false,false,none,false,true,true,true,true
728,h1500_e50000_s40000_k5_y0,1500,50000,40000,5,0,0,9999,NA,1507,0,9999,1507,0,0,0,40,0,true,NA,0,0,-1380,0,0,885,1000,false,false,none,false,true,true,true,true
729,h2000_e40000_s40000_k10_y0,2000,40000,40000,10,0,1,9999,NA,1500,0,9999,1500,0,0,0,40,0,true,NA,0,1,-10583,0,1,1312,1000,false,false,none,false,true,true,true,true
730,h2000_e40000_s40000_k20_y0,2000,40000,40000,20,0,1,9999,NA,1500,0,9999,1500,0,0,0,40,0,true,NA,0,1,-10583,0,1,1312,1000,false,false,none,false,true,true,true,true
731,h2000_e40000_s40000_k40_y0,2000,40000,40000,40,0,1,9999,NA,1500,0,9999,1500,0,0,0,40,0,true,NA,0,1,-10583,0,1,1312,1000,false,false,none,false,true,true,true,true
732,h2000_e40000_s40000_k5_y0,2000,40000,40000,5,0,1,9999,NA,1500,0,9999,1500,0,0,0,40,0,true,NA,0,1,-10583,0,1,1312,1000,false,false,none,false,true,true,true,true
733,h700_e70000_s40000_k10_y0,700,70000,40000,10,0,0,9999,NA,1497,0,9999,1497,0,0,0,40,0,true,NA,0,0,-20,0,0,334,1000,false,false,none,false,true,true,true,true
734,h700_e70000_s40000_k20_y0,700,70000,40000,20,0,0,9999,NA,1497,0,9999,1497,0,0,0,40,0,true,NA,0,0,-20,0,0,334,1000,false,false,none,false,true,true,true,true
735,h700_e70000_s40000_k40_y0,700,70000,40000,40,0,0,9999,NA,1497,0,9999,1497,0,0,0,40,0,true,NA,0,0,-20,0,0,334,1000,false,false,none,false,true,true,true,true
736,h700_e70000_s40000_k5_y0,700,70000,40000,5,0,0,9999,NA,1497,0,9999,1497,0,0,0,40,0,true,NA,0,0,-20,0,0,334,1000,false,false,none,false,true,true,true,true
737,h700_e10000_s160000_k10_y0,700,10000,160000,10,0,15,9159,307372,1488,0,9159,1488,0,0,0,40,0,true,NA,0,3,-1898783,0,5,614,1014,false,false,none,false,true,true,true,true
738,h700_e10000_s160000_k20_y0,700,10000,160000,20,0,15,9159,307372,1488,0,9159,1488,0,0,0,40,0,true,NA,0,3,-1898783,0,5,614,1014,false,false,none,false,true,true,true,true
739,h700_e10000_s160000_k40_y0,700,10000,160000,40,0,15,9159,307372,1488,0,9159,1488,0,0,0,40,0,true,NA,0,3,-1898783,0,5,614,1014,false,false,none,false,true,true,true,true
740,h700_e10000_s160000_k5_y0,700,10000,160000,5,0,15,9159,307372,1488,0,9159,1488,0,0,0,40,0,true,NA,0,3,-1898783,0,5,614,1014,false,false,none,false,true,true,true,true
741,h3000_e25000_s40000_k10_y0,3000,25000,40000,10,0,1,9458,NA,1487,0,9458,1487,0,0,0,40,0,true,NA,0,1,-214804,0,1,2304,1000,false,false,none,false,true,true,true,true
742,h3000_e25000_s40000_k20_y0,3000,25000,40000,20,0,1,9458,NA,1487,0,9458,1487,0,0,0,40,0,true,NA,0,1,-214804,0,1,2304,1000,false,false,none,false,true,true,true,true
743,h3000_e25000_s40000_k40_y0,3000,25000,40000,40,0,1,9458,NA,1487,0,9458,1487,0,0,0,40,0,true,NA,0,1,-214804,0,1,2304,1000,false,false,none,false,true,true,true,true
744,h3000_e25000_s40000_k5_y0,3000,25000,40000,5,0,1,9458,NA,1487,0,9458,1487,0,0,0,40,0,true,NA,0,1,-214804,0,1,2304,1000,false,false,none,false,true,true,true,true
745,h100_e25000_s160000_k10_y0,100,25000,160000,10,0,1,9464,NA,1482,0,9464,1482,0,0,0,40,0,true,NA,0,1,-85453,0,1,76,1000,false,false,none,false,true,true,true,true
746,h100_e25000_s160000_k20_y0,100,25000,160000,20,0,1,9464,NA,1482,0,9464,1482,0,0,0,40,0,true,NA,0,1,-85453,0,1,76,1000,false,false,none,false,true,true,true,true
747,h100_e25000_s160000_k40_y0,100,25000,160000,40,0,1,9464,NA,1482,0,9464,1482,0,0,0,40,0,true,NA,0,1,-85453,0,1,76,1000,false,false,none,false,true,true,true,true
748,h100_e25000_s160000_k5_y0,100,25000,160000,5,0,1,9464,NA,1482,0,9464,1482,0,0,0,40,0,true,NA,0,1,-85453,0,1,76,1000,false,false,none,false,true,true,true,true
749,h3000_e15000_s40000_k10_y0,3000,15000,40000,10,0,1,9479,NA,1468,0,9479,1468,0,0,0,40,0,true,NA,0,1,-1236993,0,1,2549,1010,false,false,none,false,true,true,true,true
750,h3000_e15000_s40000_k20_y0,3000,15000,40000,20,0,1,9479,NA,1468,0,9479,1468,0,0,0,40,0,true,NA,0,1,-1236993,0,1,2549,1010,false,false,none,false,true,true,true,true
751,h3000_e15000_s40000_k40_y0,3000,15000,40000,40,0,1,9479,NA,1468,0,9479,1468,0,0,0,40,0,true,NA,0,1,-1236993,0,1,2549,1010,false,false,none,false,true,true,true,true
752,h3000_e15000_s40000_k5_y0,3000,15000,40000,5,0,1,9479,NA,1468,0,9479,1468,0,0,0,40,0,true,NA,0,1,-1236993,0,1,2549,1010,false,false,none,false,true,true,true,true
753,h3000_e20000_s40000_k10_y0,3000,20000,40000,10,0,1,9482,NA,1465,0,9482,1465,0,0,0,40,0,true,NA,0,1,-514431,0,1,2427,1002,false,false,none,false,true,true,true,true
754,h3000_e20000_s40000_k20_y0,3000,20000,40000,20,0,1,9482,NA,1465,0,9482,1465,0,0,0,40,0,true,NA,0,1,-514431,0,1,2427,1002,false,false,none,false,true,true,true,true
755,h3000_e20000_s40000_k40_y0,3000,20000,40000,40,0,1,9482,NA,1465,0,9482,1465,0,0,0,40,0,true,NA,0,1,-514431,0,1,2427,1002,false,false,none,false,true,true,true,true
756,h3000_e20000_s40000_k5_y0,3000,20000,40000,5,0,1,9482,NA,1465,0,9482,1465,0,0,0,40,0,true,NA,0,1,-514431,0,1,2427,1002,false,false,none,false,true,true,true,true
757,h500_e70000_s40000_k10_y0,500,70000,40000,10,0,0,9485,NA,1463,0,9485,1463,0,0,0,40,0,true,NA,0,0,-14,0,0,239,1000,false,false,none,false,true,true,true,true
758,h500_e70000_s40000_k20_y0,500,70000,40000,20,0,0,9485,NA,1463,0,9485,1463,0,0,0,40,0,true,NA,0,0,-14,0,0,239,1000,false,false,none,false,true,true,true,true
759,h500_e70000_s40000_k40_y0,500,70000,40000,40,0,0,9485,NA,1463,0,9485,1463,0,0,0,40,0,true,NA,0,0,-14,0,0,239,1000,false,false,none,false,true,true,true,true
760,h500_e70000_s40000_k5_y0,500,70000,40000,5,0,0,9485,NA,1463,0,9485,1463,0,0,0,40,0,true,NA,0,0,-14,0,0,239,1000,false,false,none,false,true,true,true,true
761,h500_e25000_s80000_k10_y0,500,25000,80000,10,0,1,9490,NA,1458,0,9490,1458,0,0,0,40,0,true,NA,0,1,-110737,0,1,384,1000,false,false,none,false,true,true,true,true
762,h500_e25000_s80000_k20_y0,500,25000,80000,20,0,1,9490,NA,1458,0,9490,1458,0,0,0,40,0,true,NA,0,1,-110737,0,1,384,1000,false,false,none,false,true,true,true,true
763,h500_e25000_s80000_k40_y0,500,25000,80000,40,0,1,9490,NA,1458,0,9490,1458,0,0,0,40,0,true,NA,0,1,-110737,0,1,384,1000,false,false,none,false,true,true,true,true
764,h500_e25000_s80000_k5_y0,500,25000,80000,5,0,1,9490,NA,1458,0,9490,1458,0,0,0,40,0,true,NA,0,1,-110737,0,1,384,1000,false,false,none,false,true,true,true,true
765,h300_e30000_s80000_k10_y0,300,30000,80000,10,0,1,9496,NA,1452,0,9496,1452,0,0,0,40,0,true,NA,0,1,-34697,0,1,218,1000,false,false,none,false,true,true,true,true
766,h300_e30000_s80000_k20_y0,300,30000,80000,20,0,1,9496,NA,1452,0,9496,1452,0,0,0,40,0,true,NA,0,1,-34697,0,1,218,1000,false,false,none,false,true,true,true,true
767,h300_e30000_s80000_k40_y0,300,30000,80000,40,0,1,9496,NA,1452,0,9496,1452,0,0,0,40,0,true,NA,0,1,-34697,0,1,218,1000,false,false,none,false,true,true,true,true
768,h300_e30000_s80000_k5_y0,300,30000,80000,5,0,1,9496,NA,1452,0,9496,1452,0,0,0,40,0,true,NA,0,1,-34697,0,1,218,1000,false,false,none,false,true,true,true,true
769,h1000_e50000_s40000_k10_y0,1000,50000,40000,10,0,0,9498,NA,1451,0,9498,1451,0,0,0,40,0,true,NA,0,0,-923,0,1,590,1000,false,false,none,false,true,true,true,true
770,h1000_e50000_s40000_k20_y0,1000,50000,40000,20,0,0,9498,NA,1451,0,9498,1451,0,0,0,40,0,true,NA,0,0,-923,0,1,590,1000,false,false,none,false,true,true,true,true
771,h1000_e50000_s40000_k40_y0,1000,50000,40000,40,0,0,9498,NA,1451,0,9498,1451,0,0,0,40,0,true,NA,0,0,-923,0,1,590,1000,false,false,none,false,true,true,true,true
772,h1000_e50000_s40000_k5_y0,1000,50000,40000,5,0,0,9498,NA,1451,0,9498,1451,0,0,0,40,0,true,NA,0,0,-923,0,1,590,1000,false,false,none,false,true,true,true,true
773,h1500_e40000_s40000_k10_y0,1500,40000,40000,10,0,1,9500,NA,1449,0,9500,1449,0,0,0,40,0,true,NA,0,0,-7985,0,1,984,1000,false,false,none,false,true,true,true,true
774,h1500_e40000_s40000_k20_y0,1500,40000,40000,20,0,1,9500,NA,1449,0,9500,1449,0,0,0,40,0,true,NA,0,0,-7985,0,1,984,1000,false,false,none,false,true,true,true,true
775,h1500_e40000_s40000_k40_y0,1500,40000,40000,40,0,1,9500,NA,1449,0,9500,1449,0,0,0,40,0,true,NA,0,0,-7985,0,1,984,1000,false,false,none,false,true,true,true,true
776,h1500_e40000_s40000_k5_y0,1500,40000,40000,5,0,1,9500,NA,1449,0,9500,1449,0,0,0,40,0,true,NA,0,0,-7985,0,1,984,1000,false,false,none,false,true,true,true,true
777,h100_e40000_s80000_k10_y0,100,40000,80000,10,0,1,9503,NA,1446,0,9503,1446,0,0,0,40,0,true,NA,0,0,-3121,0,1,65,1000,false,false,none,false,true,true,true,true
778,h100_e40000_s80000_k20_y0,100,40000,80000,20,0,1,9503,NA,1446,0,9503,1446,0,0,0,40,0,true,NA,0,0,-3121,0,1,65,1000,false,false,none,false,true,true,true,true
779,h100_e40000_s80000_k40_y0,100,40000,80000,40,0,1,9503,NA,1446,0,9503,1446,0,0,0,40,0,true,NA,0,0,-3121,0,1,65,1000,false,false,none,false,true,true,true,true
780,h100_e40000_s80000_k5_y0,100,40000,80000,5,0,1,9503,NA,1446,0,9503,1446,0,0,0,40,0,true,NA,0,0,-3121,0,1,65,1000,false,false,none,false,true,true,true,true
781,h10000_e20000_s20000_k10_y0,10000,20000,20000,10,0,1,9997,NA,1441,0,9997,1441,0,0,0,40,0,true,NA,0,1,-858788,0,1,8092,1006,false,false,none,false,true,true,true,true
782,h10000_e20000_s20000_k20_y0,10000,20000,20000,20,0,1,9997,NA,1441,0,9997,1441,0,0,0,40,0,true,NA,0,1,-858788,0,1,8092,1006,false,false,none,false,true,true,true,true
783,h10000_e20000_s20000_k40_y0,10000,20000,20000,40,0,1,9997,NA,1441,0,9997,1441,0,0,0,40,0,true,NA,0,1,-858788,0,1,8092,1006,false,false,none,false,true,true,true,true
784,h10000_e20000_s20000_k5_y0,10000,20000,20000,5,0,1,9997,NA,1441,0,9997,1441,0,0,0,40,0,true,NA,0,1,-858788,0,1,8092,1006,false,false,none,false,true,true,true,true
785,h1000_e15000_s80000_k10_y0,1000,15000,80000,10,0,1,9515,NA,1435,0,9515,1435,0,0,0,40,0,true,NA,0,1,-816274,0,1,849,1003,false,false,none,false,true,true,true,true
786,h1000_e15000_s80000_k20_y0,1000,15000,80000,20,0,1,9515,NA,1435,0,9515,1435,0,0,0,40,0,true,NA,0,1,-816274,0,1,849,1003,false,false,none,false,true,true,true,true
787,h1000_e15000_s80000_k40_y0,1000,15000,80000,40,0,1,9515,NA,1435,0,9515,1435,0,0,0,40,0,true,NA,0,1,-816274,0,1,849,1003,false,false,none,false,true,true,true,true
788,h1000_e15000_s80000_k5_y0,1000,15000,80000,5,0,1,9515,NA,1435,0,9515,1435,0,0,0,40,0,true,NA,0,1,-816274,0,1,849,1003,false,false,none,false,true,true,true,true
789,h100_e100000_s40000_k10_y0,100,100000,40000,10,0,0,9517,NA,1433,0,9517,1433,0,0,0,40,0,true,NA,0,0,-1,0,0,34,1000,false,false,none,false,true,true,true,true
790,h100_e100000_s40000_k20_y0,100,100000,40000,20,0,0,9517,NA,1433,0,9517,1433,0,0,0,40,0,true,NA,0,0,-1,0,0,34,1000,false,false,none,false,true,true,true,true
791,h100_e100000_s40000_k40_y0,100,100000,40000,40,0,0,9517,NA,1433,0,9517,1433,0,0,0,40,0,true,NA,0,0,-1,0,0,34,1000,false,false,none,false,true,true,true,true
792,h100_e100000_s40000_k5_y0,100,100000,40000,5,0,0,9517,NA,1433,0,9517,1433,0,0,0,40,0,true,NA,0,0,-1,0,0,34,1000,false,false,none,false,true,true,true,true
793,h700_e20000_s80000_k10_y0,700,20000,80000,10,0,1,9518,NA,1432,0,9518,1432,0,0,0,40,0,true,NA,0,1,-297664,0,1,566,1000,false,false,none,false,true,true,true,true
794,h700_e20000_s80000_k20_y0,700,20000,80000,20,0,1,9518,NA,1432,0,9518,1432,0,0,0,40,0,true,NA,0,1,-297664,0,1,566,1000,false,false,none,false,true,true,true,true
795,h700_e20000_s80000_k40_y0,700,20000,80000,40,0,1,9518,NA,1432,0,9518,1432,0,0,0,40,0,true,NA,0,1,-297664,0,1,566,1000,false,false,none,false,true,true,true,true
796,h700_e20000_s80000_k5_y0,700,20000,80000,5,0,1,9518,NA,1432,0,9518,1432,0,0,0,40,0,true,NA,0,1,-297664,0,1,566,1000,false,false,none,false,true,true,true,true
797,h2000_e30000_s40000_k10_y0,2000,30000,40000,10,0,1,9525,NA,1427,0,9525,1427,0,0,0,40,0,true,NA,0,1,-60943,0,1,1457,1000,false,false,none,false,true,true,true,true
798,h2000_e30000_s40000_k20_y0,2000,30000,40000,20,0,1,9525,NA,1427,0,9525,1427,0,0,0,40,0,true,NA,0,1,-60943,0,1,1457,1000,false,false,none,false,true,true,true,true
799,h2000_e30000_s40000_k40_y0,2000,30000,40000,40,0,1,9525,NA,1427,0,9525,1427,0,0,0,40,0,true,NA,0,1,-60943,0,1,1457,1000,false,false,none,false,true,true,true,true
800,h2000_e30000_s40000_k5_y0,2000,30000,40000,5,0,1,9525,NA,1427,0,9525,1427,0,0,0,40,0,true,NA,0,1,-60943,0,1,1457,1000,false,false,none,false,true,true,true,true
801,h300_e70000_s40000_k10_y0,300,70000,40000,10,0,0,9539,NA,1414,0,9539,1414,0,0,0,40,0,true,NA,0,0,-9,0,0,143,1000,false,false,none,false,true,true,true,true
802,h300_e70000_s40000_k20_y0,300,70000,40000,20,0,0,9539,NA,1414,0,9539,1414,0,0,0,40,0,true,NA,0,0,-9,0,0,143,1000,false,false,none,false,true,true,true,true
803,h300_e70000_s40000_k40_y0,300,70000,40000,40,0,0,9539,NA,1414,0,9539,1414,0,0,0,40,0,true,NA,0,0,-9,0,0,143,1000,false,false,none,false,true,true,true,true
804,h300_e70000_s40000_k5_y0,300,70000,40000,5,0,0,9539,NA,1414,0,9539,1414,0,0,0,40,0,true,NA,0,0,-9,0,0,143,1000,false,false,none,false,true,true,true,true
805,h10000_e10000_s5000_k10_y0,10000,10000,5000,10,0,17,9551,NA,1403,0,9551,1403,0,0,0,40,0,true,NA,0,12,-5050885,0,14,8783,1194,false,false,none,false,true,true,true,true
806,h10000_e10000_s5000_k20_y0,10000,10000,5000,20,0,17,9551,NA,1403,0,9551,1403,0,0,0,40,0,true,NA,0,12,-5050885,0,14,8783,1194,false,false,none,false,true,true,true,true
807,h10000_e10000_s5000_k40_y0,10000,10000,5000,40,0,17,9551,NA,1403,0,9551,1403,0,0,0,40,0,true,NA,0,12,-5050885,0,14,8783,1194,false,false,none,false,true,true,true,true
808,h10000_e10000_s5000_k5_y0,10000,10000,5000,5,0,17,9551,NA,1403,0,9551,1403,0,0,0,40,0,true,NA,0,12,-5050885,0,14,8783,1194,false,false,none,false,true,true,true,true
809,h700_e50000_s40000_k10_y0,700,50000,40000,10,0,0,9553,NA,1401,0,9553,1401,0,0,0,40,0,true,NA,0,0,-648,0,1,413,1000,false,false,none,false,true,true,true,true
810,h700_e50000_s40000_k20_y0,700,50000,40000,20,0,0,9553,NA,1401,0,9553,1401,0,0,0,40,0,true,NA,0,0,-648,0,1,413,1000,false,false,none,false,true,true,true,true
811,h700_e50000_s40000_k40_y0,700,50000,40000,40,0,0,9553,NA,1401,0,9553,1401,0,0,0,40,0,true,NA,0,0,-648,0,1,413,1000,false,false,none,false,true,true,true,true
812,h700_e50000_s40000_k5_y0,700,50000,40000,5,0,0,9553,NA,1401,0,9553,1401,0,0,0,40,0,true,NA,0,0,-648,0,1,413,1000,false,false,none,false,true,true,true,true
813,h2000_e10000_s40000_k10_y0,2000,10000,40000,10,0,13,7841,45592,1394,0,7841,1394,0,0,0,40,0,true,NA,0,4,-2046642,0,8,1755,1040,false,false,none,false,true,true,true,true
814,h2000_e10000_s40000_k20_y0,2000,10000,40000,20,0,13,7841,45592,1394,0,7841,1394,0,0,0,40,0,true,NA,0,4,-2046642,0,8,1755,1040,false,false,none,false,true,true,true,true
815,h2000_e10000_s40000_k40_y0,2000,10000,40000,40,0,13,7841,45592,1394,0,7841,1394,0,0,0,40,0,true,NA,0,4,-2046642,0,8,1755,1040,false,false,none,false,true,true,true,true
816,h2000_e10000_s40000_k5_y0,2000,10000,40000,5,0,13,7841,45592,1394,0,7841,1394,0,0,0,40,0,true,NA,0,4,-2046642,0,8,1755,1040,false,false,none,false,true,true,true,true
817,h2000_e25000_s40000_k10_y0,2000,25000,40000,10,0,1,9566,NA,1389,0,9566,1389,0,0,0,40,0,true,NA,0,1,-146206,0,1,1536,1000,false,false,none,false,true,true,true,true
818,h2000_e25000_s40000_k20_y0,2000,25000,40000,20,0,1,9566,NA,1389,0,9566,1389,0,0,0,40,0,true,NA,0,1,-146206,0,1,1536,1000,false,false,none,false,true,true,true,true
819,h2000_e25000_s40000_k40_y0,2000,25000,40000,40,0,1,9566,NA,1389,0,9566,1389,0,0,0,40,0,true,NA,0,1,-146206,0,1,1536,1000,false,false,none,false,true,true,true,true
820,h2000_e25000_s40000_k5_y0,2000,25000,40000,5,0,1,9566,NA,1389,0,9566,1389,0,0,0,40,0,true,NA,0,1,-146206,0,1,1536,1000,false,false,none,false,true,true,true,true
821,h10000_e25000_s20000_k10_y0,10000,25000,20000,10,0,1,9999,NA,1385,0,9999,1385,0,0,0,40,0,true,NA,0,1,-310829,0,1,7682,1001,false,false,none,false,true,true,true,true
822,h10000_e25000_s20000_k20_y0,10000,25000,20000,20,0,1,9999,NA,1385,0,9999,1385,0,0,0,40,0,true,NA,0,1,-310829,0,1,7682,1001,false,false,none,false,true,true,true,true
823,h10000_e25000_s20000_k40_y0,10000,25000,20000,40,0,1,9999,NA,1385,0,9999,1385,0,0,0,40,0,true,NA,0,1,-310829,0,1,7682,1001,false,false,none,false,true,true,true,true
824,h10000_e25000_s20000_k5_y0,10000,25000,20000,5,0,1,9999,NA,1385,0,9999,1385,0,0,0,40,0,true,NA,0,1,-310829,0,1,7682,1001,false,false,none,false,true,true,true,true
825,h300_e15000_s160000_k10_y0,300,15000,160000,10,0,1,9576,NA,1381,0,9576,1381,0,0,0,40,0,true,NA,0,1,-556694,0,1,254,1001,false,false,none,false,true,true,true,true
826,h300_e15000_s160000_k20_y0,300,15000,160000,20,0,1,9576,NA,1381,0,9576,1381,0,0,0,40,0,true,NA,0,1,-556694,0,1,254,1001,false,false,none,false,true,true,true,true
827,h300_e15000_s160000_k40_y0,300,15000,160000,40,0,1,9576,NA,1381,0,9576,1381,0,0,0,40,0,true,NA,0,1,-556694,0,1,254,1001,false,false,none,false,true,true,true,true
828,h300_e15000_s160000_k5_y0,300,15000,160000,5,0,1,9576,NA,1381,0,9576,1381,0,0,0,40,0,true,NA,0,1,-556694,0,1,254,1001,false,false,none,false,true,true,true,true
829,h1000_e10000_s80000_k10_y0,1000,10000,80000,10,0,14,6958,26557,1379,0,6958,1379,0,0,0,40,0,true,NA,0,3,-1600564,0,6,877,1020,false,false,none,false,true,true,true,true
830,h1000_e10000_s80000_k20_y0,1000,10000,80000,20,0,14,6958,26557,1379,0,6958,1379,0,0,0,40,0,true,NA,0,3,-1600564,0,6,877,1020,false,false,none,false,true,true,true,true
831,h1000_e10000_s80000_k40_y0,1000,10000,80000,40,0,14,6958,26557,1379,0,6958,1379,0,0,0,40,0,true,NA,0,3,-1600564,0,6,877,1020,false,false,none,false,true,true,true,true
832,h1000_e10000_s80000_k5_y0,1000,10000,80000,5,0,14,6958,26557,1379,0,6958,1379,0,0,0,40,0,true,NA,0,3,-1600564,0,6,877,1020,false,false,none,false,true,true,true,true
833,h1000_e40000_s40000_k10_y0,1000,40000,40000,10,0,1,9577,NA,1379,0,9577,1379,0,0,0,40,0,true,NA,0,0,-5355,0,1,656,1000,false,false,none,false,true,true,true,true
834,h1000_e40000_s40000_k20_y0,1000,40000,40000,20,0,1,9577,NA,1379,0,9577,1379,0,0,0,40,0,true,NA,0,0,-5355,0,1,656,1000,false,false,none,false,true,true,true,true
835,h1000_e40000_s40000_k40_y0,1000,40000,40000,40,0,1,9577,NA,1379,0,9577,1379,0,0,0,40,0,true,NA,0,0,-5355,0,1,656,1000,false,false,none,false,true,true,true,true
836,h1000_e40000_s40000_k5_y0,1000,40000,40000,5,0,1,9577,NA,1379,0,9577,1379,0,0,0,40,0,true,NA,0,0,-5355,0,1,656,1000,false,false,none,false,true,true,true,true
837,h500_e10000_s160000_k10_y0,500,10000,160000,10,0,15,6516,21225,1372,0,6516,1372,0,0,0,40,0,true,NA,0,2,-1375024,0,4,438,1010,false,false,none,false,true,true,true,true
838,h500_e10000_s160000_k20_y0,500,10000,160000,20,0,15,6516,21225,1372,0,6516,1372,0,0,0,40,0,true,NA,0,2,-1375024,0,4,438,1010,false,false,none,false,true,true,true,true
839,h500_e10000_s160000_k40_y0,500,10000,160000,40,0,15,6516,21225,1372,0,6516,1372,0,0,0,40,0,true,NA,0,2,-1375024,0,4,438,1010,false,false,none,false,true,true,true,true
840,h500_e10000_s160000_k5_y0,500,10000,160000,5,0,15,6516,21225,1372,0,6516,1372,0,0,0,40,0,true,NA,0,2,-1375024,0,4,438,1010,false,false,none,false,true,true,true,true
841,h1500_e30000_s40000_k10_y0,1500,30000,40000,10,0,1,9591,NA,1368,0,9591,1368,0,0,0,40,0,true,NA,0,1,-46119,0,1,1093,1000,false,false,none,false,true,true,true,true
842,h1500_e30000_s40000_k20_y0,1500,30000,40000,20,0,1,9591,NA,1368,0,9591,1368,0,0,0,40,0,true,NA,0,1,-46119,0,1,1093,1000,false,false,none,false,true,true,true,true
843,h1500_e30000_s40000_k40_y0,1500,30000,40000,40,0,1,9591,NA,1368,0,9591,1368,0,0,0,40,0,true,NA,0,1,-46119,0,1,1093,1000,false,false,none,false,true,true,true,true
844,h1500_e30000_s40000_k5_y0,1500,30000,40000,5,0,1,9591,NA,1368,0,9591,1368,0,0,0,40,0,true,NA,0,1,-46119,0,1,1093,1000,false,false,none,false,true,true,true,true
845,h2000_e20000_s40000_k10_y0,2000,20000,40000,10,0,1,9600,NA,1359,0,9600,1359,0,0,0,40,0,true,NA,0,1,-351053,0,1,1618,1001,false,false,none,false,true,true,true,true
846,h2000_e20000_s40000_k20_y0,2000,20000,40000,20,0,1,9600,NA,1359,0,9600,1359,0,0,0,40,0,true,NA,0,1,-351053,0,1,1618,1001,false,false,none,false,true,true,true,true
847,h2000_e20000_s40000_k40_y0,2000,20000,40000,40,0,1,9600,NA,1359,0,9600,1359,0,0,0,40,0,true,NA,0,1,-351053,0,1,1618,1001,false,false,none,false,true,true,true,true
848,h2000_e20000_s40000_k5_y0,2000,20000,40000,5,0,1,9600,NA,1359,0,9600,1359,0,0,0,40,0,true,NA,0,1,-351053,0,1,1618,1001,false,false,none,false,true,true,true,true
849,h500_e50000_s40000_k10_y0,500,50000,40000,10,0,0,9603,NA,1357,0,9603,1357,0,0,0,40,0,true,NA,0,0,-464,0,1,295,1000,false,false,none,false,true,true,true,true
850,h500_e50000_s40000_k20_y0,500,50000,40000,20,0,0,9603,NA,1357,0,9603,1357,0,0,0,40,0,true,NA,0,0,-464,0,1,295,1000,false,false,none,false,true,true,true,true
851,h500_e50000_s40000_k40_y0,500,50000,40000,40,0,0,9603,NA,1357,0,9603,1357,0,0,0,40,0,true,NA,0,0,-464,0,1,295,1000,false,false,none,false,true,true,true,true
852,h500_e50000_s40000_k5_y0,500,50000,40000,5,0,0,9603,NA,1357,0,9603,1357,0,0,0,40,0,true,NA,0,0,-464,0,1,295,1000,false,false,none,false,true,true,true,true
853,h10000_e30000_s20000_k10_y0,10000,30000,20000,10,0,1,9999,NA,1355,0,9999,1355,0,0,0,40,0,true,NA,0,1,-112179,0,1,7289,1000,false,false,none,false,true,true,true,true
854,h10000_e30000_s20000_k20_y0,10000,30000,20000,20,0,1,9999,NA,1355,0,9999,1355,0,0,0,40,0,true,NA,0,1,-112179,0,1,7289,1000,false,false,none,false,true,true,true,true
855,h10000_e30000_s20000_k40_y0,10000,30000,20000,40,0,1,9999,NA,1355,0,9999,1355,0,0,0,40,0,true,NA,0,1,-112179,0,1,7289,1000,false,false,none,false,true,true,true,true
856,h10000_e30000_s20000_k5_y0,10000,30000,20000,5,0,1,9999,NA,1355,0,9999,1355,0,0,0,40,0,true,NA,0,1,-112179,0,1,7289,1000,false,false,none,false,true,true,true,true
857,h2000_e15000_s40000_k10_y0,2000,15000,40000,10,0,1,9610,NA,1350,0,9610,1350,0,0,0,40,0,true,NA,0,1,-845160,0,1,1699,1007,false,false,none,false,true,true,true,true
858,h2000_e15000_s40000_k20_y0,2000,15000,40000,20,0,1,9610,NA,1350,0,9610,1350,0,0,0,40,0,true,NA,0,1,-845160,0,1,1699,1007,false,false,none,false,true,true,true,true
859,h2000_e15000_s40000_k40_y0,2000,15000,40000,40,0,1,9610,NA,1350,0,9610,1350,0,0,0,40,0,true,NA,0,1,-845160,0,1,1699,1007,false,false,none,false,true,true,true,true
860,h2000_e15000_s40000_k5_y0,2000,15000,40000,5,0,1,9610,NA,1350,0,9610,1350,0,0,0,40,0,true,NA,0,1,-845160,0,1,1699,1007,false,false,none,false,true,true,true,true
861,h500_e20000_s80000_k10_y0,500,20000,80000,10,0,1,9612,NA,1348,0,9612,1348,0,0,0,40,0,true,NA,0,1,-215128,0,1,404,1000,false,false,none,false,true,true,true,true
862,h500_e20000_s80000_k20_y0,500,20000,80000,20,0,1,9612,NA,1348,0,9612,1348,0,0,0,40,0,true,NA,0,1,-215128,0,1,404,1000,false,false,none,false,true,true,true,true
863,h500_e20000_s80000_k40_y0,500,20000,80000,40,0,1,9612,NA,1348,0,9612,1348,0,0,0,40,0,true,NA,0,1,-215128,0,1,404,1000,false,false,none,false,true,true,true,true
864,h500_e20000_s80000_k5_y0,500,20000,80000,5,0,1,9612,NA,1348,0,9612,1348,0,0,0,40,0,true,NA,0,1,-215128,0,1,404,1000,false,false,none,false,true,true,true,true
865,h300_e25000_s80000_k10_y0,300,25000,80000,10,0,1,9619,NA,1342,0,9619,1342,0,0,0,40,0,true,NA,0,1,-67295,0,1,230,1000,false,false,none,false,true,true,true,true
866,h300_e25000_s80000_k20_y0,300,25000,80000,20,0,1,9619,NA,1342,0,9619,1342,0,0,0,40,0,true,NA,0,1,-67295,0,1,230,1000,false,false,none,false,true,true,true,true
867,h300_e25000_s80000_k40_y0,300,25000,80000,40,0,1,9619,NA,1342,0,9619,1342,0,0,0,40,0,true,NA,0,1,-67295,0,1,230,1000,false,false,none,false,true,true,true,true
868,h300_e25000_s80000_k5_y0,300,25000,80000,5,0,1,9619,NA,1342,0,9619,1342,0,0,0,40,0,true,NA,0,1,-67295,0,1,230,1000,false,false,none,false,true,true,true,true
869,h5000_e15000_s20000_k10_y0,5000,15000,20000,10,0,1,9621,NA,1340,0,9621,1340,0,0,0,40,0,true,NA,0,1,-1274009,0,1,4249,1017,false,false,none,false,true,true,true,true
870,h5000_e15000_s20000_k20_y0,5000,15000,20000,20,0,1,9621,NA,1340,0,9621,1340,0,0,0,40,0,true,NA,0,1,-1274009,0,1,4249,1017,false,false,none,false,true,true,true,true
871,h5000_e15000_s20000_k40_y0,5000,15000,20000,40,0,1,9621,NA,1340,0,9621,1340,0,0,0,40,0,true,NA,0,1,-1274009,0,1,4249,1017,false,false,none,false,true,true,true,true
872,h5000_e15000_s20000_k5_y0,5000,15000,20000,5,0,1,9621,NA,1340,0,9621,1340,0,0,0,40,0,true,NA,0,1,-1274009,0,1,4249,1017,false,false,none,false,true,true,true,true
873,h700_e15000_s80000_k10_y0,700,15000,80000,10,0,1,9626,NA,1336,0,9626,1336,0,0,0,40,0,true,NA,0,1,-580069,0,1,594,1002,false,false,none,false,true,true,true,true
874,h700_e15000_s80000_k20_y0,700,15000,80000,20,0,1,9626,NA,1336,0,9626,1336,0,0,0,40,0,true,NA,0,1,-580069,0,1,594,1002,false,false,none,false,true,true,true,true
875,h700_e15000_s80000_k40_y0,700,15000,80000,40,0,1,9626,NA,1336,0,9626,1336,0,0,0,40,0,true,NA,0,1,-580069,0,1,594,1002,false,false,none,false,true,true,true,true
876,h700_e15000_s80000_k5_y0,700,15000,80000,5,0,1,9626,NA,1336,0,9626,1336,0,0,0,40,0,true,NA,0,1,-580069,0,1,594,1002,false,false,none,false,true,true,true,true
877,h3000_e10000_s20000_k10_y0,3000,10000,20000,10,0,13,7189,29465,1333,0,7189,1333,0,0,0,40,0,true,NA,0,5,-2223095,0,9,2633,1060,false,false,none,false,true,true,true,true
878,h3000_e10000_s20000_k20_y0,3000,10000,20000,20,0,13,7189,29465,1333,0,7189,1333,0,0,0,40,0,true,NA,0,5,-2223095,0,9,2633,1060,false,false,none,false,true,true,true,true
879,h3000_e10000_s20000_k40_y0,3000,10000,20000,40,0,13,7189,29465,1333,0,7189,1333,0,0,0,40,0,true,NA,0,5,-2223095,0,9,2633,1060,false,false,none,false,true,true,true,true
880,h3000_e10000_s20000_k5_y0,3000,10000,20000,5,0,13,7189,29465,1333,0,7189,1333,0,0,0,40,0,true,NA,0,5,-2223095,0,9,2633,1060,false,false,none,false,true,true,true,true
881,h10000_e40000_s20000_k10_y0,10000,40000,20000,10,0,1,9999,NA,1328,0,9999,1328,0,0,0,40,0,true,NA,0,1,-14408,0,1,6560,1000,false,false,none,false,true,true,true,true
882,h10000_e40000_s20000_k20_y0,10000,40000,20000,20,0,1,9999,NA,1328,0,9999,1328,0,0,0,40,0,true,NA,0,1,-14408,0,1,6560,1000,false,false,none,false,true,true,true,true
883,h10000_e40000_s20000_k40_y0,10000,40000,20000,40,0,1,9999,NA,1328,0,9999,1328,0,0,0,40,0,true,NA,0,1,-14408,0,1,6560,1000,false,false,none,false,true,true,true,true
884,h10000_e40000_s20000_k5_y0,10000,40000,20000,5,0,1,9999,NA,1328,0,9999,1328,0,0,0,40,0,true,NA,0,1,-14408,0,1,6560,1000,false,false,none,false,true,true,true,true
885,h1500_e25000_s40000_k10_y0,1500,25000,40000,10,0,1,9635,NA,1327,0,9635,1327,0,0,0,40,0,true,NA,0,1,-110807,0,1,1152,1000,false,false,none,false,true,true,true,true
886,h1500_e25000_s40000_k20_y0,1500,25000,40000,20,0,1,9635,NA,1327,0,9635,1327,0,0,0,40,0,true,NA,0,1,-110807,0,1,1152,1000,false,false,none,false,true,true,true,true
887,h1500_e25000_s40000_k40_y0,1500,25000,40000,40,0,1,9635,NA,1327,0,9635,1327,0,0,0,40,0,true,NA,0,1,-110807,0,1,1152,1000,false,false,none,false,true,true,true,true
888,h1500_e25000_s40000_k5_y0,1500,25000,40000,5,0,1,9635,NA,1327,0,9635,1327,0,0,0,40,0,true,NA,0,1,-110807,0,1,1152,1000,false,false,none,false,true,true,true,true
889,h5000_e10000_s10000_k10_y0,5000,10000,10000,10,0,13,8188,56473,1325,0,8188,1325,0,0,0,40,0,true,NA,0,7,-2966744,0,10,4389,1099,false,false,none,false,true,true,true,true
890,h5000_e10000_s10000_k20_y0,5000,10000,10000,20,0,13,8188,56473,1325,0,8188,1325,0,0,0,40,0,true,NA,0,7,-2966744,0,10,4389,1099,false,false,none,false,true,true,true,true
891,h5000_e10000_s10000_k40_y0,5000,10000,10000,40,0,13,8188,56473,1325,0,8188,1325,0,0,0,40,0,true,NA,0,7,-2966744,0,10,4389,1099,false,false,none,false,true,true,true,true
892,h5000_e10000_s10000_k5_y0,5000,10000,10000,5,0,13,8188,56473,1325,0,8188,1325,0,0,0,40,0,true,NA,0,7,-2966744,0,10,4389,1099,false,false,none,false,true,true,true,true
893,h700_e40000_s40000_k10_y0,700,40000,40000,10,0,1,9641,NA,1323,0,9641,1323,0,0,0,40,0,true,NA,0,0,-3762,0,1,459,1000,false,false,none,false,true,true,true,true
894,h700_e40000_s40000_k20_y0,700,40000,40000,20,0,1,9641,NA,1323,0,9641,1323,0,0,0,40,0,true,NA,0,0,-3762,0,1,459,1000,false,false,none,false,true,true,true,true
895,h700_e40000_s40000_k40_y0,700,40000,40000,40,0,1,9641,NA,1323,0,9641,1323,0,0,0,40,0,true,NA,0,0,-3762,0,1,459,1000,false,false,none,false,true,true,true,true
896,h700_e40000_s40000_k5_y0,700,40000,40000,5,0,1,9641,NA,1323,0,9641,1323,0,0,0,40,0,true,NA,0,0,-3762,0,1,459,1000,false,false,none,false,true,true,true,true
897,h10000_e50000_s20000_k10_y0,10000,50000,20000,10,0,0,9999,NA,1319,0,9999,1319,0,0,0,40,0,true,NA,0,0,-1823,0,0,5904,1000,false,false,none,false,true,true,true,true
898,h10000_e50000_s20000_k20_y0,10000,50000,20000,20,0,0,9999,NA,1319,0,9999,1319,0,0,0,40,0,true,NA,0,0,-1823,0,0,5904,1000,false,false,none,false,true,true,true,true
899,h10000_e50000_s20000_k40_y0,10000,50000,20000,40,0,0,9999,NA,1319,0,9999,1319,0,0,0,40,0,true,NA,0,0,-1823,0,0,5904,1000,false,false,none,false,true,true,true,true
900,h10000_e50000_s20000_k5_y0,10000,50000,20000,5,0,0,9999,NA,1319,0,9999,1319,0,0,0,40,0,true,NA,0,0,-1823,0,0,5904,1000,false,false,none,false,true,true,true,true
901,h10000_e70000_s20000_k10_y0,10000,70000,20000,10,0,0,9999,NA,1312,0,9999,1312,0,0,0,40,0,true,NA,0,0,-29,0,0,4782,1000,false,false,none,false,true,true,true,true
902,h10000_e70000_s20000_k20_y0,10000,70000,20000,20,0,0,9999,NA,1312,0,9999,1312,0,0,0,40,0,true,NA,0,0,-29,0,0,4782,1000,false,false,none,false,true,true,true,true
903,h10000_e70000_s20000_k40_y0,10000,70000,20000,40,0,0,9999,NA,1312,0,9999,1312,0,0,0,40,0,true,NA,0,0,-29,0,0,4782,1000,false,false,none,false,true,true,true,true
904,h10000_e70000_s20000_k5_y0,10000,70000,20000,5,0,0,9999,NA,1312,0,9999,1312,0,0,0,40,0,true,NA,0,0,-29,0,0,4782,1000,false,false,none,false,true,true,true,true
905,h100_e70000_s40000_k10_y0,100,70000,40000,10,0,0,9653,NA,1311,0,9653,1311,0,0,0,40,0,true,NA,0,0,-3,0,0,47,1000,false,false,none,false,true,true,true,true
906,h100_e70000_s40000_k20_y0,100,70000,40000,20,0,0,9653,NA,1311,0,9653,1311,0,0,0,40,0,true,NA,0,0,-3,0,0,47,1000,false,false,none,false,true,true,true,true
907,h100_e70000_s40000_k40_y0,100,70000,40000,40,0,0,9653,NA,1311,0,9653,1311,0,0,0,40,0,true,NA,0,0,-3,0,0,47,1000,false,false,none,false,true,true,true,true
908,h100_e70000_s40000_k5_y0,100,70000,40000,5,0,0,9653,NA,1311,0,9653,1311,0,0,0,40,0,true,NA,0,0,-3,0,0,47,1000,false,false,none,false,true,true,true,true
909,h1500_e10000_s40000_k10_y0,1500,10000,40000,10,0,15,5865,15475,1310,0,5865,1310,0,0,0,40,0,true,NA,0,3,-1552867,0,7,1316,1030,false,false,none,false,true,true,true,true
910,h1500_e10000_s40000_k20_y0,1500,10000,40000,20,0,15,5865,15475,1310,0,5865,1310,0,0,0,40,0,true,NA,0,3,-1552867,0,7,1316,1030,false,false,none,false,true,true,true,true
911,h1500_e10000_s40000_k40_y0,1500,10000,40000,40,0,15,5865,15475,1310,0,5865,1310,0,0,0,40,0,true,NA,0,3,-1552867,0,7,1316,1030,false,false,none,false,true,true,true,true
912,h1500_e10000_s40000_k5_y0,1500,10000,40000,5,0,15,5865,15475,1310,0,5865,1310,0,0,0,40,0,true,NA,0,3,-1552867,0,7,1316,1030,false,false,none,false,true,true,true,true
913,h10000_e10000_s2500_k10_y0,10000,10000,2500,10,0,15,9661,NA,1305,0,9661,1305,0,0,0,40,0,true,NA,0,12,-4760445,0,14,8783,1194,false,false,none,false,true,true,true,true
914,h10000_e10000_s2500_k20_y0,10000,10000,2500,20,0,15,9661,NA,1305,0,9661,1305,0,0,0,40,0,true,NA,0,12,-4760445,0,14,8783,1194,false,false,none,false,true,true,true,true
915,h10000_e10000_s2500_k40_y0,10000,10000,2500,40,0,15,9661,NA,1305,0,9661,1305,0,0,0,40,0,true,NA,0,12,-4760445,0,14,8783,1194,false,false,none,false,true,true,true,true
916,h10000_e10000_s2500_k5_y0,10000,10000,2500,5,0,15,9661,NA,1305,0,9661,1305,0,0,0,40,0,true,NA,0,12,-4760445,0,14,8783,1194,false,false,none,false,true,true,true,true
917,h10000_e100000_s20000_k10_y0,10000,100000,20000,10,0,0,10000,NA,1303,0,10000,1303,0,0,0,40,0,true,NA,0,0,-1,0,0,3486,1000,false,false,none,false,true,true,true,true
918,h10000_e100000_s20000_k20_y0,10000,100000,20000,20,0,0,10000,NA,1303,0,10000,1303,0,0,0,40,0,true,NA,0,0,-1,0,0,3486,1000,false,false,none,false,true,true,true,true
919,h10000_e100000_s20000_k40_y0,10000,100000,20000,40,0,0,10000,NA,1303,0,10000,1303,0,0,0,40,0,true,NA,0,0,-1,0,0,3486,1000,false,false,none,false,true,true,true,true
920,h10000_e100000_s20000_k5_y0,10000,100000,20000,5,0,0,10000,NA,1303,0,10000,1303,0,0,0,40,0,true,NA,0,0,-1,0,0,3486,1000,false,false,none,false,true,true,true,true
921,h1500_e20000_s40000_k10_y0,1500,20000,40000,10,0,1,9671,NA,1295,0,9671,1295,0,0,0,40,0,true,NA,0,1,-266400,0,1,1213,1001,false,false,none,false,true,true,true,true
922,h1500_e20000_s40000_k20_y0,1500,20000,40000,20,0,1,9671,NA,1295,0,9671,1295,0,0,0,40,0,true,NA,0,1,-266400,0,1,1213,1001,false,false,none,false,true,true,true,true
923,h1500_e20000_s40000_k40_y0,1500,20000,40000,40,0,1,9671,NA,1295,0,9671,1295,0,0,0,40,0,true,NA,0,1,-266400,0,1,1213,1001,false,false,none,false,true,true,true,true
924,h1500_e20000_s40000_k5_y0,1500,20000,40000,5,0,1,9671,NA,1295,0,9671,1295,0,0,0,40,0,true,NA,0,1,-266400,0,1,1213,1001,false,false,none,false,true,true,true,true
925,h10000_e15000_s10000_k10_y0,10000,15000,10000,10,0,1,9672,NA,1295,0,9672,1295,0,0,0,40,0,true,NA,0,1,-1810094,0,1,8499,1035,false,false,none,false,true,true,true,true
926,h10000_e15000_s10000_k20_y0,10000,15000,10000,20,0,1,9672,NA,1295,0,9672,1295,0,0,0,40,0,true,NA,0,1,-1810094,0,1,8499,1035,false,false,none,false,true,true,true,true
927,h10000_e15000_s10000_k40_y0,10000,15000,10000,40,0,1,9672,NA,1295,0,9672,1295,0,0,0,40,0,true,NA,0,1,-1810094,0,1,8499,1035,false,false,none,false,true,true,true,true
928,h10000_e15000_s10000_k5_y0,10000,15000,10000,5,0,1,9672,NA,1295,0,9672,1295,0,0,0,40,0,true,NA,0,1,-1810094,0,1,8499,1035,false,false,none,false,true,true,true,true
929,h100_e20000_s160000_k10_y0,100,20000,160000,10,0,1,9672,NA,1294,0,9672,1294,0,0,0,40,0,true,NA,0,1,-127485,0,1,80,1000,false,false,none,false,true,true,true,true
930,h100_e20000_s160000_k20_y0,100,20000,160000,20,0,1,9672,NA,1294,0,9672,1294,0,0,0,40,0,true,NA,0,1,-127485,0,1,80,1000,false,false,none,false,true,true,true,true
931,h100_e20000_s160000_k40_y0,100,20000,160000,40,0,1,9672,NA,1294,0,9672,1294,0,0,0,40,0,true,NA,0,1,-127485,0,1,80,1000,false,false,none,false,true,true,true,true
932,h100_e20000_s160000_k5_y0,100,20000,160000,5,0,1,9672,NA,1294,0,9672,1294,0,0,0,40,0,true,NA,0,1,-127485,0,1,80,1000,false,false,none,false,true,true,true,true
933,h1000_e30000_s40000_k10_y0,1000,30000,40000,10,0,1,9674,NA,1292,0,9674,1292,0,0,0,40,0,true,NA,0,1,-31019,0,1,728,1000,false,false,none,false,true,true,true,true
934,h1000_e30000_s40000_k20_y0,1000,30000,40000,20,0,1,9674,NA,1292,0,9674,1292,0,0,0,40,0,true,NA,0,1,-31019,0,1,728,1000,false,false,none,false,true,true,true,true
935,h1000_e30000_s40000_k40_y0,1000,30000,40000,40,0,1,9674,NA,1292,0,9674,1292,0,0,0,40,0,true,NA,0,1,-31019,0,1,728,1000,false,false,none,false,true,true,true,true
936,h1000_e30000_s40000_k5_y0,1000,30000,40000,5,0,1,9674,NA,1292,0,9674,1292,0,0,0,40,0,true,NA,0,1,-31019,0,1,728,1000,false,false,none,false,true,true,true,true
937,h300_e50000_s40000_k10_y0,300,50000,40000,10,0,0,9675,NA,1291,0,9675,1291,0,0,0,40,0,true,NA,0,0,-279,0,1,177,1000,false,false,none,false,true,true,true,true
938,h300_e50000_s40000_k20_y0,300,50000,40000,20,0,0,9675,NA,1291,0,9675,1291,0,0,0,40,0,true,NA,0,0,-279,0,1,177,1000,false,false,none,false,true,true,true,true
939,h300_e50000_s40000_k40_y0,300,50000,40000,40,0,0,9675,NA,1291,0,9675,1291,0,0,0,40,0,true,NA,0,0,-279,0,1,177,1000,false,false,none,false,true,true,true,true
940,h300_e50000_s40000_k5_y0,300,50000,40000,5,0,0,9675,NA,1291,0,9675,1291,0,0,0,40,0,true,NA,0,0,-279,0,1,177,1000,false,false,none,false,true,true,true,true
941,h700_e10000_s80000_k10_y0,700,10000,80000,10,0,18,4853,10039,1281,0,4853,1281,0,0,0,40,0,true,NA,0,2,-1133460,0,5,614,1014,false,false,none,false,true,true,true,true
942,h700_e10000_s80000_k20_y0,700,10000,80000,20,0,18,4853,10039,1281,0,4853,1281,0,0,0,40,0,true,NA,0,2,-1133460,0,5,614,1014,false,false,none,false,true,true,true,true
943,h700_e10000_s80000_k40_y0,700,10000,80000,40,0,18,4853,10039,1281,0,4853,1281,0,0,0,40,0,true,NA,0,2,-1133460,0,5,614,1014,false,false,none,false,true,true,true,true
944,h700_e10000_s80000_k5_y0,700,10000,80000,5,0,18,4853,10039,1281,0,4853,1281,0,0,0,40,0,true,NA,0,2,-1133460,0,5,614,1014,false,false,none,false,true,true,true,true
945,h1500_e15000_s40000_k10_y0,1500,15000,40000,10,0,1,9687,NA,1281,0,9687,1281,0,0,0,40,0,true,NA,0,1,-641794,0,1,1274,1005,false,false,none,false,true,true,true,true
946,h1500_e15000_s40000_k20_y0,1500,15000,40000,20,0,1,9687,NA,1281,0,9687,1281,0,0,0,40,0,true,NA,0,1,-641794,0,1,1274,1005,false,false,none,false,true,true,true,true
947,h1500_e15000_s40000_k40_y0,1500,15000,40000,40,0,1,9687,NA,1281,0,9687,1281,0,0,0,40,0,true,NA,0,1,-641794,0,1,1274,1005,false,false,none,false,true,true,true,true
948,h1500_e15000_s40000_k5_y0,1500,15000,40000,5,0,1,9687,NA,1281,0,9687,1281,0,0,0,40,0,true,NA,0,1,-641794,0,1,1274,1005,false,false,none,false,true,true,true,true
949,h5000_e20000_s20000_k10_y0,5000,20000,20000,10,0,1,9692,NA,1276,0,9692,1276,0,0,0,40,0,true,NA,0,1,-454842,0,1,4046,1003,false,false,none,false,true,true,true,true
950,h5000_e20000_s20000_k20_y0,5000,20000,20000,20,0,1,9692,NA,1276,0,9692,1276,0,0,0,40,0,true,NA,0,1,-454842,0,1,4046,1003,false,false,none,false,true,true,true,true
951,h5000_e20000_s20000_k40_y0,5000,20000,20000,40,0,1,9692,NA,1276,0,9692,1276,0,0,0,40,0,true,NA,0,1,-454842,0,1,4046,1003,false,false,none,false,true,true,true,true
952,h5000_e20000_s20000_k5_y0,5000,20000,20000,5,0,1,9692,NA,1276,0,9692,1276,0,0,0,40,0,true,NA,0,1,-454842,0,1,4046,1003,false,false,none,false,true,true,true,true
953,h500_e40000_s40000_k10_y0,500,40000,40000,10,0,1,9696,NA,1273,0,9696,1273,0,0,0,40,0,true,NA,0,0,-2694,0,1,328,1000,false,false,none,false,true,true,true,true
954,h500_e40000_s40000_k20_y0,500,40000,40000,20,0,1,9696,NA,1273,0,9696,1273,0,0,0,40,0,true,NA,0,0,-2694,0,1,328,1000,false,false,none,false,true,true,true,true
955,h500_e40000_s40000_k40_y0,500,40000,40000,40,0,1,9696,NA,1273,0,9696,1273,0,0,0,40,0,true,NA,0,0,-2694,0,1,328,1000,false,false,none,false,true,true,true,true
956,h500_e40000_s40000_k5_y0,500,40000,40000,5,0,1,9696,NA,1273,0,9696,1273,0,0,0,40,0,true,NA,0,0,-2694,0,1,328,1000,false,false,none,false,true,true,true,true
957,h500_e15000_s80000_k10_y0,500,15000,80000,10,0,1,9711,NA,1259,0,9711,1259,0,0,0,40,0,true,NA,0,1,-418549,0,1,424,1001,false,false,none,false,true,true,true,true
958,h500_e15000_s80000_k20_y0,500,15000,80000,20,0,1,9711,NA,1259,0,9711,1259,0,0,0,40,0,true,NA,0,1,-418549,0,1,424,1001,false,false,none,false,true,true,true,true
959,h500_e15000_s80000_k40_y0,500,15000,80000,40,0,1,9711,NA,1259,0,9711,1259,0,0,0,40,0,true,NA,0,1,-418549,0,1,424,1001,false,false,none,false,true,true,true,true
960,h500_e15000_s80000_k5_y0,500,15000,80000,5,0,1,9711,NA,1259,0,9711,1259,0,0,0,40,0,true,NA,0,1,-418549,0,1,424,1001,false,false,none,false,true,true,true,true
961,h5000_e100000_s20000_k10_y0,5000,100000,20000,10,0,0,9713,NA,1257,0,9713,1257,0,0,0,40,0,true,NA,0,0,-1,0,0,1743,1000,false,false,none,false,true,true,true,true
962,h5000_e100000_s20000_k20_y0,5000,100000,20000,20,0,0,9713,NA,1257,0,9713,1257,0,0,0,40,0,true,NA,0,0,-1,0,0,1743,1000,false,false,none,false,true,true,true,true
963,h5000_e100000_s20000_k40_y0,5000,100000,20000,40,0,0,9713,NA,1257,0,9713,1257,0,0,0,40,0,true,NA,0,0,-1,0,0,1743,1000,false,false,none,false,true,true,true,true
964,h5000_e100000_s20000_k5_y0,5000,100000,20000,5,0,0,9713,NA,1257,0,9713,1257,0,0,0,40,0,true,NA,0,0,-1,0,0,1743,1000,false,false,none,false,true,true,true,true
965,h1000_e25000_s40000_k10_y0,1000,25000,40000,10,0,1,9719,NA,1252,0,9719,1252,0,0,0,40,0,true,NA,0,1,-74648,0,1,768,1000,false,false,none,false,true,true,true,true
966,h1000_e25000_s40000_k20_y0,1000,25000,40000,20,0,1,9719,NA,1252,0,9719,1252,0,0,0,40,0,true,NA,0,1,-74648,0,1,768,1000,false,false,none,false,true,true,true,true
967,h1000_e25000_s40000_k40_y0,1000,25000,40000,40,0,1,9719,NA,1252,0,9719,1252,0,0,0,40,0,true,NA,0,1,-74648,0,1,768,1000,false,false,none,false,true,true,true,true
968,h1000_e25000_s40000_k5_y0,1000,25000,40000,5,0,1,9719,NA,1252,0,9719,1252,0,0,0,40,0,true,NA,0,1,-74648,0,1,768,1000,false,false,none,false,true,true,true,true
969,h5000_e70000_s20000_k10_y0,5000,70000,20000,10,0,0,9724,NA,1248,0,9724,1248,0,0,0,40,0,true,NA,0,0,-15,0,0,2391,1000,false,false,none,false,true,true,true,true
970,h5000_e70000_s20000_k20_y0,5000,70000,20000,20,0,0,9724,NA,1248,0,9724,1248,0,0,0,40,0,true,NA,0,0,-15,0,0,2391,1000,false,false,none,false,true,true,true,true
971,h5000_e70000_s20000_k40_y0,5000,70000,20000,40,0,0,9724,NA,1248,0,9724,1248,0,0,0,40,0,true,NA,0,0,-15,0,0,2391,1000,false,false,none,false,true,true,true,true
972,h5000_e70000_s20000_k5_y0,5000,70000,20000,5,0,0,9724,NA,1248,0,9724,1248,0,0,0,40,0,true,NA,0,0,-15,0,0,2391,1000,false,false,none,false,true,true,true,true
973,h5000_e25000_s20000_k10_y0,5000,25000,20000,10,0,1,9724,NA,1248,0,9724,1248,0,0,0,40,0,true,NA,0,1,-162534,0,1,3841,1000,false,false,none,false,true,true,true,true
974,h5000_e25000_s20000_k20_y0,5000,25000,20000,20,0,1,9724,NA,1248,0,9724,1248,0,0,0,40,0,true,NA,0,1,-162534,0,1,3841,1000,false,false,none,false,true,true,true,true
975,h5000_e25000_s20000_k40_y0,5000,25000,20000,40,0,1,9724,NA,1248,0,9724,1248,0,0,0,40,0,true,NA,0,1,-162534,0,1,3841,1000,false,false,none,false,true,true,true,true
976,h5000_e25000_s20000_k5_y0,5000,25000,20000,5,0,1,9724,NA,1248,0,9724,1248,0,0,0,40,0,true,NA,0,1,-162534,0,1,3841,1000,false,false,none,false,true,true,true,true
977,h100_e30000_s80000_k10_y0,100,30000,80000,10,0,1,9726,NA,1246,0,9726,1246,0,0,0,40,0,true,NA,0,1,-11721,0,1,72,1000,false,false,none,false,true,true,true,true
978,h100_e30000_s80000_k20_y0,100,30000,80000,20,0,1,9726,NA,1246,0,9726,1246,0,0,0,40,0,true,NA,0,1,-11721,0,1,72,1000,false,false,none,false,true,true,true,true
979,h100_e30000_s80000_k40_y0,100,30000,80000,40,0,1,9726,NA,1246,0,9726,1246,0,0,0,40,0,true,NA,0,1,-11721,0,1,72,1000,false,false,none,false,true,true,true,true
980,h100_e30000_s80000_k5_y0,100,30000,80000,5,0,1,9726,NA,1246,0,9726,1246,0,0,0,40,0,true,NA,0,1,-11721,0,1,72,1000,false,false,none,false,true,true,true,true
981,h300_e20000_s80000_k10_y0,300,20000,80000,10,0,1,9729,NA,1243,0,9729,1243,0,0,0,40,0,true,NA,0,1,-130603,0,1,242,1000,false,false,none,false,true,true,true,true
982,h300_e20000_s80000_k20_y0,300,20000,80000,20,0,1,9729,NA,1243,0,9729,1243,0,0,0,40,0,true,NA,0,1,-130603,0,1,242,1000,false,false,none,false,true,true,true,true
983,h300_e20000_s80000_k40_y0,300,20000,80000,40,0,1,9729,NA,1243,0,9729,1243,0,0,0,40,0,true,NA,0,1,-130603,0,1,242,1000,false,false,none,false,true,true,true,true
984,h300_e20000_s80000_k5_y0,300,20000,80000,5,0,1,9729,NA,1243,0,9729,1243,0,0,0,40,0,true,NA,0,1,-130603,0,1,242,1000,false,false,none,false,true,true,true,true
985,h300_e10000_s160000_k10_y0,300,10000,160000,10,0,20,3889,6658,1241,0,3889,1241,0,0,0,40,0,true,NA,0,1,-836536,0,3,263,1006,false,false,none,false,true,true,true,true
986,h300_e10000_s160000_k20_y0,300,10000,160000,20,0,20,3889,6658,1241,0,3889,1241,0,0,0,40,0,true,NA,0,1,-836536,0,3,263,1006,false,false,none,false,true,true,true,true
987,h300_e10000_s160000_k40_y0,300,10000,160000,40,0,20,3889,6658,1241,0,3889,1241,0,0,0,40,0,true,NA,0,1,-836536,0,3,263,1006,false,false,none,false,true,true,true,true
988,h300_e10000_s160000_k5_y0,300,10000,160000,5,0,20,3889,6658,1241,0,3889,1241,0,0,0,40,0,true,NA,0,1,-836536,0,3,263,1006,false,false,none,false,true,true,true,true
989,h2000_e10000_s20000_k10_y0,2000,10000,20000,10,0,16,4779,9635,1234,0,4779,1234,0,0,0,40,0,true,NA,0,3,-1505170,0,8,1755,1040,false,false,none,false,true,true,true,true
990,h2000_e10000_s20000_k20_y0,2000,10000,20000,20,0,16,4779,9635,1234,0,4779,1234,0,0,0,40,0,true,NA,0,3,-1505170,0,8,1755,1040,false,false,none,false,true,true,true,true
991,h2000_e10000_s20000_k40_y0,2000,10000,20000,40,0,16,4779,9635,1234,0,4779,1234,0,0,0,40,0,true,NA,0,3,-1505170,0,8,1755,1040,false,false,none,false,true,true,true,true
992,h2000_e10000_s20000_k5_y0,2000,10000,20000,5,0,16,4779,9635,1234,0,4779,1234,0,0,0,40,0,true,NA,0,3,-1505170,0,8,1755,1040,false,false,none,false,true,true,true,true
993,h5000_e30000_s20000_k10_y0,5000,30000,20000,10,0,1,9739,NA,1234,0,9739,1234,0,0,0,40,0,true,NA,0,1,-57983,0,1,3644,1000,false,false,none,false,true,true,true,true
994,h5000_e30000_s20000_k20_y0,5000,30000,20000,20,0,1,9739,NA,1234,0,9739,1234,0,0,0,40,0,true,NA,0,1,-57983,0,1,3644,1000,false,false,none,false,true,true,true,true
995,h5000_e30000_s20000_k40_y0,5000,30000,20000,40,0,1,9739,NA,1234,0,9739,1234,0,0,0,40,0,true,NA,0,1,-57983,0,1,3644,1000,false,false,none,false,true,true,true,true
996,h5000_e30000_s20000_k5_y0,5000,30000,20000,5,0,1,9739,NA,1234,0,9739,1234,0,0,0,40,0,true,NA,0,1,-57983,0,1,3644,1000,false,false,none,false,true,true,true,true
997,h700_e30000_s40000_k10_y0,700,30000,40000,10,0,1,9739,NA,1234,0,9739,1234,0,0,0,40,0,true,NA,0,1,-21830,0,1,510,1000,false,false,none,false,true,true,true,true
998,h700_e30000_s40000_k20_y0,700,30000,40000,20,0,1,9739,NA,1234,0,9739,1234,0,0,0,40,0,true,NA,0,1,-21830,0,1,510,1000,false,false,none,false,true,true,true,true
999,h700_e30000_s40000_k40_y0,700,30000,40000,40,0,1,9739,NA,1234,0,9739,1234,0,0,0,40,0,true,NA,0,1,-21830,0,1,510,1000,false,false,none,false,true,true,true,true
1000,h700_e30000_s40000_k5_y0,700,30000,40000,5,0,1,9739,NA,1234,0,9739,1234,0,0,0,40,0,true,NA,0,1,-21830,0,1,510,1000,false,false,none,false,true,true,true,true
1001,h5000_e50000_s20000_k10_y0,5000,50000,20000,10,0,0,9741,NA,1232,0,9741,1232,0,0,0,40,0,true,NA,0,0,-919,0,0,2952,1000,false,false,none,false,true,true,true,true
1002,h5000_e50000_s20000_k20_y0,5000,50000,20000,20,0,0,9741,NA,1232,0,9741,1232,0,0,0,40,0,true,NA,0,0,-919,0,0,2952,1000,false,false,none,false,true,true,true,true
1003,h5000_e50000_s20000_k40_y0,5000,50000,20000,40,0,0,9741,NA,1232,0,9741,1232,0,0,0,40,0,true,NA,0,0,-919,0,0,2952,1000,false,false,none,false,true,true,true,true
1004,h5000_e50000_s20000_k5_y0,5000,50000,20000,5,0,0,9741,NA,1232,0,9741,1232,0,0,0,40,0,true,NA,0,0,-919,0,0,2952,1000,false,false,none,false,true,true,true,true
1005,h3000_e100000_s20000_k10_y0,3000,100000,20000,10,0,0,9742,NA,1231,0,9742,1231,0,0,0,40,0,true,NA,0,0,-1,0,0,1046,1000,false,false,none,false,true,true,true,true
1006,h3000_e100000_s20000_k20_y0,3000,100000,20000,20,0,0,9742,NA,1231,0,9742,1231,0,0,0,40,0,true,NA,0,0,-1,0,0,1046,1000,false,false,none,false,true,true,true,true
1007,h3000_e100000_s20000_k40_y0,3000,100000,20000,40,0,0,9742,NA,1231,0,9742,1231,0,0,0,40,0,true,NA,0,0,-1,0,0,1046,1000,false,false,none,false,true,true,true,true
1008,h3000_e100000_s20000_k5_y0,3000,100000,20000,5,0,0,9742,NA,1231,0,9742,1231,0,0,0,40,0,true,NA,0,0,-1,0,0,1046,1000,false,false,none,false,true,true,true,true
1009,h3000_e15000_s20000_k10_y0,3000,15000,20000,10,0,1,9746,NA,1227,0,9746,1227,0,0,0,40,0,true,NA,0,1,-786429,0,1,2549,1010,false,false,none,false,true,true,true,true
1010,h3000_e15000_s20000_k20_y0,3000,15000,20000,20,0,1,9746,NA,1227,0,9746,1227,0,0,0,40,0,true,NA,0,1,-786429,0,1,2549,1010,false,false,none,false,true,true,true,true
1011,h3000_e15000_s20000_k40_y0,3000,15000,20000,40,0,1,9746,NA,1227,0,9746,1227,0,0,0,40,0,true,NA,0,1,-786429,0,1,2549,1010,false,false,none,false,true,true,true,true
1012,h3000_e15000_s20000_k5_y0,3000,15000,20000,5,0,1,9746,NA,1227,0,9746,1227,0,0,0,40,0,true,NA,0,1,-786429,0,1,2549,1010,false,false,none,false,true,true,true,true
1013,h5000_e40000_s20000_k10_y0,5000,40000,20000,10,0,1,9746,NA,1227,0,9746,1227,0,0,0,40,0,true,NA,0,1,-7327,0,1,3280,1000,false,false,none,false,true,true,true,true
1014,h5000_e40000_s20000_k20_y0,5000,40000,20000,20,0,1,9746,NA,1227,0,9746,1227,0,0,0,40,0,true,NA,0,1,-7327,0,1,3280,1000,false,false,none,false,true,true,true,true
1015,h5000_e40000_s20000_k40_y0,5000,40000,20000,40,0,1,9746,NA,1227,0,9746,1227,0,0,0,40,0,true,NA,0,1,-7327,0,1,3280,1000,false,false,none,false,true,true,true,true
1016,h5000_e40000_s20000_k5_y0,5000,40000,20000,5,0,1,9746,NA,1227,0,9746,1227,0,0,0,40,0,true,NA,0,1,-7327,0,1,3280,1000,false,false,none,false,true,true,true,true
1017,h5000_e10000_s5000_k10_y0,5000,10000,5000,10,0,13,6281,18074,1219,0,6281,1219,0,0,0,40,0,true,NA,0,6,-2643779,0,10,4389,1099,false,false,none,false,true,true,true,true
1018,h5000_e10000_s5000_k20_y0,5000,10000,5000,20,0,13,6281,18074,1219,0,6281,1219,0,0,0,40,0,true,NA,0,6,-2643779,0,10,4389,1099,false,false,none,false,true,true,true,true
1019,h5000_e10000_s5000_k40_y0,5000,10000,5000,40,0,13,6281,18074,1219,0,6281,1219,0,0,0,40,0,true,NA,0,6,-2643779,0,10,4389,1099,false,false,none,false,true,true,true,true
1020,h5000_e10000_s5000_k5_y0,5000,10000,5000,5,0,13,6281,18074,1219,0,6281,1219,0,0,0,40,0,true,NA,0,6,-2643779,0,10,4389,1099,false,false,none,false,true,true,true,true
1021,h1000_e20000_s40000_k10_y0,1000,20000,40000,10,0,1,9755,NA,1219,0,9755,1219,0,0,0,40,0,true,NA,0,1,-179702,0,1,809,1000,false,false,none,false,true,true,true,true
1022,h1000_e20000_s40000_k20_y0,1000,20000,40000,20,0,1,9755,NA,1219,0,9755,1219,0,0,0,40,0,true,NA,0,1,-179702,0,1,809,1000,false,false,none,false,true,true,true,true
1023,h1000_e20000_s40000_k40_y0,1000,20000,40000,40,0,1,9755,NA,1219,0,9755,1219,0,0,0,40,0,true,NA,0,1,-179702,0,1,809,1000,false,false,none,false,true,true,true,true
1024,h1000_e20000_s40000_k5_y0,1000,20000,40000,5,0,1,9755,NA,1219,0,9755,1219,0,0,0,40,0,true,NA,0,1,-179702,0,1,809,1000,false,false,none,false,true,true,true,true
1025,h1000_e10000_s40000_k10_y0,1000,10000,40000,10,0,19,3897,6651,1218,0,3897,1218,0,0,0,40,0,true,NA,0,2,-1047396,0,6,877,1020,false,false,none,false,true,true,true,true
1026,h1000_e10000_s40000_k20_y0,1000,10000,40000,20,0,19,3897,6651,1218,0,3897,1218,0,0,0,40,0,true,NA,0,2,-1047396,0,6,877,1020,false,false,none,false,true,true,true,true
1027,h1000_e10000_s40000_k40_y0,1000,10000,40000,40,0,19,3897,6651,1218,0,3897,1218,0,0,0,40,0,true,NA,0,2,-1047396,0,6,877,1020,false,false,none,false,true,true,true,true
1028,h1000_e10000_s40000_k5_y0,1000,10000,40000,5,0,19,3897,6651,1218,0,3897,1218,0,0,0,40,0,true,NA,0,2,-1047396,0,6,877,1020,false,false,none,false,true,true,true,true
1029,h500_e10000_s80000_k10_y0,500,10000,80000,10,0,21,3456,5478,1209,0,3456,1209,0,0,0,40,0,true,NA,0,2,-815923,0,4,438,1010,false,false,none,false,true,true,true,true
1030,h500_e10000_s80000_k20_y0,500,10000,80000,20,0,21,3456,5478,1209,0,3456,1209,0,0,0,40,0,true,NA,0,2,-815923,0,4,438,1010,false,false,none,false,true,true,true,true
1031,h500_e10000_s80000_k40_y0,500,10000,80000,40,0,21,3456,5478,1209,0,3456,1209,0,0,0,40,0,true,NA,0,2,-815923,0,4,438,1010,false,false,none,false,true,true,true,true
1032,h500_e10000_s80000_k5_y0,500,10000,80000,5,0,21,3456,5478,1209,0,3456,1209,0,0,0,40,0,true,NA,0,2,-815923,0,4,438,1010,false,false,none,false,true,true,true,true
1033,h3000_e10000_s10000_k10_y0,3000,10000,10000,10,0,14,4899,10060,1207,0,4899,1207,0,0,0,40,0,true,NA,0,4,-1821029,0,9,2633,1060,false,false,none,false,true,true,true,true
1034,h3000_e10000_s10000_k20_y0,3000,10000,10000,20,0,14,4899,10060,1207,0,4899,1207,0,0,0,40,0,true,NA,0,4,-1821029,0,9,2633,1060,false,false,none,false,true,true,true,true
1035,h3000_e10000_s10000_k40_y0,3000,10000,10000,40,0,14,4899,10060,1207,0,4899,1207,0,0,0,40,0,true,NA,0,4,-1821029,0,9,2633,1060,false,false,none,false,true,true,true,true
1036,h3000_e10000_s10000_k5_y0,3000,10000,10000,5,0,14,4899,10060,1207,0,4899,1207,0,0,0,40,0,true,NA,0,4,-1821029,0,9,2633,1060,false,false,none,false,true,true,true,true
1037,h3000_e70000_s20000_k10_y0,3000,70000,20000,10,0,0,9771,NA,1205,0,9771,1205,0,0,0,40,0,true,NA,0,0,-9,0,0,1434,1000,false,false,none,false,true,true,true,true
1038,h3000_e70000_s20000_k20_y0,3000,70000,20000,20,0,0,9771,NA,1205,0,9771,1205,0,0,0,40,0,true,NA,0,0,-9,0,0,1434,1000,false,false,none,false,true,true,true,true
1039,h3000_e70000_s20000_k40_y0,3000,70000,20000,40,0,0,9771,NA,1205,0,9771,1205,0,0,0,40,0,true,NA,0,0,-9,0,0,1434,1000,false,false,none,false,true,true,true,true
1040,h3000_e70000_s20000_k5_y0,3000,70000,20000,5,0,0,9771,NA,1205,0,9771,1205,0,0,0,40,0,true,NA,0,0,-9,0,0,1434,1000,false,false,none,false,true,true,true,true
1041,h2000_e100000_s20000_k10_y0,2000,100000,20000,10,0,0,9772,NA,1204,0,9772,1204,0,0,0,40,0,true,NA,0,0,-1,0,0,697,1000,false,false,none,false,true,true,true,true
1042,h2000_e100000_s20000_k20_y0,2000,100000,20000,20,0,0,9772,NA,1204,0,9772,1204,0,0,0,40,0,true,NA,0,0,-1,0,0,697,1000,false,false,none,false,true,true,true,true
1043,h2000_e100000_s20000_k40_y0,2000,100000,20000,40,0,0,9772,NA,1204,0,9772,1204,0,0,0,40,0,true,NA,0,0,-1,0,0,697,1000,false,false,none,false,true,true,true,true
1044,h2000_e100000_s20000_k5_y0,2000,100000,20000,5,0,0,9772,NA,1204,0,9772,1204,0,0,0,40,0,true,NA,0,0,-1,0,0,697,1000,false,false,none,false,true,true,true,true
1045,h300_e40000_s40000_k10_y0,300,40000,40000,10,0,1,9772,NA,1204,0,9772,1204,0,0,0,40,0,true,NA,0,0,-1620,0,1,196,1000,false,false,none,false,true,true,true,true
1046,h300_e40000_s40000_k20_y0,300,40000,40000,20,0,1,9772,NA,1204,0,9772,1204,0,0,0,40,0,true,NA,0,0,-1620,0,1,196,1000,false,false,none,false,true,true,true,true
1047,h300_e40000_s40000_k40_y0,300,40000,40000,40,0,1,9772,NA,1204,0,9772,1204,0,0,0,40,0,true,NA,0,0,-1620,0,1,196,1000,false,false,none,false,true,true,true,true
1048,h300_e40000_s40000_k5_y0,300,40000,40000,5,0,1,9772,NA,1204,0,9772,1204,0,0,0,40,0,true,NA,0,0,-1620,0,1,196,1000,false,false,none,false,true,true,true,true
1049,h1000_e15000_s40000_k10_y0,1000,15000,40000,10,0,1,8198,52008,1202,0,8198,1202,0,0,0,40,0,true,NA,0,1,-433224,0,1,849,1003,false,false,none,false,true,true,true,true
1050,h1000_e15000_s40000_k20_y0,1000,15000,40000,20,0,1,8198,52008,1202,0,8198,1202,0,0,0,40,0,true,NA,0,1,-433224,0,1,849,1003,false,false,none,false,true,true,true,true
1051,h1000_e15000_s40000_k40_y0,1000,15000,40000,40,0,1,8198,52008,1202,0,8198,1202,0,0,0,40,0,true,NA,0,1,-433224,0,1,849,1003,false,false,none,false,true,true,true,true
1052,h1000_e15000_s40000_k5_y0,1000,15000,40000,5,0,1,8198,52008,1202,0,8198,1202,0,0,0,40,0,true,NA,0,1,-433224,0,1,849,1003,false,false,none,false,true,true,true,true
1053,h700_e25000_s40000_k10_y0,700,25000,40000,10,0,1,9782,NA,1195,0,9782,1195,0,0,0,40,0,true,NA,0,1,-52585,0,1,537,1000,false,false,none,false,true,true,true,true
1054,h700_e25000_s40000_k20_y0,700,25000,40000,20,0,1,9782,NA,1195,0,9782,1195,0,0,0,40,0,true,NA,0,1,-52585,0,1,537,1000,false,false,none,false,true,true,true,true
1055,h700_e25000_s40000_k40_y0,700,25000,40000,40,0,1,9782,NA,1195,0,9782,1195,0,0,0,40,0,true,NA,0,1,-52585,0,1,537,1000,false,false,none,false,true,true,true,true
1056,h700_e25000_s40000_k5_y0,700,25000,40000,5,0,1,9782,NA,1195,0,9782,1195,0,0,0,40,0,true,NA,0,1,-52585,0,1,537,1000,false,false,none,false,true,true,true,true
1057,h3000_e20000_s20000_k10_y0,3000,20000,20000,10,0,1,9790,NA,1188,0,9790,1188,0,0,0,40,0,true,NA,0,1,-279358,0,1,2427,1002,false,false,none,false,true,true,true,true
1058,h3000_e20000_s20000_k20_y0,3000,20000,20000,20,0,1,9790,NA,1188,0,9790,1188,0,0,0,40,0,true,NA,0,1,-279358,0,1,2427,1002,false,false,none,false,true,true,true,true
1059,h3000_e20000_s20000_k40_y0,3000,20000,20000,40,0,1,9790,NA,1188,0,9790,1188,0,0,0,40,0,true,NA,0,1,-279358,0,1,2427,1002,false,false,none,false,true,true,true,true
1060,h3000_e20000_s20000_k5_y0,3000,20000,20000,5,0,1,9790,NA,1188,0,9790,1188,0,0,0,40,0,true,NA,0,1,-279358,0,1,2427,1002,false,false,none,false,true,true,true,true
1061,h500_e30000_s40000_k10_y0,500,30000,40000,10,0,1,9792,NA,1187,0,9792,1187,0,0,0,40,0,true,NA,0,1,-15650,0,1,364,1000,false,false,none,false,true,true,true,true
1062,h500_e30000_s40000_k20_y0,500,30000,40000,20,0,1,9792,NA,1187,0,9792,1187,0,0,0,40,0,true,NA,0,1,-15650,0,1,364,1000,false,false,none,false,true,true,true,true
1063,h500_e30000_s40000_k40_y0,500,30000,40000,40,0,1,9792,NA,1187,0,9792,1187,0,0,0,40,0,true,NA,0,1,-15650,0,1,364,1000,false,false,none,false,true,true,true,true
1064,h500_e30000_s40000_k5_y0,500,30000,40000,5,0,1,9792,NA,1187,0,9792,1187,0,0,0,40,0,true,NA,0,1,-15650,0,1,364,1000,false,false,none,false,true,true,true,true
1065,h10000_e20000_s10000_k10_y0,10000,20000,10000,10,0,1,9793,NA,1186,0,9793,1186,0,0,0,40,0,true,NA,0,1,-587890,0,1,8092,1006,false,false,none,false,true,true,true,true
1066,h10000_e20000_s10000_k20_y0,10000,20000,10000,20,0,1,9793,NA,1186,0,9793,1186,0,0,0,40,0,true,NA,0,1,-587890,0,1,8092,1006,false,false,none,false,true,true,true,true
1067,h10000_e20000_s10000_k40_y0,10000,20000,10000,40,0,1,9793,NA,1186,0,9793,1186,0,0,0,40,0,true,NA,0,1,-587890,0,1,8092,1006,false,false,none,false,true,true,true,true
1068,h10000_e20000_s10000_k5_y0,10000,20000,10000,5,0,1,9793,NA,1186,0,9793,1186,0,0,0,40,0,true,NA,0,1,-587890,0,1,8092,1006,false,false,none,false,true,true,true,true
1069,h1500_e100000_s20000_k10_y0,1500,100000,20000,10,0,0,9794,NA,1184,0,9794,1184,0,0,0,40,0,true,NA,0,0,-1,0,0,523,1000,false,false,none,false,true,true,true,true
1070,h1500_e100000_s20000_k20_y0,1500,100000,20000,20,0,0,9794,NA,1184,0,9794,1184,0,0,0,40,0,true,NA,0,0,-1,0,0,523,1000,false,false,none,false,true,true,true,true
1071,h1500_e100000_s20000_k40_y0,1500,100000,20000,40,0,0,9794,NA,1184,0,9794,1184,0,0,0,40,0,true,NA,0,0,-1,0,0,523,1000,false,false,none,false,true,true,true,true
1072,h1500_e100000_s20000_k5_y0,1500,100000,20000,5,0,0,9794,NA,1184,0,9794,1184,0,0,0,40,0,true,NA,0,0,-1,0,0,523,1000,false,false,none,false,true,true,true,true
1073,h1500_e10000_s20000_k10_y0,1500,10000,20000,10,0,18,3578,5752,1181,0,3578,1181,0,0,0,40,0,true,NA,0,3,-1137690,0,7,1316,1030,false,false,none,false,true,true,true,true
1074,h1500_e10000_s20000_k20_y0,1500,10000,20000,20,0,18,3578,5752,1181,0,3578,1181,0,0,0,40,0,true,NA,0,3,-1137690,0,7,1316,1030,false,false,none,false,true,true,true,true
1075,h1500_e10000_s20000_k40_y0,1500,10000,20000,40,0,18,3578,5752,1181,0,3578,1181,0,0,0,40,0,true,NA,0,3,-1137690,0,7,1316,1030,false,false,none,false,true,true,true,true
1076,h1500_e10000_s20000_k5_y0,1500,10000,20000,5,0,18,3578,5752,1181,0,3578,1181,0,0,0,40,0,true,NA,0,3,-1137690,0,7,1316,1030,false,false,none,false,true,true,true,true
1077,h3000_e50000_s20000_k10_y0,3000,50000,20000,10,0,0,9804,NA,1176,0,9804,1176,0,0,0,40,0,true,NA,0,0,-553,0,0,1771,1000,false,false,none,false,true,true,true,true
1078,h3000_e50000_s20000_k20_y0,3000,50000,20000,20,0,0,9804,NA,1176,0,9804,1176,0,0,0,40,0,true,NA,0,0,-553,0,0,1771,1000,false,false,none,false,true,true,true,true
1079,h3000_e50000_s20000_k40_y0,3000,50000,20000,40,0,0,9804,NA,1176,0,9804,1176,0,0,0,40,0,true,NA,0,0,-553,0,0,1771,1000,false,false,none,false,true,true,true,true
1080,h3000_e50000_s20000_k5_y0,3000,50000,20000,5,0,0,9804,NA,1176,0,9804,1176,0,0,0,40,0,true,NA,0,0,-553,0,0,1771,1000,false,false,none,false,true,true,true,true
1081,h3000_e25000_s20000_k10_y0,3000,25000,20000,10,0,1,9809,NA,1171,0,9809,1171,0,0,0,40,0,true,NA,0,1,-99300,0,1,2304,1000,false,false,none,false,true,true,true,true
1082,h3000_e25000_s20000_k20_y0,3000,25000,20000,20,0,1,9809,NA,1171,0,9809,1171,0,0,0,40,0,true,NA,0,1,-99300,0,1,2304,1000,false,false,none,false,true,true,true,true
1083,h3000_e25000_s20000_k40_y0,3000,25000,20000,40,0,1,9809,NA,1171,0,9809,1171,0,0,0,40,0,true,NA,0,1,-99300,0,1,2304,1000,false,false,none,false,true,true,true,true
1084,h3000_e25000_s20000_k5_y0,3000,25000,20000,5,0,1,9809,NA,1171,0,9809,1171,0,0,0,40,0,true,NA,0,1,-99300,0,1,2304,1000,false,false,none,false,true,true,true,true
1085,h300_e15000_s80000_k10_y0,300,15000,80000,10,0,1,5825,14616,1170,0,5825,1170,0,0,0,40,0,true,NA,0,1,-253698,0,1,254,1001,false,false,none,false,true,true,true,true
1086,h300_e15000_s80000_k20_y0,300,15000,80000,20,0,1,5825,14616,1170,0,5825,1170,0,0,0,40,0,true,NA,0,1,-253698,0,1,254,1001,false,false,none,false,true,true,true,true
1087,h300_e15000_s80000_k40_y0,300,15000,80000,40,0,1,5825,14616,1170,0,5825,1170,0,0,0,40,0,true,NA,0,1,-253698,0,1,254,1001,false,false,none,false,true,true,true,true
1088,h300_e15000_s80000_k5_y0,300,15000,80000,5,0,1,5825,14616,1170,0,5825,1170,0,0,0,40,0,true,NA,0,1,-253698,0,1,254,1001,false,false,none,false,true,true,true,true
1089,h2000_e70000_s20000_k10_y0,2000,70000,20000,10,0,0,9810,NA,1170,0,9810,1170,0,0,0,40,0,true,NA,0,0,-6,0,0,956,1000,false,false,none,false,true,true,true,true
1090,h2000_e70000_s20000_k20_y0,2000,70000,20000,20,0,0,9810,NA,1170,0,9810,1170,0,0,0,40,0,true,NA,0,0,-6,0,0,956,1000,false,false,none,false,true,true,true,true
1091,h2000_e70000_s20000_k40_y0,2000,70000,20000,40,0,0,9810,NA,1170,0,9810,1170,0,0,0,40,0,true,NA,0,0,-6,0,0,956,1000,false,false,none,false,true,true,true,true
1092,h2000_e70000_s20000_k5_y0,2000,70000,20000,5,0,0,9810,NA,1170,0,9810,1170,0,0,0,40,0,true,NA,0,0,-6,0,0,956,1000,false,false,none,false,true,true,true,true
1093,h100_e50000_s40000_k10_y0,100,50000,40000,10,0,0,9815,NA,1166,0,9815,1166,0,0,0,40,0,true,NA,0,0,-93,0,0,59,1000,false,false,none,false,true,true,true,true
1094,h100_e50000_s40000_k20_y0,100,50000,40000,20,0,0,9815,NA,1166,0,9815,1166,0,0,0,40,0,true,NA,0,0,-93,0,0,59,1000,false,false,none,false,true,true,true,true
1095,h100_e50000_s40000_k40_y0,100,50000,40000,40,0,0,9815,NA,1166,0,9815,1166,0,0,0,40,0,true,NA,0,0,-93,0,0,59,1000,false,false,none,false,true,true,true,true
1096,h100_e50000_s40000_k5_y0,100,50000,40000,5,0,0,9815,NA,1166,0,9815,1166,0,0,0,40,0,true,NA,0,0,-93,0,0,59,1000,false,false,none,false,true,true,true,true
1097,h5000_e15000_s10000_k10_y0,5000,15000,10000,10,0,1,9815,NA,1166,0,9815,1166,0,0,0,40,0,true,NA,0,1,-949233,0,1,4249,1017,false,false,none,false,true,true,true,true
1098,h5000_e15000_s10000_k20_y0,5000,15000,10000,20,0,1,9815,NA,1166,0,9815,1166,0,0,0,40,0,true,NA,0,1,-949233,0,1,4249,1017,false,false,none,false,true,true,true,true
1099,h5000_e15000_s10000_k40_y0,5000,15000,10000,40,0,1,9815,NA,1166,0,9815,1166,0,0,0,40,0,true,NA,0,1,-949233,0,1,4249,1017,false,false,none,false,true,true,true,true
1100,h5000_e15000_s10000_k5_y0,5000,15000,10000,5,0,1,9815,NA,1166,0,9815,1166,0,0,0,40,0,true,NA,0,1,-949233,0,1,4249,1017,false,false,none,false,true,true,true,true
1101,h700_e20000_s40000_k10_y0,700,20000,40000,10,0,1,9815,NA,1166,0,9815,1166,0,0,0,40,0,true,NA,0,1,-126689,0,1,566,1000,false,false,none,false,true,true,true,true
1102,h700_e20000_s40000_k20_y0,700,20000,40000,20,0,1,9815,NA,1166,0,9815,1166,0,0,0,40,0,true,NA,0,1,-126689,0,1,566,1000,false,false,none,false,true,true,true,true
1103,h700_e20000_s40000_k40_y0,700,20000,40000,40,0,1,9815,NA,1166,0,9815,1166,0,0,0,40,0,true,NA,0,1,-126689,0,1,566,1000,false,false,none,false,true,true,true,true
1104,h700_e20000_s40000_k5_y0,700,20000,40000,5,0,1,9815,NA,1166,0,9815,1166,0,0,0,40,0,true,NA,0,1,-126689,0,1,566,1000,false,false,none,false,true,true,true,true
1105,h3000_e40000_s20000_k10_y0,3000,40000,20000,10,0,1,9815,NA,1165,0,9815,1165,0,0,0,40,0,true,NA,0,0,-4425,0,1,1968,1000,false,false,none,false,true,true,true,true
1106,h3000_e40000_s20000_k20_y0,3000,40000,20000,20,0,1,9815,NA,1165,0,9815,1165,0,0,0,40,0,true,NA,0,0,-4425,0,1,1968,1000,false,false,none,false,true,true,true,true
1107,h3000_e40000_s20000_k40_y0,3000,40000,20000,40,0,1,9815,NA,1165,0,9815,1165,0,0,0,40,0,true,NA,0,0,-4425,0,1,1968,1000,false,false,none,false,true,true,true,true
1108,h3000_e40000_s20000_k5_y0,3000,40000,20000,5,0,1,9815,NA,1165,0,9815,1165,0,0,0,40,0,true,NA,0,0,-4425,0,1,1968,1000,false,false,none,false,true,true,true,true
1109,h3000_e30000_s20000_k10_y0,3000,30000,20000,10,0,1,9817,NA,1164,0,9817,1164,0,0,0,40,0,true,NA,0,1,-35259,0,1,2186,1000,false,false,none,false,true,true,true,true
1110,h3000_e30000_s20000_k20_y0,3000,30000,20000,20,0,1,9817,NA,1164,0,9817,1164,0,0,0,40,0,true,NA,0,1,-35259,0,1,2186,1000,false,false,none,false,true,true,true,true
1111,h3000_e30000_s20000_k40_y0,3000,30000,20000,40,0,1,9817,NA,1164,0,9817,1164,0,0,0,40,0,true,NA,0,1,-35259,0,1,2186,1000,false,false,none,false,true,true,true,true
1112,h3000_e30000_s20000_k5_y0,3000,30000,20000,5,0,1,9817,NA,1164,0,9817,1164,0,0,0,40,0,true,NA,0,1,-35259,0,1,2186,1000,false,false,none,false,true,true,true,true
1113,h2000_e15000_s20000_k10_y0,2000,15000,20000,10,0,1,7820,39118,1162,0,7820,1162,0,0,0,40,0,true,NA,0,1,-531859,0,1,1699,1007,false,false,none,false,true,true,true,true
1114,h2000_e15000_s20000_k20_y0,2000,15000,20000,20,0,1,7820,39118,1162,0,7820,1162,0,0,0,40,0,true,NA,0,1,-531859,0,1,1699,1007,false,false,none,false,true,true,true,true
1115,h2000_e15000_s20000_k40_y0,2000,15000,20000,40,0,1,7820,39118,1162,0,7820,1162,0,0,0,40,0,true,NA,0,1,-531859,0,1,1699,1007,false,false,none,false,true,true,true,true
1116,h2000_e15000_s20000_k5_y0,2000,15000,20000,5,0,1,7820,39118,1162,0,7820,1162,0,0,0,40,0,true,NA,0,1,-531859,0,1,1699,1007,false,false,none,false,true,true,true,true
1117,h5000_e10000_s2500_k10_y0,5000,10000,2500,10,0,12,5332,11883,1161,0,5332,1161,0,0,0,40,0,true,NA,0,6,-2480139,0,10,4389,1099,false,false,none,false,true,true,true,true
1118,h5000_e10000_s2500_k20_y0,5000,10000,2500,20,0,12,5332,11883,1161,0,5332,1161,0,0,0,40,0,true,NA,0,6,-2480139,0,10,4389,1099,false,false,none,false,true,true,true,true
1119,h5000_e10000_s2500_k40_y0,5000,10000,2500,40,0,12,5332,11883,1161,0,5332,1161,0,0,0,40,0,true,NA,0,6,-2480139,0,10,4389,1099,false,false,none,false,true,true,true,true
1120,h5000_e10000_s2500_k5_y0,5000,10000,2500,5,0,12,5332,11883,1161,0,5332,1161,0,0,0,40,0,true,NA,0,6,-2480139,0,10,4389,1099,false,false,none,false,true,true,true,true
1121,h1000_e100000_s20000_k10_y0,1000,100000,20000,10,0,0,9821,NA,1160,0,9821,1160,0,0,0,40,0,true,NA,0,0,-1,0,0,348,1000,false,false,none,false,true,true,true,true
1122,h1000_e100000_s20000_k20_y0,1000,100000,20000,20,0,0,9821,NA,1160,0,9821,1160,0,0,0,40,0,true,NA,0,0,-1,0,0,348,1000,false,false,none,false,true,true,true,true
1123,h1000_e100000_s20000_k40_y0,1000,100000,20000,40,0,0,9821,NA,1160,0,9821,1160,0,0,0,40,0,true,NA,0,0,-1,0,0,348,1000,false,false,none,false,true,true,true,true
1124,h1000_e100000_s20000_k5_y0,1000,100000,20000,5,0,0,9821,NA,1160,0,9821,1160,0,0,0,40,0,true,NA,0,0,-1,0,0,348,1000,false,false,none,false,true,true,true,true
1125,h100_e25000_s80000_k10_y0,100,25000,80000,10,0,1,9821,NA,1160,0,9821,1160,0,0,0,40,0,true,NA,0,1,-22720,0,1,76,1000,false,false,none,false,true,true,true,true
1126,h100_e25000_s80000_k20_y0,100,25000,80000,20,0,1,9821,NA,1160,0,9821,1160,0,0,0,40,0,true,NA,0,1,-22720,0,1,76,1000,false,false,none,false,true,true,true,true
1127,h100_e25000_s80000_k40_y0,100,25000,80000,40,0,1,9821,NA,1160,0,9821,1160,0,0,0,40,0,true,NA,0,1,-22720,0,1,76,1000,false,false,none,false,true,true,true,true
1128,h100_e25000_s80000_k5_y0,100,25000,80000,5,0,1,9821,NA,1160,0,9821,1160,0,0,0,40,0,true,NA,0,1,-22720,0,1,76,1000,false,false,none,false,true,true,true,true
1129,h100_e15000_s160000_k10_y0,100,15000,160000,10,0,2,4982,10295,1159,0,4982,1159,0,0,0,40,0,true,NA,0,1,-189958,0,1,84,1000,false,false,none,false,true,true,true,true
1130,h100_e15000_s160000_k20_y0,100,15000,160000,20,0,2,4982,10295,1159,0,4982,1159,0,0,0,40,0,true,NA,0,1,-189958,0,1,84,1000,false,false,none,false,true,true,true,true
1131,h100_e15000_s160000_k40_y0,100,15000,160000,40,0,2,4982,10295,1159,0,4982,1159,0,0,0,40,0,true,NA,0,1,-189958,0,1,84,1000,false,false,none,false,true,true,true,true
1132,h100_e15000_s160000_k5_y0,100,15000,160000,5,0,2,4982,10295,1159,0,4982,1159,0,0,0,40,0,true,NA,0,1,-189958,0,1,84,1000,false,false,none,false,true,true,true,true
1133,h700_e10000_s40000_k10_y0,700,10000,40000,10,0,22,2722,3832,1158,0,2722,1158,0,0,0,40,0,true,NA,0,2,-738357,0,5,614,1014,false,false,none,false,true,true,true,true
1134,h700_e10000_s40000_k20_y0,700,10000,40000,20,0,22,2722,3832,1158,0,2722,1158,0,0,0,40,0,true,NA,0,2,-738357,0,5,614,1014,false,false,none,false,true,true,true,true
1135,h700_e10000_s40000_k40_y0,700,10000,40000,40,0,22,2722,3832,1158,0,2722,1158,0,0,0,40,0,true,NA,0,2,-738357,0,5,614,1014,false,false,none,false,true,true,true,true
1136,h700_e10000_s40000_k5_y0,700,10000,40000,5,0,22,2722,3832,1158,0,2722,1158,0,0,0,40,0,true,NA,0,2,-738357,0,5,614,1014,false,false,none,false,true,true,true,true
1137,h10000_e15000_s5000_k10_y0,10000,15000,5000,10,0,1,9826,NA,1156,0,9826,1156,0,0,0,40,0,true,NA,0,1,-1531365,0,1,8499,1035,false,false,none,false,true,true,true,true
1138,h10000_e15000_s5000_k20_y0,10000,15000,5000,20,0,1,9826,NA,1156,0,9826,1156,0,0,0,40,0,true,NA,0,1,-1531365,0,1,8499,1035,false,false,none,false,true,true,true,true
1139,h10000_e15000_s5000_k40_y0,10000,15000,5000,40,0,1,9826,NA,1156,0,9826,1156,0,0,0,40,0,true,NA,0,1,-1531365,0,1,8499,1035,false,false,none,false,true,true,true,true
1140,h10000_e15000_s5000_k5_y0,10000,15000,5000,5,0,1,9826,NA,1156,0,9826,1156,0,0,0,40,0,true,NA,0,1,-1531365,0,1,8499,1035,false,false,none,false,true,true,true,true
1141,h500_e25000_s40000_k10_y0,500,25000,40000,10,0,1,9831,NA,1151,0,9831,1151,0,0,0,40,0,true,NA,0,1,-37718,0,1,384,1000,false,false,none,false,true,true,true,true
1142,h500_e25000_s40000_k20_y0,500,25000,40000,20,0,1,9831,NA,1151,0,9831,1151,0,0,0,40,0,true,NA,0,1,-37718,0,1,384,1000,false,false,none,false,true,true,true,true
1143,h500_e25000_s40000_k40_y0,500,25000,40000,40,0,1,9831,NA,1151,0,9831,1151,0,0,0,40,0,true,NA,0,1,-37718,0,1,384,1000,false,false,none,false,true,true,true,true
1144,h500_e25000_s40000_k5_y0,500,25000,40000,5,0,1,9831,NA,1151,0,9831,1151,0,0,0,40,0,true,NA,0,1,-37718,0,1,384,1000,false,false,none,false,true,true,true,true
1145,h700_e15000_s40000_k10_y0,700,15000,40000,10,0,1,5730,13964,1149,0,5730,1149,0,0,0,40,0,true,NA,0,1,-305536,0,1,594,1002,false,false,none,false,true,true,true,true
1146,h700_e15000_s40000_k20_y0,700,15000,40000,20,0,1,5730,13964,1149,0,5730,1149,0,0,0,40,0,true,NA,0,1,-305536,0,1,594,1002,false,false,none,false,true,true,true,true
1147,h700_e15000_s40000_k40_y0,700,15000,40000,40,0,1,5730,13964,1149,0,5730,1149,0,0,0,40,0,true,NA,0,1,-305536,0,1,594,1002,false,false,none,false,true,true,true,true
1148,h700_e15000_s40000_k5_y0,700,15000,40000,5,0,1,5730,13964,1149,0,5730,1149,0,0,0,40,0,true,NA,0,1,-305536,0,1,594,1002,false,false,none,false,true,true,true,true
1149,h1500_e70000_s20000_k10_y0,1500,70000,20000,10,0,0,9837,NA,1146,0,9837,1146,0,0,0,40,0,true,NA,0,0,-5,0,0,717,1000,false,false,none,false,true,true,true,true
1150,h1500_e70000_s20000_k20_y0,1500,70000,20000,20,0,0,9837,NA,1146,0,9837,1146,0,0,0,40,0,true,NA,0,0,-5,0,0,717,1000,false,false,none,false,true,true,true,true
1151,h1500_e70000_s20000_k40_y0,1500,70000,20000,40,0,0,9837,NA,1146,0,9837,1146,0,0,0,40,0,true,NA,0,0,-5,0,0,717,1000,false,false,none,false,true,true,true,true
1152,h1500_e70000_s20000_k5_y0,1500,70000,20000,5,0,0,9837,NA,1146,0,9837,1146,0,0,0,40,0,true,NA,0,0,-5,0,0,717,1000,false,false,none,false,true,true,true,true
1153,h2000_e10000_s10000_k10_y0,2000,10000,10000,10,0,16,3260,4955,1143,0,3260,1143,0,0,0,40,0,true,NA,0,3,-1228114,0,8,1755,1040,false,false,none,false,true,true,true,true
1154,h2000_e10000_s10000_k20_y0,2000,10000,10000,20,0,16,3260,4955,1143,0,3260,1143,0,0,0,40,0,true,NA,0,3,-1228114,0,8,1755,1040,false,false,none,false,true,true,true,true
1155,h2000_e10000_s10000_k40_y0,2000,10000,10000,40,0,16,3260,4955,1143,0,3260,1143,0,0,0,40,0,true,NA,0,3,-1228114,0,8,1755,1040,false,false,none,false,true,true,true,true
1156,h2000_e10000_s10000_k5_y0,2000,10000,10000,5,0,16,3260,4955,1143,0,3260,1143,0,0,0,40,0,true,NA,0,3,-1228114,0,8,1755,1040,false,false,none,false,true,true,true,true
1157,h700_e100000_s20000_k10_y0,700,100000,20000,10,0,0,9841,NA,1143,0,9841,1143,0,0,0,40,0,true,NA,0,0,-1,0,0,244,1000,false,false,none,false,true,true,true,true
1158,h700_e100000_s20000_k20_y0,700,100000,20000,20,0,0,9841,NA,1143,0,9841,1143,0,0,0,40,0,true,NA,0,0,-1,0,0,244,1000,false,false,none,false,true,true,true,true
1159,h700_e100000_s20000_k40_y0,700,100000,20000,40,0,0,9841,NA,1143,0,9841,1143,0,0,0,40,0,true,NA,0,0,-1,0,0,244,1000,false,false,none,false,true,true,true,true
1160,h700_e100000_s20000_k5_y0,700,100000,20000,5,0,0,9841,NA,1143,0,9841,1143,0,0,0,40,0,true,NA,0,0,-1,0,0,244,1000,false,false,none,false,true,true,true,true
1161,h3000_e10000_s5000_k10_y0,3000,10000,5000,10,0,14,3762,6183,1137,0,3762,1137,0,0,0,40,0,true,NA,0,4,-1616542,0,9,2633,1060,false,false,none,false,true,true,true,true
1162,h3000_e10000_s5000_k20_y0,3000,10000,5000,20,0,14,3762,6183,1137,0,3762,1137,0,0,0,40,0,true,NA,0,4,-1616542,0,9,2633,1060,false,false,none,false,true,true,true,true
1163,h3000_e10000_s5000_k40_y0,3000,10000,5000,40,0,14,3762,6183,1137,0,3762,1137,0,0,0,40,0,true,NA,0,4,-1616542,0,9,2633,1060,false,false,none,false,true,true,true,true
1164,h3000_e10000_s5000_k5_y0,3000,10000,5000,5,0,14,3762,6183,1137,0,3762,1137,0,0,0,40,0,true,NA,0,4,-1616542,0,9,2633,1060,false,false,none,false,true,true,true,true
1165,h2000_e50000_s20000_k10_y0,2000,50000,20000,10,0,0,9848,NA,1136,0,9848,1136,0,0,0,40,0,true,NA,0,0,-370,0,0,1180,1000,false,false,none,false,true,true,true,true
1166,h2000_e50000_s20000_k20_y0,2000,50000,20000,20,0,0,9848,NA,1136,0,9848,1136,0,0,0,40,0,true,NA,0,0,-370,0,0,1180,1000,false,false,none,false,true,true,true,true
1167,h2000_e50000_s20000_k40_y0,2000,50000,20000,40,0,0,9848,NA,1136,0,9848,1136,0,0,0,40,0,true,NA,0,0,-370,0,0,1180,1000,false,false,none,false,true,true,true,true
1168,h2000_e50000_s20000_k5_y0,2000,50000,20000,5,0,0,9848,NA,1136,0,9848,1136,0,0,0,40,0,true,NA,0,0,-370,0,0,1180,1000,false,false,none,false,true,true,true,true
1169,h2000_e20000_s20000_k10_y0,2000,20000,20000,10,0,1,9849,NA,1135,0,9849,1135,0,0,0,40,0,true,NA,0,1,-188472,0,1,1618,1001,false,false,none,false,true,true,true,true
1170,h2000_e20000_s20000_k20_y0,2000,20000,20000,20,0,1,9849,NA,1135,0,9849,1135,0,0,0,40,0,true,NA,0,1,-188472,0,1,1618,1001,false,false,none,false,true,true,true,true
1171,h2000_e20000_s20000_k40_y0,2000,20000,20000,40,0,1,9849,NA,1135,0,9849,1135,0,0,0,40,0,true,NA,0,1,-188472,0,1,1618,1001,false,false,none,false,true,true,true,true
1172,h2000_e20000_s20000_k5_y0,2000,20000,20000,5,0,1,9849,NA,1135,0,9849,1135,0,0,0,40,0,true,NA,0,1,-188472,0,1,1618,1001,false,false,none,false,true,true,true,true
1173,h300_e10000_s80000_k10_y0,300,10000,80000,10,0,26,2067,2654,1132,0,2067,1132,0,0,0,40,0,true,NA,0,1,-493402,0,3,263,1006,false,false,none,false,true,true,true,true
1174,h300_e10000_s80000_k20_y0,300,10000,80000,20,0,26,2067,2654,1132,0,2067,1132,0,0,0,40,0,true,NA,0,1,-493402,0,3,263,1006,false,false,none,false,true,true,true,true
1175,h300_e10000_s80000_k40_y0,300,10000,80000,40,0,26,2067,2654,1132,0,2067,1132,0,0,0,40,0,true,NA,0,1,-493402,0,3,263,1006,false,false,none,false,true,true,true,true
1176,h300_e10000_s80000_k5_y0,300,10000,80000,5,0,26,2067,2654,1132,0,2067,1132,0,0,0,40,0,true,NA,0,1,-493402,0,3,263,1006,false,false,none,false,true,true,true,true
1177,h10000_e25000_s10000_k10_y0,10000,25000,10000,10,0,1,9854,NA,1130,0,9854,1130,0,0,0,40,0,true,NA,0,1,-190530,0,1,7682,1001,false,false,none,false,true,true,true,true
1178,h10000_e25000_s10000_k20_y0,10000,25000,10000,20,0,1,9854,NA,1130,0,9854,1130,0,0,0,40,0,true,NA,0,1,-190530,0,1,7682,1001,false,false,none,false,true,true,true,true
1179,h10000_e25000_s10000_k40_y0,10000,25000,10000,40,0,1,9854,NA,1130,0,9854,1130,0,0,0,40,0,true,NA,0,1,-190530,0,1,7682,1001,false,false,none,false,true,true,true,true
1180,h10000_e25000_s10000_k5_y0,10000,25000,10000,5,0,1,9854,NA,1130,0,9854,1130,0,0,0,40,0,true,NA,0,1,-190530,0,1,7682,1001,false,false,none,false,true,true,true,true
1181,h500_e100000_s20000_k10_y0,500,100000,20000,10,0,0,9856,NA,1129,0,9856,1129,0,0,0,40,0,true,NA,0,0,-1,0,0,174,1000,false,false,none,false,true,true,true,true
1182,h500_e100000_s20000_k20_y0,500,100000,20000,20,0,0,9856,NA,1129,0,9856,1129,0,0,0,40,0,true,NA,0,0,-1,0,0,174,1000,false,false,none,false,true,true,true,true
1183,h500_e100000_s20000_k40_y0,500,100000,20000,40,0,0,9856,NA,1129,0,9856,1129,0,0,0,40,0,true,NA,0,0,-1,0,0,174,1000,false,false,none,false,true,true,true,true
1184,h500_e100000_s20000_k5_y0,500,100000,20000,5,0,0,9856,NA,1129,0,9856,1129,0,0,0,40,0,true,NA,0,0,-1,0,0,174,1000,false,false,none,false,true,true,true,true
1185,h300_e30000_s40000_k10_y0,300,30000,40000,10,0,1,9857,NA,1128,0,9857,1128,0,0,0,40,0,true,NA,0,1,-9423,0,1,218,1000,false,false,none,false,true,true,true,true
1186,h300_e30000_s40000_k20_y0,300,30000,40000,20,0,1,9857,NA,1128,0,9857,1128,0,0,0,40,0,true,NA,0,1,-9423,0,1,218,1000,false,false,none,false,true,true,true,true
1187,h300_e30000_s40000_k40_y0,300,30000,40000,40,0,1,9857,NA,1128,0,9857,1128,0,0,0,40,0,true,NA,0,1,-9423,0,1,218,1000,false,false,none,false,true,true,true,true
1188,h300_e30000_s40000_k5_y0,300,30000,40000,5,0,1,9857,NA,1128,0,9857,1128,0,0,0,40,0,true,NA,0,1,-9423,0,1,218,1000,false,false,none,false,true,true,true,true
1189,h1500_e15000_s20000_k10_y0,1500,15000,20000,10,0,1,5860,14653,1126,0,5860,1126,0,0,0,40,0,true,NA,0,1,-401774,0,1,1274,1005,false,false,none,false,true,true,true,true
1190,h1500_e15000_s20000_k20_y0,1500,15000,20000,20,0,1,5860,14653,1126,0,5860,1126,0,0,0,40,0,true,NA,0,1,-401774,0,1,1274,1005,false,false,none,false,true,true,true,true
1191,h1500_e15000_s20000_k40_y0,1500,15000,20000,40,0,1,5860,14653,1126,0,5860,1126,0,0,0,40,0,true,NA,0,1,-401774,0,1,1274,1005,false,false,none,false,true,true,true,true
1192,h1500_e15000_s20000_k5_y0,1500,15000,20000,5,0,1,5860,14653,1126,0,5860,1126,0,0,0,40,0,true,NA,0,1,-401774,0,1,1274,1005,false,false,none,false,true,true,true,true
1193,h1000_e10000_s20000_k10_y0,1000,10000,20000,10,0,20,2380,3182,1125,0,2380,1125,0,0,0,40,0,true,NA,0,2,-764402,0,6,877,1020,false,false,none,false,true,true,true,true
1194,h1000_e10000_s20000_k20_y0,1000,10000,20000,20,0,20,2380,3182,1125,0,2380,1125,0,0,0,40,0,true,NA,0,2,-764402,0,6,877,1020,false,false,none,false,true,true,true,true
1195,h1000_e10000_s20000_k40_y0,1000,10000,20000,40,0,20,2380,3182,1125,0,2380,1125,0,0,0,40,0,true,NA,0,2,-764402,0,6,877,1020,false,false,none,false,true,true,true,true
1196,h1000_e10000_s20000_k5_y0,1000,10000,20000,5,0,20,2380,3182,1125,0,2380,1125,0,0,0,40,0,true,NA,0,2,-764402,0,6,877,1020,false,false,none,false,true,true,true,true
1197,h500_e20000_s40000_k10_y0,500,20000,40000,10,0,1,8430,58943,1125,0,8430,1125,0,0,0,40,0,true,NA,0,1,-90925,0,1,404,1000,false,false,none,false,true,true,true,true
1198,h500_e20000_s40000_k20_y0,500,20000,40000,20,0,1,8430,58943,1125,0,8430,1125,0,0,0,40,0,true,NA,0,1,-90925,0,1,404,1000,false,false,none,false,true,true,true,true
1199,h500_e20000_s40000_k40_y0,500,20000,40000,40,0,1,8430,58943,1125,0,8430,1125,0,0,0,40,0,true,NA,0,1,-90925,0,1,404,1000,false,false,none,false,true,true,true,true
1200,h500_e20000_s40000_k5_y0,500,20000,40000,5,0,1,8430,58943,1125,0,8430,1125,0,0,0,40,0,true,NA,0,1,-90925,0,1,404,1000,false,false,none,false,true,true,true,true
1201,h2000_e25000_s20000_k10_y0,2000,25000,20000,10,0,1,9861,NA,1124,0,9861,1124,0,0,0,40,0,true,NA,0,1,-66803,0,1,1536,1000,false,false,none,false,true,true,true,true
1202,h2000_e25000_s20000_k20_y0,2000,25000,20000,20,0,1,9861,NA,1124,0,9861,1124,0,0,0,40,0,true,NA,0,1,-66803,0,1,1536,1000,false,false,none,false,true,true,true,true
1203,h2000_e25000_s20000_k40_y0,2000,25000,20000,40,0,1,9861,NA,1124,0,9861,1124,0,0,0,40,0,true,NA,0,1,-66803,0,1,1536,1000,false,false,none,false,true,true,true,true
1204,h2000_e25000_s20000_k5_y0,2000,25000,20000,5,0,1,9861,NA,1124,0,9861,1124,0,0,0,40,0,true,NA,0,1,-66803,0,1,1536,1000,false,false,none,false,true,true,true,true
1205,h2000_e40000_s20000_k10_y0,2000,40000,20000,10,0,1,9861,NA,1124,0,9861,1124,0,0,0,40,0,true,NA,0,0,-2960,0,1,1312,1000,false,false,none,false,true,true,true,true
1206,h2000_e40000_s20000_k20_y0,2000,40000,20000,20,0,1,9861,NA,1124,0,9861,1124,0,0,0,40,0,true,NA,0,0,-2960,0,1,1312,1000,false,false,none,false,true,true,true,true
1207,h2000_e40000_s20000_k40_y0,2000,40000,20000,40,0,1,9861,NA,1124,0,9861,1124,0,0,0,40,0,true,NA,0,0,-2960,0,1,1312,1000,false,false,none,false,true,true,true,true
1208,h2000_e40000_s20000_k5_y0,2000,40000,20000,5,0,1,9861,NA,1124,0,9861,1124,0,0,0,40,0,true,NA,0,0,-2960,0,1,1312,1000,false,false,none,false,true,true,true,true
1209,h2000_e30000_s20000_k10_y0,2000,30000,20000,10,0,1,9865,NA,1120,0,9865,1120,0,0,0,40,0,true,NA,0,1,-23660,0,1,1457,1000,false,false,none,false,true,true,true,true
1210,h2000_e30000_s20000_k20_y0,2000,30000,20000,20,0,1,9865,NA,1120,0,9865,1120,0,0,0,40,0,true,NA,0,1,-23660,0,1,1457,1000,false,false,none,false,true,true,true,true
1211,h2000_e30000_s20000_k40_y0,2000,30000,20000,40,0,1,9865,NA,1120,0,9865,1120,0,0,0,40,0,true,NA,0,1,-23660,0,1,1457,1000,false,false,none,false,true,true,true,true
1212,h2000_e30000_s20000_k5_y0,2000,30000,20000,5,0,1,9865,NA,1120,0,9865,1120,0,0,0,40,0,true,NA,0,1,-23660,0,1,1457,1000,false,false,none,false,true,true,true,true
1213,h500_e10000_s40000_k10_y0,500,10000,40000,10,0,24,1940,2447,1116,0,1940,1116,0,0,0,40,0,true,NA,0,1,-529891,0,4,438,1010,false,false,none,false,true,true,true,true
1214,h500_e10000_s40000_k20_y0,500,10000,40000,20,0,24,1940,2447,1116,0,1940,1116,0,0,0,40,0,true,NA,0,1,-529891,0,4,438,1010,false,false,none,false,true,true,true,true
1215,h500_e10000_s40000_k40_y0,500,10000,40000,40,0,24,1940,2447,1116,0,1940,1116,0,0,0,40,0,true,NA,0,1,-529891,0,4,438,1010,false,false,none,false,true,true,true,true
1216,h500_e10000_s40000_k5_y0,500,10000,40000,5,0,24,1940,2447,1116,0,1940,1116,0,0,0,40,0,true,NA,0,1,-529891,0,4,438,1010,false,false,none,false,true,true,true,true
1217,h1000_e70000_s20000_k10_y0,1000,70000,20000,10,0,0,9872,NA,1114,0,9872,1114,0,0,0,40,0,true,NA,0,0,-3,0,0,478,1000,false,false,none,false,true,true,true,true
1218,h1000_e70000_s20000_k20_y0,1000,70000,20000,20,0,0,9872,NA,1114,0,9872,1114,0,0,0,40,0,true,NA,0,0,-3,0,0,478,1000,false,false,none,false,true,true,true,true
1219,h1000_e70000_s20000_k40_y0,1000,70000,20000,40,0,0,9872,NA,1114,0,9872,1114,0,0,0,40,0,true,NA,0,0,-3,0,0,478,1000,false,false,none,false,true,true,true,true
1220,h1000_e70000_s20000_k5_y0,1000,70000,20000,5,0,0,9872,NA,1114,0,9872,1114,0,0,0,40,0,true,NA,0,0,-3,0,0,478,1000,false,false,none,false,true,true,true,true
1221,h1500_e50000_s20000_k10_y0,1500,50000,20000,10,0,0,9875,NA,1112,0,9875,1112,0,0,0,40,0,true,NA,0,0,-278,0,0,885,1000,false,false,none,false,true,true,true,true
1222,h1500_e50000_s20000_k20_y0,1500,50000,20000,20,0,0,9875,NA,1112,0,9875,1112,0,0,0,40,0,true,NA,0,0,-278,0,0,885,1000,false,false,none,false,true,true,true,true
1223,h1500_e50000_s20000_k40_y0,1500,50000,20000,40,0,0,9875,NA,1112,0,9875,1112,0,0,0,40,0,true,NA,0,0,-278,0,0,885,1000,false,false,none,false,true,true,true,true
1224,h1500_e50000_s20000_k5_y0,1500,50000,20000,5,0,0,9875,NA,1112,0,9875,1112,0,0,0,40,0,true,NA,0,0,-278,0,0,885,1000,false,false,none,false,true,true,true,true
1225,h500_e15000_s40000_k10_y0,500,15000,40000,10,0,2,4088,7062,1111,0,4088,1111,0,0,0,40,0,true,NA,0,1,-219348,0,1,424,1001,false,false,none,false,true,true,true,true
1226,h500_e15000_s40000_k20_y0,500,15000,40000,20,0,2,4088,7062,1111,0,4088,1111,0,0,0,40,0,true,NA,0,1,-219348,0,1,424,1001,false,false,none,false,true,true,true,true
1227,h500_e15000_s40000_k40_y0,500,15000,40000,40,0,2,4088,7062,1111,0,4088,1111,0,0,0,40,0,true,NA,0,1,-219348,0,1,424,1001,false,false,none,false,true,true,true,true
1228,h500_e15000_s40000_k5_y0,500,15000,40000,5,0,2,4088,7062,1111,0,4088,1111,0,0,0,40,0,true,NA,0,1,-219348,0,1,424,1001,false,false,none,false,true,true,true,true
1229,h1500_e10000_s10000_k10_y0,1500,10000,10000,10,0,17,2443,3286,1109,0,2443,1109,0,0,0,40,0,true,NA,0,2,-926517,0,7,1316,1030,false,false,none,false,true,true,true,true
1230,h1500_e10000_s10000_k20_y0,1500,10000,10000,20,0,17,2443,3286,1109,0,2443,1109,0,0,0,40,0,true,NA,0,2,-926517,0,7,1316,1030,false,false,none,false,true,true,true,true
1231,h1500_e10000_s10000_k40_y0,1500,10000,10000,40,0,17,2443,3286,1109,0,2443,1109,0,0,0,40,0,true,NA,0,2,-926517,0,7,1316,1030,false,false,none,false,true,true,true,true
1232,h1500_e10000_s10000_k5_y0,1500,10000,10000,5,0,17,2443,3286,1109,0,2443,1109,0,0,0,40,0,true,NA,0,2,-926517,0,7,1316,1030,false,false,none,false,true,true,true,true
1233,h3000_e15000_s10000_k10_y0,3000,15000,10000,10,0,1,6590,20022,1105,0,6590,1105,0,0,0,40,0,true,NA,0,1,-580741,0,1,2549,1010,false,false,none,false,true,true,true,true
1234,h3000_e15000_s10000_k20_y0,3000,15000,10000,20,0,1,6590,20022,1105,0,6590,1105,0,0,0,40,0,true,NA,0,1,-580741,0,1,2549,1010,false,false,none,false,true,true,true,true
1235,h3000_e15000_s10000_k40_y0,3000,15000,10000,40,0,1,6590,20022,1105,0,6590,1105,0,0,0,40,0,true,NA,0,1,-580741,0,1,2549,1010,false,false,none,false,true,true,true,true
1236,h3000_e15000_s10000_k5_y0,3000,15000,10000,5,0,1,6590,20022,1105,0,6590,1105,0,0,0,40,0,true,NA,0,1,-580741,0,1,2549,1010,false,false,none,false,true,true,true,true
1237,h1500_e20000_s20000_k10_y0,1500,20000,20000,10,0,1,9408,198316,1105,0,9408,1105,0,0,0,40,0,true,NA,0,1,-142191,0,1,1213,1001,false,false,none,false,true,true,true,true
1238,h1500_e20000_s20000_k20_y0,1500,20000,20000,20,0,1,9408,198316,1105,0,9408,1105,0,0,0,40,0,true,NA,0,1,-142191,0,1,1213,1001,false,false,none,false,true,true,true,true
1239,h1500_e20000_s20000_k40_y0,1500,20000,20000,40,0,1,9408,198316,1105,0,9408,1105,0,0,0,40,0,true,NA,0,1,-142191,0,1,1213,1001,false,false,none,false,true,true,true,true
1240,h1500_e20000_s20000_k5_y0,1500,20000,20000,5,0,1,9408,198316,1105,0,9408,1105,0,0,0,40,0,true,NA,0,1,-142191,0,1,1213,1001,false,false,none,false,true,true,true,true
1241,h5000_e20000_s10000_k10_y0,5000,20000,10000,10,0,1,9884,NA,1103,0,9884,1103,0,0,0,40,0,true,NA,0,1,-304766,0,1,4046,1003,false,false,none,false,true,true,true,true
1242,h5000_e20000_s10000_k20_y0,5000,20000,10000,20,0,1,9884,NA,1103,0,9884,1103,0,0,0,40,0,true,NA,0,1,-304766,0,1,4046,1003,false,false,none,false,true,true,true,true
1243,h5000_e20000_s10000_k40_y0,5000,20000,10000,40,0,1,9884,NA,1103,0,9884,1103,0,0,0,40,0,true,NA,0,1,-304766,0,1,4046,1003,false,false,none,false,true,true,true,true
1244,h5000_e20000_s10000_k5_y0,5000,20000,10000,5,0,1,9884,NA,1103,0,9884,1103,0,0,0,40,0,true,NA,0,1,-304766,0,1,4046,1003,false,false,none,false,true,true,true,true
1245,h1500_e40000_s20000_k10_y0,1500,40000,20000,10,0,1,9888,NA,1100,0,9888,1100,0,0,0,40,0,true,NA,0,0,-2224,0,1,984,1000,false,false,none,false,true,true,true,true
1246,h1500_e40000_s20000_k20_y0,1500,40000,20000,20,0,1,9888,NA,1100,0,9888,1100,0,0,0,40,0,true,NA,0,0,-2224,0,1,984,1000,false,false,none,false,true,true,true,true
1247,h1500_e40000_s20000_k40_y0,1500,40000,20000,40,0,1,9888,NA,1100,0,9888,1100,0,0,0,40,0,true,NA,0,0,-2224,0,1,984,1000,false,false,none,false,true,true,true,true
1248,h1500_e40000_s20000_k5_y0,1500,40000,20000,5,0,1,9888,NA,1100,0,9888,1100,0,0,0,40,0,true,NA,0,0,-2224,0,1,984,1000,false,false,none,false,true,true,true,true
1249,h300_e25000_s40000_k10_y0,300,25000,40000,10,0,1,9888,NA,1100,0,9888,1100,0,0,0,40,0,true,NA,0,1,-22725,0,1,230,1000,false,false,none,false,true,true,true,true
1250,h300_e25000_s40000_k20_y0,300,25000,40000,20,0,1,9888,NA,1100,0,9888,1100,0,0,0,40,0,true,NA,0,1,-22725,0,1,230,1000,false,false,none,false,true,true,true,true
1251,h300_e25000_s40000_k40_y0,300,25000,40000,40,0,1,9888,NA,1100,0,9888,1100,0,0,0,40,0,true,NA,0,1,-22725,0,1,230,1000,false,false,none,false,true,true,true,true
1252,h300_e25000_s40000_k5_y0,300,25000,40000,5,0,1,9888,NA,1100,0,9888,1100,0,0,0,40,0,true,NA,0,1,-22725,0,1,230,1000,false,false,none,false,true,true,true,true
1253,h3000_e10000_s2500_k10_y0,3000,10000,2500,10,0,12,3196,4776,1099,0,3196,1099,0,0,0,40,0,true,NA,0,4,-1513375,0,9,2633,1060,false,false,none,false,true,true,true,true
1254,h3000_e10000_s2500_k20_y0,3000,10000,2500,20,0,12,3196,4776,1099,0,3196,1099,0,0,0,40,0,true,NA,0,4,-1513375,0,9,2633,1060,false,false,none,false,true,true,true,true
1255,h3000_e10000_s2500_k40_y0,3000,10000,2500,40,0,12,3196,4776,1099,0,3196,1099,0,0,0,40,0,true,NA,0,4,-1513375,0,9,2633,1060,false,false,none,false,true,true,true,true
1256,h3000_e10000_s2500_k5_y0,3000,10000,2500,5,0,12,3196,4776,1099,0,3196,1099,0,0,0,40,0,true,NA,0,4,-1513375,0,9,2633,1060,false,false,none,false,true,true,true,true
1257,h100_e20000_s80000_k10_y0,100,20000,80000,10,0,1,5335,11717,1099,0,5335,1099,0,0,0,40,0,true,NA,0,1,-44050,0,1,80,1000,false,false,none,false,true,true,true,true
1258,h100_e20000_s80000_k20_y0,100,20000,80000,20,0,1,5335,11717,1099,0,5335,1099,0,0,0,40,0,true,NA,0,1,-44050,0,1,80,1000,false,false,none,false,true,true,true,true
1259,h100_e20000_s80000_k40_y0,100,20000,80000,40,0,1,5335,11717,1099,0,5335,1099,0,0,0,40,0,true,NA,0,1,-44050,0,1,80,1000,false,false,none,false,true,true,true,true
1260,h100_e20000_s80000_k5_y0,100,20000,80000,5,0,1,5335,11717,1099,0,5335,1099,0,0,0,40,0,true,NA,0,1,-44050,0,1,80,1000,false,false,none,false,true,true,true,true
1261,h10000_e30000_s10000_k10_y0,10000,30000,10000,10,0,1,9891,NA,1097,0,9891,1097,0,0,0,40,0,true,NA,0,1,-61448,0,1,7289,1000,false,false,none,false,true,true,true,true
1262,h10000_e30000_s10000_k20_y0,10000,30000,10000,20,0,1,9891,NA,1097,0,9891,1097,0,0,0,40,0,true,NA,0,1,-61448,0,1,7289,1000,false,false,none,false,true,true,true,true
1263,h10000_e30000_s10000_k40_y0,10000,30000,10000,40,0,1,9891,NA,1097,0,9891,1097,0,0,0,40,0,true,NA,0,1,-61448,0,1,7289,1000,false,false,none,false,true,true,true,true
1264,h10000_e30000_s10000_k5_y0,10000,30000,10000,5,0,1,9891,NA,1097,0,9891,1097,0,0,0,40,0,true,NA,0,1,-61448,0,1,7289,1000,false,false,none,false,true,true,true,true
1265,h1500_e25000_s20000_k10_y0,1500,25000,20000,10,0,1,9891,NA,1097,0,9891,1097,0,0,0,40,0,true,NA,0,1,-50330,0,1,1152,1000,false,false,none,false,true,true,true,true
1266,h1500_e25000_s20000_k20_y0,1500,25000,20000,20,0,1,9891,NA,1097,0,9891,1097,0,0,0,40,0,true,NA,0,1,-50330,0,1,1152,1000,false,false,none,false,true,true,true,true
1267,h1500_e25000_s20000_k40_y0,1500,25000,20000,40,0,1,9891,NA,1097,0,9891,1097,0,0,0,40,0,true,NA,0,1,-50330,0,1,1152,1000,false,false,none,false,true,true,true,true
1268,h1500_e25000_s20000_k5_y0,1500,25000,20000,5,0,1,9891,NA,1097,0,9891,1097,0,0,0,40,0,true,NA,0,1,-50330,0,1,1152,1000,false,false,none,false,true,true,true,true
1269,h1500_e30000_s20000_k10_y0,1500,30000,20000,10,0,1,9893,NA,1095,0,9893,1095,0,0,0,40,0,true,NA,0,1,-17805,0,1,1093,1000,false,false,none,false,true,true,true,true
1270,h1500_e30000_s20000_k20_y0,1500,30000,20000,20,0,1,9893,NA,1095,0,9893,1095,0,0,0,40,0,true,NA,0,1,-17805,0,1,1093,1000,false,false,none,false,true,true,true,true
1271,h1500_e30000_s20000_k40_y0,1500,30000,20000,40,0,1,9893,NA,1095,0,9893,1095,0,0,0,40,0,true,NA,0,1,-17805,0,1,1093,1000,false,false,none,false,true,true,true,true
1272,h1500_e30000_s20000_k5_y0,1500,30000,20000,5,0,1,9893,NA,1095,0,9893,1095,0,0,0,40,0,true,NA,0,1,-17805,0,1,1093,1000,false,false,none,false,true,true,true,true
1273,h100_e40000_s40000_k10_y0,100,40000,40000,10,0,1,9894,NA,1095,0,9894,1095,0,0,0,40,0,true,NA,0,0,-542,0,1,65,1000,false,false,none,false,true,true,true,true
1274,h100_e40000_s40000_k20_y0,100,40000,40000,20,0,1,9894,NA,1095,0,9894,1095,0,0,0,40,0,true,NA,0,0,-542,0,1,65,1000,false,false,none,false,true,true,true,true
1275,h100_e40000_s40000_k40_y0,100,40000,40000,40,0,1,9894,NA,1095,0,9894,1095,0,0,0,40,0,true,NA,0,0,-542,0,1,65,1000,false,false,none,false,true,true,true,true
1276,h100_e40000_s40000_k5_y0,100,40000,40000,5,0,1,9894,NA,1095,0,9894,1095,0,0,0,40,0,true,NA,0,0,-542,0,1,65,1000,false,false,none,false,true,true,true,true
1277,h300_e100000_s20000_k10_y0,300,100000,20000,10,0,0,9895,NA,1094,0,9895,1094,0,0,0,40,0,true,NA,0,0,-1,0,0,104,1000,false,false,none,false,true,true,true,true
1278,h300_e100000_s20000_k20_y0,300,100000,20000,20,0,0,9895,NA,1094,0,9895,1094,0,0,0,40,0,true,NA,0,0,-1,0,0,104,1000,false,false,none,false,true,true,true,true
1279,h300_e100000_s20000_k40_y0,300,100000,20000,40,0,0,9895,NA,1094,0,9895,1094,0,0,0,40,0,true,NA,0,0,-1,0,0,104,1000,false,false,none,false,true,true,true,true
1280,h300_e100000_s20000_k5_y0,300,100000,20000,5,0,0,9895,NA,1094,0,9895,1094,0,0,0,40,0,true,NA,0,0,-1,0,0,104,1000,false,false,none,false,true,true,true,true
1281,h2000_e10000_s5000_k10_y0,2000,10000,5000,10,0,15,2506,3391,1093,0,2506,1093,0,0,0,40,0,true,NA,0,3,-1088091,0,8,1755,1040,false,false,none,false,true,true,true,true
1282,h2000_e10000_s5000_k20_y0,2000,10000,5000,20,0,15,2506,3391,1093,0,2506,1093,0,0,0,40,0,true,NA,0,3,-1088091,0,8,1755,1040,false,false,none,false,true,true,true,true
1283,h2000_e10000_s5000_k40_y0,2000,10000,5000,40,0,15,2506,3391,1093,0,2506,1093,0,0,0,40,0,true,NA,0,3,-1088091,0,8,1755,1040,false,false,none,false,true,true,true,true
1284,h2000_e10000_s5000_k5_y0,2000,10000,5000,5,0,15,2506,3391,1093,0,2506,1093,0,0,0,40,0,true,NA,0,3,-1088091,0,8,1755,1040,false,false,none,false,true,true,true,true
1285,h10000_e15000_s2500_k10_y0,10000,15000,2500,10,0,1,9899,NA,1090,0,9899,1090,0,0,0,40,0,true,NA,0,1,-1394671,0,1,8499,1035,false,false,none,false,true,true,true,true
1286,h10000_e15000_s2500_k20_y0,10000,15000,2500,20,0,1,9899,NA,1090,0,9899,1090,0,0,0,40,0,true,NA,0,1,-1394671,0,1,8499,1035,false,false,none,false,true,true,true,true
1287,h10000_e15000_s2500_k40_y0,10000,15000,2500,40,0,1,9899,NA,1090,0,9899,1090,0,0,0,40,0,true,NA,0,1,-1394671,0,1,8499,1035,false,false,none,false,true,true,true,true
1288,h10000_e15000_s2500_k5_y0,10000,15000,2500,5,0,1,9899,NA,1090,0,9899,1090,0,0,0,40,0,true,NA,0,1,-1394671,0,1,8499,1035,false,false,none,false,true,true,true,true
1289,h700_e10000_s20000_k10_y0,700,10000,20000,10,0,22,1664,2021,1089,0,1664,1089,0,0,0,40,0,true,NA,0,1,-537620,0,5,614,1014,false,false,none,false,true,true,true,true
1290,h700_e10000_s20000_k20_y0,700,10000,20000,20,0,22,1664,2021,1089,0,1664,1089,0,0,0,40,0,true,NA,0,1,-537620,0,5,614,1014,false,false,none,false,true,true,true,true
1291,h700_e10000_s20000_k40_y0,700,10000,20000,40,0,22,1664,2021,1089,0,1664,1089,0,0,0,40,0,true,NA,0,1,-537620,0,5,614,1014,false,false,none,false,true,true,true,true
1292,h700_e10000_s20000_k5_y0,700,10000,20000,5,0,22,1664,2021,1089,0,1664,1089,0,0,0,40,0,true,NA,0,1,-537620,0,5,614,1014,false,false,none,false,true,true,true,true
1293,h700_e70000_s20000_k10_y0,700,70000,20000,10,0,0,9900,NA,1089,0,9900,1089,0,0,0,40,0,true,NA,0,0,-3,0,0,334,1000,false,false,none,false,true,true,true,true
1294,h700_e70000_s20000_k20_y0,700,70000,20000,20,0,0,9900,NA,1089,0,9900,1089,0,0,0,40,0,true,NA,0,0,-3,0,0,334,1000,false,false,none,false,true,true,true,true
1295,h700_e70000_s20000_k40_y0,700,70000,20000,40,0,0,9900,NA,1089,0,9900,1089,0,0,0,40,0,true,NA,0,0,-3,0,0,334,1000,false,false,none,false,true,true,true,true
1296,h700_e70000_s20000_k5_y0,700,70000,20000,5,0,0,9900,NA,1089,0,9900,1089,0,0,0,40,0,true,NA,0,0,-3,0,0,334,1000,false,false,none,false,true,true,true,true
1297,h100_e10000_s160000_k10_y0,100,10000,160000,10,0,29,1287,1494,1088,0,1287,1088,0,0,0,40,0,true,NA,0,1,-282769,0,1,87,1002,false,false,none,false,true,true,true,true
1298,h100_e10000_s160000_k20_y0,100,10000,160000,20,0,29,1287,1494,1088,0,1287,1088,0,0,0,40,0,true,NA,0,1,-282769,0,1,87,1002,false,false,none,false,true,true,true,true
1299,h100_e10000_s160000_k40_y0,100,10000,160000,40,0,29,1287,1494,1088,0,1287,1088,0,0,0,40,0,true,NA,0,1,-282769,0,1,87,1002,false,false,none,false,true,true,true,true
1300,h100_e10000_s160000_k5_y0,100,10000,160000,5,0,29,1287,1494,1088,0,1287,1088,0,0,0,40,0,true,NA,0,1,-282769,0,1,87,1002,false,false,none,false,true,true,true,true
1301,h1000_e15000_s20000_k10_y0,1000,15000,20000,10,0,2,3903,6505,1087,0,3903,1087,0,0,0,40,0,true,NA,0,1,-269788,0,1,849,1003,false,false,none,false,true,true,true,true
1302,h1000_e15000_s20000_k20_y0,1000,15000,20000,20,0,2,3903,6505,1087,0,3903,1087,0,0,0,40,0,true,NA,0,1,-269788,0,1,849,1003,false,false,none,false,true,true,true,true
1303,h1000_e15000_s20000_k40_y0,1000,15000,20000,40,0,2,3903,6505,1087,0,3903,1087,0,0,0,40,0,true,NA,0,1,-269788,0,1,849,1003,false,false,none,false,true,true,true,true
1304,h1000_e15000_s20000_k5_y0,1000,15000,20000,5,0,2,3903,6505,1087,0,3903,1087,0,0,0,40,0,true,NA,0,1,-269788,0,1,849,1003,false,false,none,false,true,true,true,true
1305,h5000_e15000_s5000_k10_y0,5000,15000,5000,10,0,1,7361,28912,1083,0,7361,1083,0,0,0,40,0,true,NA,0,1,-795009,0,1,4249,1017,false,false,none,false,true,true,true,true
1306,h5000_e15000_s5000_k20_y0,5000,15000,5000,20,0,1,7361,28912,1083,0,7361,1083,0,0,0,40,0,true,NA,0,1,-795009,0,1,4249,1017,false,false,none,false,true,true,true,true
1307,h5000_e15000_s5000_k40_y0,5000,15000,5000,40,0,1,7361,28912,1083,0,7361,1083,0,0,0,40,0,true,NA,0,1,-795009,0,1,4249,1017,false,false,none,false,true,true,true,true
1308,h5000_e15000_s5000_k5_y0,5000,15000,5000,5,0,1,7361,28912,1083,0,7361,1083,0,0,0,40,0,true,NA,0,1,-795009,0,1,4249,1017,false,false,none,false,true,true,true,true
1309,h1000_e50000_s20000_k10_y0,1000,50000,20000,10,0,0,9908,NA,1082,0,9908,1082,0,0,0,40,0,true,NA,0,0,-185,0,1,590,1000,false,false,none,false,true,true,true,true
1310,h1000_e50000_s20000_k20_y0,1000,50000,20000,20,0,0,9908,NA,1082,0,9908,1082,0,0,0,40,0,true,NA,0,0,-185,0,1,590,1000,false,false,none,false,true,true,true,true
1311,h1000_e50000_s20000_k40_y0,1000,50000,20000,40,0,0,9908,NA,1082,0,9908,1082,0,0,0,40,0,true,NA,0,0,-185,0,1,590,1000,false,false,none,false,true,true,true,true
1312,h1000_e50000_s20000_k5_y0,1000,50000,20000,5,0,0,9908,NA,1082,0,9908,1082,0,0,0,40,0,true,NA,0,0,-185,0,1,590,1000,false,false,none,false,true,true,true,true
1313,h300_e20000_s40000_k10_y0,300,20000,40000,10,0,1,5052,10399,1080,0,5052,1080,0,0,0,40,0,true,NA,0,1,-54816,0,1,242,1000,false,false,none,false,true,true,true,true
1314,h300_e20000_s40000_k20_y0,300,20000,40000,20,0,1,5052,10399,1080,0,5052,1080,0,0,0,40,0,true,NA,0,1,-54816,0,1,242,1000,false,false,none,false,true,true,true,true
1315,h300_e20000_s40000_k40_y0,300,20000,40000,40,0,1,5052,10399,1080,0,5052,1080,0,0,0,40,0,true,NA,0,1,-54816,0,1,242,1000,false,false,none,false,true,true,true,true
1316,h300_e20000_s40000_k5_y0,300,20000,40000,5,0,1,5052,10399,1080,0,5052,1080,0,0,0,40,0,true,NA,0,1,-54816,0,1,242,1000,false,false,none,false,true,true,true,true
1317,h1000_e10000_s10000_k10_y0,1000,10000,10000,10,0,18,1627,1962,1074,0,1627,1074,0,0,0,40,0,true,NA,0,2,-621286,0,6,877,1020,false,false,none,false,true,true,true,true
1318,h1000_e10000_s10000_k20_y0,1000,10000,10000,20,0,18,1627,1962,1074,0,1627,1074,0,0,0,40,0,true,NA,0,2,-621286,0,6,877,1020,false,false,none,false,true,true,true,true
1319,h1000_e10000_s10000_k40_y0,1000,10000,10000,40,0,18,1627,1962,1074,0,1627,1074,0,0,0,40,0,true,NA,0,2,-621286,0,6,877,1020,false,false,none,false,true,true,true,true
1320,h1000_e10000_s10000_k5_y0,1000,10000,10000,5,0,18,1627,1962,1074,0,1627,1074,0,0,0,40,0,true,NA,0,2,-621286,0,6,877,1020,false,false,none,false,true,true,true,true
1321,h1000_e20000_s20000_k10_y0,1000,20000,20000,10,0,1,6268,17175,1073,0,6268,1073,0,0,0,40,0,true,NA,0,1,-95357,0,1,809,1000,false,false,none,false,true,true,true,true
1322,h1000_e20000_s20000_k20_y0,1000,20000,20000,20,0,1,6268,17175,1073,0,6268,1073,0,0,0,40,0,true,NA,0,1,-95357,0,1,809,1000,false,false,none,false,true,true,true,true
1323,h1000_e20000_s20000_k40_y0,1000,20000,20000,40,0,1,6268,17175,1073,0,6268,1073,0,0,0,40,0,true,NA,0,1,-95357,0,1,809,1000,false,false,none,false,true,true,true,true
1324,h1000_e20000_s20000_k5_y0,1000,20000,20000,5,0,1,6268,17175,1073,0,6268,1073,0,0,0,40,0,true,NA,0,1,-95357,0,1,809,1000,false,false,none,false,true,true,true,true
1325,h2000_e15000_s10000_k10_y0,2000,15000,10000,10,0,1,4391,7944,1072,0,4391,1072,0,0,0,40,0,true,NA,0,1,-390972,0,1,1699,1007,false,false,none,false,true,true,true,true
1326,h2000_e15000_s10000_k20_y0,2000,15000,10000,20,0,1,4391,7944,1072,0,4391,1072,0,0,0,40,0,true,NA,0,1,-390972,0,1,1699,1007,false,false,none,false,true,true,true,true
1327,h2000_e15000_s10000_k40_y0,2000,15000,10000,40,0,1,4391,7944,1072,0,4391,1072,0,0,0,40,0,true,NA,0,1,-390972,0,1,1699,1007,false,false,none,false,true,true,true,true
1328,h2000_e15000_s10000_k5_y0,2000,15000,10000,5,0,1,4391,7944,1072,0,4391,1072,0,0,0,40,0,true,NA,0,1,-390972,0,1,1699,1007,false,false,none,false,true,true,true,true
1329,h10000_e20000_s5000_k10_y0,10000,20000,5000,10,0,1,9918,NA,1072,0,9918,1072,0,0,0,40,0,true,NA,0,1,-466206,0,1,8092,1006,false,false,none,false,true,true,true,true
1330,h10000_e20000_s5000_k20_y0,10000,20000,5000,20,0,1,9918,NA,1072,0,9918,1072,0,0,0,40,0,true,NA,0,1,-466206,0,1,8092,1006,false,false,none,false,true,true,true,true
1331,h10000_e20000_s5000_k40_y0,10000,20000,5000,40,0,1,9918,NA,1072,0,9918,1072,0,0,0,40,0,true,NA,0,1,-466206,0,1,8092,1006,false,false,none,false,true,true,true,true
1332,h10000_e20000_s5000_k5_y0,10000,20000,5000,5,0,1,9918,NA,1072,0,9918,1072,0,0,0,40,0,true,NA,0,1,-466206,0,1,8092,1006,false,false,none,false,true,true,true,true
1333,h1000_e40000_s20000_k10_y0,1000,40000,20000,10,0,1,9919,NA,1072,0,9919,1072,0,0,0,40,0,true,NA,0,0,-1486,0,1,656,1000,false,false,none,false,true,true,true,true
1334,h1000_e40000_s20000_k20_y0,1000,40000,20000,20,0,1,9919,NA,1072,0,9919,1072,0,0,0,40,0,true,NA,0,0,-1486,0,1,656,1000,false,false,none,false,true,true,true,true
1335,h1000_e40000_s20000_k40_y0,1000,40000,20000,40,0,1,9919,NA,1072,0,9919,1072,0,0,0,40,0,true,NA,0,0,-1486,0,1,656,1000,false,false,none,false,true,true,true,true
1336,h1000_e40000_s20000_k5_y0,1000,40000,20000,5,0,1,9919,NA,1072,0,9919,1072,0,0,0,40,0,true,NA,0,0,-1486,0,1,656,1000,false,false,none,false,true,true,true,true
1337,h5000_e25000_s10000_k10_y0,5000,25000,10000,10,0,1,9919,NA,1072,0,9919,1072,0,0,0,40,0,true,NA,0,1,-97729,0,1,3841,1000,false,false,none,false,true,true,true,true
1338,h5000_e25000_s10000_k20_y0,5000,25000,10000,20,0,1,9919,NA,1072,0,9919,1072,0,0,0,40,0,true,NA,0,1,-97729,0,1,3841,1000,false,false,none,false,true,true,true,true
1339,h5000_e25000_s10000_k40_y0,5000,25000,10000,40,0,1,9919,NA,1072,0,9919,1072,0,0,0,40,0,true,NA,0,1,-97729,0,1,3841,1000,false,false,none,false,true,true,true,true
1340,h5000_e25000_s10000_k5_y0,5000,25000,10000,5,0,1,9919,NA,1072,0,9919,1072,0,0,0,40,0,true,NA,0,1,-97729,0,1,3841,1000,false,false,none,false,true,true,true,true
1341,h300_e10000_s40000_k10_y0,300,10000,40000,10,0,26,1162,1327,1071,0,1162,1071,0,0,0,40,0,true,NA,0,1,-319454,0,3,263,1006,false,false,none,false,true,true,true,true
1342,h300_e10000_s40000_k20_y0,300,10000,40000,20,0,26,1162,1327,1071,0,1162,1071,0,0,0,40,0,true,NA,0,1,-319454,0,3,263,1006,false,false,none,false,true,true,true,true
1343,h300_e10000_s40000_k40_y0,300,10000,40000,40,0,26,1162,1327,1071,0,1162,1071,0,0,0,40,0,true,NA,0,1,-319454,0,3,263,1006,false,false,none,false,true,true,true,true
1344,h300_e10000_s40000_k5_y0,300,10000,40000,5,0,26,1162,1327,1071,0,1162,1071,0,0,0,40,0,true,NA,0,1,-319454,0,3,263,1006,false,false,none,false,true,true,true,true
1345,h1500_e10000_s5000_k10_y0,1500,10000,5000,10,0,15,1878,2335,1070,0,1878,1070,0,0,0,40,0,true,NA,0,2,-819982,0,7,1316,1030,false,false,none,false,true,true,true,true
1346,h1500_e10000_s5000_k20_y0,1500,10000,5000,20,0,15,1878,2335,1070,0,1878,1070,0,0,0,40,0,true,NA,0,2,-819982,0,7,1316,1030,false,false,none,false,true,true,true,true
1347,h1500_e10000_s5000_k40_y0,1500,10000,5000,40,0,15,1878,2335,1070,0,1878,1070,0,0,0,40,0,true,NA,0,2,-819982,0,7,1316,1030,false,false,none,false,true,true,true,true
1348,h1500_e10000_s5000_k5_y0,1500,10000,5000,5,0,15,1878,2335,1070,0,1878,1070,0,0,0,40,0,true,NA,0,2,-819982,0,7,1316,1030,false,false,none,false,true,true,true,true
1349,h300_e15000_s40000_k10_y0,300,15000,40000,10,0,3,2449,3277,1069,0,2449,1069,0,0,0,40,0,true,NA,0,1,-132269,0,1,254,1001,false,false,none,false,true,true,true,true
1350,h300_e15000_s40000_k20_y0,300,15000,40000,20,0,3,2449,3277,1069,0,2449,1069,0,0,0,40,0,true,NA,0,1,-132269,0,1,254,1001,false,false,none,false,true,true,true,true
1351,h300_e15000_s40000_k40_y0,300,15000,40000,40,0,3,2449,3277,1069,0,2449,1069,0,0,0,40,0,true,NA,0,1,-132269,0,1,254,1001,false,false,none,false,true,true,true,true
1352,h300_e15000_s40000_k5_y0,300,15000,40000,5,0,3,2449,3277,1069,0,2449,1069,0,0,0,40,0,true,NA,0,1,-132269,0,1,254,1001,false,false,none,false,true,true,true,true
1353,h500_e70000_s20000_k10_y0,500,70000,20000,10,0,0,9922,NA,1069,0,9922,1069,0,0,0,40,0,true,NA,0,0,-2,0,0,239,1000,false,false,none,false,true,true,true,true
1354,h500_e70000_s20000_k20_y0,500,70000,20000,20,0,0,9922,NA,1069,0,9922,1069,0,0,0,40,0,true,NA,0,0,-2,0,0,239,1000,false,false,none,false,true,true,true,true
1355,h500_e70000_s20000_k40_y0,500,70000,20000,40,0,0,9922,NA,1069,0,9922,1069,0,0,0,40,0,true,NA,0,0,-2,0,0,239,1000,false,false,none,false,true,true,true,true
1356,h500_e70000_s20000_k5_y0,500,70000,20000,5,0,0,9922,NA,1069,0,9922,1069,0,0,0,40,0,true,NA,0,0,-2,0,0,239,1000,false,false,none,false,true,true,true,true
1357,h1000_e25000_s20000_k10_y0,1000,25000,20000,10,0,1,9923,NA,1068,0,9923,1068,0,0,0,40,0,true,NA,0,1,-33706,0,1,768,1000,false,false,none,false,true,true,true,true
1358,h1000_e25000_s20000_k20_y0,1000,25000,20000,20,0,1,9923,NA,1068,0,9923,1068,0,0,0,40,0,true,NA,0,1,-33706,0,1,768,1000,false,false,none,false,true,true,true,true
1359,h1000_e25000_s20000_k40_y0,1000,25000,20000,40,0,1,9923,NA,1068,0,9923,1068,0,0,0,40,0,true,NA,0,1,-33706,0,1,768,1000,false,false,none,false,true,true,true,true
1360,h1000_e25000_s20000_k5_y0,1000,25000,20000,5,0,1,9923,NA,1068,0,9923,1068,0,0,0,40,0,true,NA,0,1,-33706,0,1,768,1000,false,false,none,false,true,true,true,true
1361,h2000_e10000_s2500_k10_y0,2000,10000,2500,10,0,12,2130,2732,1067,0,2130,1067,0,0,0,40,0,true,NA,0,3,-1017597,0,8,1755,1040,false,false,none,false,true,true,true,true
1362,h2000_e10000_s2500_k20_y0,2000,10000,2500,20,0,12,2130,2732,1067,0,2130,1067,0,0,0,40,0,true,NA,0,3,-1017597,0,8,1755,1040,false,false,none,false,true,true,true,true
1363,h2000_e10000_s2500_k40_y0,2000,10000,2500,40,0,12,2130,2732,1067,0,2130,1067,0,0,0,40,0,true,NA,0,3,-1017597,0,8,1755,1040,false,false,none,false,true,true,true,true
1364,h2000_e10000_s2500_k5_y0,2000,10000,2500,5,0,12,2130,2732,1067,0,2130,1067,0,0,0,40,0,true,NA,0,3,-1017597,0,8,1755,1040,false,false,none,false,true,true,true,true
1365,h1000_e30000_s20000_k10_y0,1000,30000,20000,10,0,1,9924,NA,1067,0,9924,1067,0,0,0,40,0,true,NA,0,1,-11910,0,1,728,1000,false,false,none,false,true,true,true,true
1366,h1000_e30000_s20000_k20_y0,1000,30000,20000,20,0,1,9924,NA,1067,0,9924,1067,0,0,0,40,0,true,NA,0,1,-11910,0,1,728,1000,false,false,none,false,true,true,true,true
1367,h1000_e30000_s20000_k40_y0,1000,30000,20000,40,0,1,9924,NA,1067,0,9924,1067,0,0,0,40,0,true,NA,0,1,-11910,0,1,728,1000,false,false,none,false,true,true,true,true
1368,h1000_e30000_s20000_k5_y0,1000,30000,20000,5,0,1,9924,NA,1067,0,9924,1067,0,0,0,40,0,true,NA,0,1,-11910,0,1,728,1000,false,false,none,false,true,true,true,true
1369,h3000_e20000_s10000_k10_y0,3000,20000,10000,10,0,1,8699,70858,1065,0,8699,1065,0,0,0,40,0,true,NA,0,1,-185556,0,1,2427,1002,false,false,none,false,true,true,true,true
1370,h3000_e20000_s10000_k20_y0,3000,20000,10000,20,0,1,8699,70858,1065,0,8699,1065,0,0,0,40,0,true,NA,0,1,-185556,0,1,2427,1002,false,false,none,false,true,true,true,true
1371,h3000_e20000_s10000_k40_y0,3000,20000,10000,40,0,1,8699,70858,1065,0,8699,1065,0,0,0,40,0,true,NA,0,1,-185556,0,1,2427,1002,false,false,none,false,true,true,true,true
1372,h3000_e20000_s10000_k5_y0,3000,20000,10000,5,0,1,8699,70858,1065,0,8699,1065,0,0,0,40,0,true,NA,0,1,-185556,0,1,2427,1002,false,false,none,false,true,true,true,true
1373,h500_e10000_s20000_k10_y0,500,10000,20000,10,0,23,1187,1359,1064,0,1187,1064,0,0,0,40,0,true,NA,0,1,-385230,0,4,438,1010,false,false,none,false,true,true,true,true
1374,h500_e10000_s20000_k20_y0,500,10000,20000,20,0,23,1187,1359,1064,0,1187,1064,0,0,0,40,0,true,NA,0,1,-385230,0,4,438,1010,false,false,none,false,true,true,true,true
1375,h500_e10000_s20000_k40_y0,500,10000,20000,40,0,23,1187,1359,1064,0,1187,1064,0,0,0,40,0,true,NA,0,1,-385230,0,4,438,1010,false,false,none,false,true,true,true,true
1376,h500_e10000_s20000_k5_y0,500,10000,20000,5,0,23,1187,1359,1064,0,1187,1064,0,0,0,40,0,true,NA,0,1,-385230,0,4,438,1010,false,false,none,false,true,true,true,true
1377,h100_e15000_s80000_k10_y0,100,15000,80000,10,0,3,1934,2419,1063,0,1934,1063,0,0,0,40,0,true,NA,0,1,-85436,0,1,84,1000,false,false,none,false,true,true,true,true
1378,h100_e15000_s80000_k20_y0,100,15000,80000,20,0,3,1934,2419,1063,0,1934,1063,0,0,0,40,0,true,NA,0,1,-85436,0,1,84,1000,false,false,none,false,true,true,true,true
1379,h100_e15000_s80000_k40_y0,100,15000,80000,40,0,3,1934,2419,1063,0,1934,1063,0,0,0,40,0,true,NA,0,1,-85436,0,1,84,1000,false,false,none,false,true,true,true,true
1380,h100_e15000_s80000_k5_y0,100,15000,80000,5,0,3,1934,2419,1063,0,1934,1063,0,0,0,40,0,true,NA,0,1,-85436,0,1,84,1000,false,false,none,false,true,true,true,true
1381,h700_e15000_s20000_k10_y0,700,15000,20000,10,0,2,2730,3792,1062,0,2730,1062,0,0,0,40,0,true,NA,0,1,-189679,0,1,594,1002,false,false,none,false,true,true,true,true
1382,h700_e15000_s20000_k20_y0,700,15000,20000,20,0,2,2730,3792,1062,0,2730,1062,0,0,0,40,0,true,NA,0,1,-189679,0,1,594,1002,false,false,none,false,true,true,true,true
1383,h700_e15000_s20000_k40_y0,700,15000,20000,40,0,2,2730,3792,1062,0,2730,1062,0,0,0,40,0,true,NA,0,1,-189679,0,1,594,1002,false,false,none,false,true,true,true,true
1384,h700_e15000_s20000_k5_y0,700,15000,20000,5,0,2,2730,3792,1062,0,2730,1062,0,0,0,40,0,true,NA,0,1,-189679,0,1,594,1002,false,false,none,false,true,true,true,true
1385,h700_e50000_s20000_k10_y0,700,50000,20000,10,0,0,9931,NA,1061,0,9931,1061,0,0,0,40,0,true,NA,0,0,-130,0,1,413,1000,false,false,none,false,true,true,true,true
1386,h700_e50000_s20000_k20_y0,700,50000,20000,20,0,0,9931,NA,1061,0,9931,1061,0,0,0,40,0,true,NA,0,0,-130,0,1,413,1000,false,false,none,false,true,true,true,true
1387,h700_e50000_s20000_k40_y0,700,50000,20000,40,0,0,9931,NA,1061,0,9931,1061,0,0,0,40,0,true,NA,0,0,-130,0,1,413,1000,false,false,none,false,true,true,true,true
1388,h700_e50000_s20000_k5_y0,700,50000,20000,5,0,0,9931,NA,1061,0,9931,1061,0,0,0,40,0,true,NA,0,0,-130,0,1,413,1000,false,false,none,false,true,true,true,true
1389,h10000_e40000_s10000_k10_y0,10000,40000,10000,10,0,1,9933,NA,1060,0,9933,1060,0,0,0,40,0,true,NA,0,1,-6306,0,1,6560,1000,false,false,none,false,true,true,true,true
1390,h10000_e40000_s10000_k20_y0,10000,40000,10000,20,0,1,9933,NA,1060,0,9933,1060,0,0,0,40,0,true,NA,0,1,-6306,0,1,6560,1000,false,false,none,false,true,true,true,true
1391,h10000_e40000_s10000_k40_y0,10000,40000,10000,40,0,1,9933,NA,1060,0,9933,1060,0,0,0,40,0,true,NA,0,1,-6306,0,1,6560,1000,false,false,none,false,true,true,true,true
1392,h10000_e40000_s10000_k5_y0,10000,40000,10000,5,0,1,9933,NA,1060,0,9933,1060,0,0,0,40,0,true,NA,0,1,-6306,0,1,6560,1000,false,false,none,false,true,true,true,true
1393,h1500_e15000_s10000_k10_y0,1500,15000,10000,10,0,2,3292,4954,1055,0,3292,1055,0,0,0,40,0,true,NA,0,1,-294674,0,1,1274,1005,false,false,none,false,true,true,true,true
1394,h1500_e15000_s10000_k20_y0,1500,15000,10000,20,0,2,3292,4954,1055,0,3292,1055,0,0,0,40,0,true,NA,0,1,-294674,0,1,1274,1005,false,false,none,false,true,true,true,true
1395,h1500_e15000_s10000_k40_y0,1500,15000,10000,40,0,2,3292,4954,1055,0,3292,1055,0,0,0,40,0,true,NA,0,1,-294674,0,1,1274,1005,false,false,none,false,true,true,true,true
1396,h1500_e15000_s10000_k5_y0,1500,15000,10000,5,0,2,3292,4954,1055,0,3292,1055,0,0,0,40,0,true,NA,0,1,-294674,0,1,1274,1005,false,false,none,false,true,true,true,true
1397,h700_e20000_s20000_k10_y0,700,20000,20000,10,0,1,4386,7896,1053,0,4386,1053,0,0,0,40,0,true,NA,0,1,-66989,0,1,566,1000,false,false,none,false,true,true,true,true
1398,h700_e20000_s20000_k20_y0,700,20000,20000,20,0,1,4386,7896,1053,0,4386,1053,0,0,0,40,0,true,NA,0,1,-66989,0,1,566,1000,false,false,none,false,true,true,true,true
1399,h700_e20000_s20000_k40_y0,700,20000,20000,40,0,1,4386,7896,1053,0,4386,1053,0,0,0,40,0,true,NA,0,1,-66989,0,1,566,1000,false,false,none,false,true,true,true,true
1400,h700_e20000_s20000_k5_y0,700,20000,20000,5,0,1,4386,7896,1053,0,4386,1053,0,0,0,40,0,true,NA,0,1,-66989,0,1,566,1000,false,false,none,false,true,true,true,true
1401,h5000_e30000_s10000_k10_y0,5000,30000,10000,10,0,1,9940,NA,1053,0,9940,1053,0,0,0,40,0,true,NA,0,1,-31257,0,1,3644,1000,false,false,none,false,true,true,true,true
1402,h5000_e30000_s10000_k20_y0,5000,30000,10000,20,0,1,9940,NA,1053,0,9940,1053,0,0,0,40,0,true,NA,0,1,-31257,0,1,3644,1000,false,false,none,false,true,true,true,true
1403,h5000_e30000_s10000_k40_y0,5000,30000,10000,40,0,1,9940,NA,1053,0,9940,1053,0,0,0,40,0,true,NA,0,1,-31257,0,1,3644,1000,false,false,none,false,true,true,true,true
1404,h5000_e30000_s10000_k5_y0,5000,30000,10000,5,0,1,9940,NA,1053,0,9940,1053,0,0,0,40,0,true,NA,0,1,-31257,0,1,3644,1000,false,false,none,false,true,true,true,true
1405,h700_e40000_s20000_k10_y0,700,40000,20000,10,0,1,9940,NA,1053,0,9940,1053,0,0,0,40,0,true,NA,0,0,-1041,0,1,459,1000,false,false,none,false,true,true,true,true
1406,h700_e40000_s20000_k20_y0,700,40000,20000,20,0,1,9940,NA,1053,0,9940,1053,0,0,0,40,0,true,NA,0,0,-1041,0,1,459,1000,false,false,none,false,true,true,true,true
1407,h700_e40000_s20000_k40_y0,700,40000,20000,40,0,1,9940,NA,1053,0,9940,1053,0,0,0,40,0,true,NA,0,0,-1041,0,1,459,1000,false,false,none,false,true,true,true,true
1408,h700_e40000_s20000_k5_y0,700,40000,20000,5,0,1,9940,NA,1053,0,9940,1053,0,0,0,40,0,true,NA,0,0,-1041,0,1,459,1000,false,false,none,false,true,true,true,true
1409,h700_e10000_s10000_k10_y0,700,10000,10000,10,0,18,1138,1293,1052,0,1138,1052,0,0,0,40,0,true,NA,0,1,-436447,0,5,614,1014,false,false,none,false,true,true,true,true
1410,h700_e10000_s10000_k20_y0,700,10000,10000,20,0,18,1138,1293,1052,0,1138,1052,0,0,0,40,0,true,NA,0,1,-436447,0,5,614,1014,false,false,none,false,true,true,true,true
1411,h700_e10000_s10000_k40_y0,700,10000,10000,40,0,18,1138,1293,1052,0,1138,1052,0,0,0,40,0,true,NA,0,1,-436447,0,5,614,1014,false,false,none,false,true,true,true,true
1412,h700_e10000_s10000_k5_y0,700,10000,10000,5,0,18,1138,1293,1052,0,1138,1052,0,0,0,40,0,true,NA,0,1,-436447,0,5,614,1014,false,false,none,false,true,true,true,true
1413,h3000_e15000_s5000_k10_y0,3000,15000,5000,10,0,1,4415,7987,1051,0,4415,1051,0,0,0,40,0,true,NA,0,1,-484382,0,1,2549,1010,false,false,none,false,true,true,true,true
1414,h3000_e15000_s5000_k20_y0,3000,15000,5000,20,0,1,4415,7987,1051,0,4415,1051,0,0,0,40,0,true,NA,0,1,-484382,0,1,2549,1010,false,false,none,false,true,true,true,true
1415,h3000_e15000_s5000_k40_y0,3000,15000,5000,40,0,1,4415,7987,1051,0,4415,1051,0,0,0,40,0,true,NA,0,1,-484382,0,1,2549,1010,false,false,none,false,true,true,true,true
1416,h3000_e15000_s5000_k5_y0,3000,15000,5000,5,0,1,4415,7987,1051,0,4415,1051,0,0,0,40,0,true,NA,0,1,-484382,0,1,2549,1010,false,false,none,false,true,true,true,true
1417,h1500_e10000_s2500_k10_y0,1500,10000,2500,10,0,12,1597,1913,1050,0,1597,1050,0,0,0,40,0,true,NA,0,2,-766493,0,7,1316,1030,false,false,none,false,true,true,true,true
1418,h1500_e10000_s2500_k20_y0,1500,10000,2500,20,0,12,1597,1913,1050,0,1597,1050,0,0,0,40,0,true,NA,0,2,-766493,0,7,1316,1030,false,false,none,false,true,true,true,true
1419,h1500_e10000_s2500_k40_y0,1500,10000,2500,40,0,12,1597,1913,1050,0,1597,1050,0,0,0,40,0,true,NA,0,2,-766493,0,7,1316,1030,false,false,none,false,true,true,true,true
1420,h1500_e10000_s2500_k5_y0,1500,10000,2500,5,0,12,1597,1913,1050,0,1597,1050,0,0,0,40,0,true,NA,0,2,-766493,0,7,1316,1030,false,false,none,false,true,true,true,true
1421,h100_e30000_s40000_k10_y0,100,30000,40000,10,0,1,7039,24239,1050,0,7039,1050,0,0,0,40,0,true,NA,0,1,-3152,0,1,72,1000,false,false,none,false,true,true,true,true
1422,h100_e30000_s40000_k20_y0,100,30000,40000,20,0,1,7039,24239,1050,0,7039,1050,0,0,0,40,0,true,NA,0,1,-3152,0,1,72,1000,false,false,none,false,true,true,true,true
1423,h100_e30000_s40000_k40_y0,100,30000,40000,40,0,1,7039,24239,1050,0,7039,1050,0,0,0,40,0,true,NA,0,1,-3152,0,1,72,1000,false,false,none,false,true,true,true,true
1424,h100_e30000_s40000_k5_y0,100,30000,40000,5,0,1,7039,24239,1050,0,7039,1050,0,0,0,40,0,true,NA,0,1,-3152,0,1,72,1000,false,false,none,false,true,true,true,true
1425,h700_e25000_s20000_k10_y0,700,25000,20000,10,0,1,7001,23787,1049,0,7001,1049,0,0,0,40,0,true,NA,0,1,-23660,0,1,537,1000,false,false,none,false,true,true,true,true
1426,h700_e25000_s20000_k20_y0,700,25000,20000,20,0,1,7001,23787,1049,0,7001,1049,0,0,0,40,0,true,NA,0,1,-23660,0,1,537,1000,false,false,none,false,true,true,true,true
1427,h700_e25000_s20000_k40_y0,700,25000,20000,40,0,1,7001,23787,1049,0,7001,1049,0,0,0,40,0,true,NA,0,1,-23660,0,1,537,1000,false,false,none,false,true,true,true,true
1428,h700_e25000_s20000_k5_y0,700,25000,20000,5,0,1,7001,23787,1049,0,7001,1049,0,0,0,40,0,true,NA,0,1,-23660,0,1,537,1000,false,false,none,false,true,true,true,true
1429,h700_e30000_s20000_k10_y0,700,30000,20000,10,0,1,9945,NA,1049,0,9945,1049,0,0,0,40,0,true,NA,0,1,-8354,0,1,510,1000,false,false,none,false,true,true,true,true
1430,h700_e30000_s20000_k20_y0,700,30000,20000,20,0,1,9945,NA,1049,0,9945,1049,0,0,0,40,0,true,NA,0,1,-8354,0,1,510,1000,false,false,none,false,true,true,true,true
1431,h700_e30000_s20000_k40_y0,700,30000,20000,40,0,1,9945,NA,1049,0,9945,1049,0,0,0,40,0,true,NA,0,1,-8354,0,1,510,1000,false,false,none,false,true,true,true,true
1432,h700_e30000_s20000_k5_y0,700,30000,20000,5,0,1,9945,NA,1049,0,9945,1049,0,0,0,40,0,true,NA,0,1,-8354,0,1,510,1000,false,false,none,false,true,true,true,true
1433,h1000_e10000_s5000_k10_y0,1000,10000,5000,10,0,15,1251,1439,1047,0,1251,1047,0,0,0,40,0,true,NA,0,2,-549333,0,6,877,1020,false,false,none,false,true,true,true,true
1434,h1000_e10000_s5000_k20_y0,1000,10000,5000,20,0,15,1251,1439,1047,0,1251,1047,0,0,0,40,0,true,NA,0,2,-549333,0,6,877,1020,false,false,none,false,true,true,true,true
1435,h1000_e10000_s5000_k40_y0,1000,10000,5000,40,0,15,1251,1439,1047,0,1251,1047,0,0,0,40,0,true,NA,0,2,-549333,0,6,877,1020,false,false,none,false,true,true,true,true
1436,h1000_e10000_s5000_k5_y0,1000,10000,5000,5,0,15,1251,1439,1047,0,1251,1047,0,0,0,40,0,true,NA,0,2,-549333,0,6,877,1020,false,false,none,false,true,true,true,true
1437,h100_e10000_s80000_k10_y0,100,10000,80000,10,0,27,686,740,1046,0,686,1046,0,0,0,40,0,true,NA,0,1,-165762,0,1,87,1002,false,false,none,false,true,true,true,true
1438,h100_e10000_s80000_k20_y0,100,10000,80000,20,0,27,686,740,1046,0,686,1046,0,0,0,40,0,true,NA,0,1,-165762,0,1,87,1002,false,false,none,false,true,true,true,true
1439,h100_e10000_s80000_k40_y0,100,10000,80000,40,0,27,686,740,1046,0,686,1046,0,0,0,40,0,true,NA,0,1,-165762,0,1,87,1002,false,false,none,false,true,true,true,true
1440,h100_e10000_s80000_k5_y0,100,10000,80000,5,0,27,686,740,1046,0,686,1046,0,0,0,40,0,true,NA,0,1,-165762,0,1,87,1002,false,false,none,false,true,true,true,true
1441,h5000_e15000_s2500_k10_y0,5000,15000,2500,10,0,1,5736,13618,1046,0,5736,1046,0,0,0,40,0,true,NA,0,1,-720530,0,1,4249,1017,false,false,none,false,true,true,true,true
1442,h5000_e15000_s2500_k20_y0,5000,15000,2500,20,0,1,5736,13618,1046,0,5736,1046,0,0,0,40,0,true,NA,0,1,-720530,0,1,4249,1017,false,false,none,false,true,true,true,true
1443,h5000_e15000_s2500_k40_y0,5000,15000,2500,40,0,1,5736,13618,1046,0,5736,1046,0,0,0,40,0,true,NA,0,1,-720530,0,1,4249,1017,false,false,none,false,true,true,true,true
1444,h5000_e15000_s2500_k5_y0,5000,15000,2500,5,0,1,5736,13618,1046,0,5736,1046,0,0,0,40,0,true,NA,0,1,-720530,0,1,4249,1017,false,false,none,false,true,true,true,true
1445,h500_e50000_s20000_k10_y0,500,50000,20000,10,0,0,9948,NA,1046,0,9948,1046,0,0,0,40,0,true,NA,0,0,-93,0,1,295,1000,false,false,none,false,true,true,true,true
1446,h500_e50000_s20000_k20_y0,500,50000,20000,20,0,0,9948,NA,1046,0,9948,1046,0,0,0,40,0,true,NA,0,0,-93,0,1,295,1000,false,false,none,false,true,true,true,true
1447,h500_e50000_s20000_k40_y0,500,50000,20000,40,0,0,9948,NA,1046,0,9948,1046,0,0,0,40,0,true,NA,0,0,-93,0,1,295,1000,false,false,none,false,true,true,true,true
1448,h500_e50000_s20000_k5_y0,500,50000,20000,5,0,0,9948,NA,1046,0,9948,1046,0,0,0,40,0,true,NA,0,0,-93,0,1,295,1000,false,false,none,false,true,true,true,true
1449,h500_e15000_s20000_k10_y0,500,15000,20000,10,0,3,1949,2436,1045,0,1949,1045,0,0,0,40,0,true,NA,0,1,-135885,0,1,424,1001,false,false,none,false,true,true,true,true
1450,h500_e15000_s20000_k20_y0,500,15000,20000,20,0,3,1949,2436,1045,0,1949,1045,0,0,0,40,0,true,NA,0,1,-135885,0,1,424,1001,false,false,none,false,true,true,true,true
1451,h500_e15000_s20000_k40_y0,500,15000,20000,40,0,3,1949,2436,1045,0,1949,1045,0,0,0,40,0,true,NA,0,1,-135885,0,1,424,1001,false,false,none,false,true,true,true,true
1452,h500_e15000_s20000_k5_y0,500,15000,20000,5,0,3,1949,2436,1045,0,1949,1045,0,0,0,40,0,true,NA,0,1,-135885,0,1,424,1001,false,false,none,false,true,true,true,true
1453,h2000_e20000_s10000_k10_y0,2000,20000,10000,10,0,1,5798,13965,1045,0,5798,1045,0,0,0,40,0,true,NA,0,1,-124616,0,1,1618,1001,false,false,none,false,true,true,true,true
1454,h2000_e20000_s10000_k20_y0,2000,20000,10000,20,0,1,5798,13965,1045,0,5798,1045,0,0,0,40,0,true,NA,0,1,-124616,0,1,1618,1001,false,false,none,false,true,true,true,true
1455,h2000_e20000_s10000_k40_y0,2000,20000,10000,40,0,1,5798,13965,1045,0,5798,1045,0,0,0,40,0,true,NA,0,1,-124616,0,1,1618,1001,false,false,none,false,true,true,true,true
1456,h2000_e20000_s10000_k5_y0,2000,20000,10000,5,0,1,5798,13965,1045,0,5798,1045,0,0,0,40,0,true,NA,0,1,-124616,0,1,1618,1001,false,false,none,false,true,true,true,true
1457,h300_e70000_s20000_k10_y0,300,70000,20000,10,0,0,9949,NA,1045,0,9949,1045,0,0,0,40,0,true,NA,0,0,-1,0,0,143,1000,false,false,none,false,true,true,true,true
1458,h300_e70000_s20000_k20_y0,300,70000,20000,20,0,0,9949,NA,1045,0,9949,1045,0,0,0,40,0,true,NA,0,0,-1,0,0,143,1000,false,false,none,false,true,true,true,true
1459,h300_e70000_s20000_k40_y0,300,70000,20000,40,0,0,9949,NA,1045,0,9949,1045,0,0,0,40,0,true,NA,0,0,-1,0,0,143,1000,false,false,none,false,true,true,true,true
1460,h300_e70000_s20000_k5_y0,300,70000,20000,5,0,0,9949,NA,1045,0,9949,1045,0,0,0,40,0,true,NA,0,0,-1,0,0,143,1000,false,false,none,false,true,true,true,true
1461,h3000_e25000_s10000_k10_y0,3000,25000,10000,10,0,1,9949,NA,1045,0,9949,1045,0,0,0,40,0,true,NA,0,1,-59242,0,1,2304,1000,false,false,none,false,true,true,true,true
1462,h3000_e25000_s10000_k20_y0,3000,25000,10000,20,0,1,9949,NA,1045,0,9949,1045,0,0,0,40,0,true,NA,0,1,-59242,0,1,2304,1000,false,false,none,false,true,true,true,true
1463,h3000_e25000_s10000_k40_y0,3000,25000,10000,40,0,1,9949,NA,1045,0,9949,1045,0,0,0,40,0,true,NA,0,1,-59242,0,1,2304,1000,false,false,none,false,true,true,true,true
1464,h3000_e25000_s10000_k5_y0,3000,25000,10000,5,0,1,9949,NA,1045,0,9949,1045,0,0,0,40,0,true,NA,0,1,-59242,0,1,2304,1000,false,false,none,false,true,true,true,true
1465,h10000_e50000_s10000_k10_y0,10000,50000,10000,10,0,0,9955,NA,1040,0,9955,1040,0,0,0,40,0,true,NA,0,0,-641,0,0,5904,1000,false,false,none,false,true,true,true,true
1466,h10000_e50000_s10000_k20_y0,10000,50000,10000,20,0,0,9955,NA,1040,0,9955,1040,0,0,0,40,0,true,NA,0,0,-641,0,0,5904,1000,false,false,none,false,true,true,true,true
1467,h10000_e50000_s10000_k40_y0,10000,50000,10000,40,0,0,9955,NA,1040,0,9955,1040,0,0,0,40,0,true,NA,0,0,-641,0,0,5904,1000,false,false,none,false,true,true,true,true
1468,h10000_e50000_s10000_k5_y0,10000,50000,10000,5,0,0,9955,NA,1040,0,9955,1040,0,0,0,40,0,true,NA,0,0,-641,0,0,5904,1000,false,false,none,false,true,true,true,true
1469,h300_e10000_s20000_k10_y0,300,10000,20000,10,0,21,712,770,1039,0,712,1039,0,0,0,40,0,true,NA,0,1,-231871,0,3,263,1006,false,false,none,false,true,true,true,true
1470,h300_e10000_s20000_k20_y0,300,10000,20000,20,0,21,712,770,1039,0,712,1039,0,0,0,40,0,true,NA,0,1,-231871,0,3,263,1006,false,false,none,false,true,true,true,true
1471,h300_e10000_s20000_k40_y0,300,10000,20000,40,0,21,712,770,1039,0,712,1039,0,0,0,40,0,true,NA,0,1,-231871,0,3,263,1006,false,false,none,false,true,true,true,true
1472,h300_e10000_s20000_k5_y0,300,10000,20000,5,0,21,712,770,1039,0,712,1039,0,0,0,40,0,true,NA,0,1,-231871,0,3,263,1006,false,false,none,false,true,true,true,true
1473,h100_e100000_s20000_k10_y0,100,100000,20000,10,0,0,9955,NA,1039,0,9955,1039,0,0,0,40,0,true,NA,0,0,-1,0,0,34,1000,false,false,none,false,true,true,true,true
1474,h100_e100000_s20000_k20_y0,100,100000,20000,20,0,0,9955,NA,1039,0,9955,1039,0,0,0,40,0,true,NA,0,0,-1,0,0,34,1000,false,false,none,false,true,true,true,true
1475,h100_e100000_s20000_k40_y0,100,100000,20000,40,0,0,9955,NA,1039,0,9955,1039,0,0,0,40,0,true,NA,0,0,-1,0,0,34,1000,false,false,none,false,true,true,true,true
1476,h100_e100000_s20000_k5_y0,100,100000,20000,5,0,0,9955,NA,1039,0,9955,1039,0,0,0,40,0,true,NA,0,0,-1,0,0,34,1000,false,false,none,false,true,true,true,true
1477,h500_e40000_s20000_k10_y0,500,40000,20000,10,0,1,9956,NA,1039,0,9956,1039,0,0,0,40,0,true,NA,0,0,-744,0,1,328,1000,false,false,none,false,true,true,true,true
1478,h500_e40000_s20000_k20_y0,500,40000,20000,20,0,1,9956,NA,1039,0,9956,1039,0,0,0,40,0,true,NA,0,0,-744,0,1,328,1000,false,false,none,false,true,true,true,true
1479,h500_e40000_s20000_k40_y0,500,40000,20000,40,0,1,9956,NA,1039,0,9956,1039,0,0,0,40,0,true,NA,0,0,-744,0,1,328,1000,false,false,none,false,true,true,true,true
1480,h500_e40000_s20000_k5_y0,500,40000,20000,5,0,1,9956,NA,1039,0,9956,1039,0,0,0,40,0,true,NA,0,0,-744,0,1,328,1000,false,false,none,false,true,true,true,true
1481,h500_e10000_s10000_k10_y0,500,10000,10000,10,0,18,812,888,1038,0,812,1038,0,0,0,40,0,true,NA,0,1,-312489,0,4,438,1010,false,false,none,false,true,true,true,true
1482,h500_e10000_s10000_k20_y0,500,10000,10000,20,0,18,812,888,1038,0,812,1038,0,0,0,40,0,true,NA,0,1,-312489,0,4,438,1010,false,false,none,false,true,true,true,true
1483,h500_e10000_s10000_k40_y0,500,10000,10000,40,0,18,812,888,1038,0,812,1038,0,0,0,40,0,true,NA,0,1,-312489,0,4,438,1010,false,false,none,false,true,true,true,true
1484,h500_e10000_s10000_k5_y0,500,10000,10000,5,0,18,812,888,1038,0,812,1038,0,0,0,40,0,true,NA,0,1,-312489,0,4,438,1010,false,false,none,false,true,true,true,true
1485,h500_e20000_s20000_k10_y0,500,20000,20000,10,0,1,3132,4589,1038,0,3132,1038,0,0,0,40,0,true,NA,0,1,-47962,0,1,404,1000,false,false,none,false,true,true,true,true
1486,h500_e20000_s20000_k20_y0,500,20000,20000,20,0,1,3132,4589,1038,0,3132,1038,0,0,0,40,0,true,NA,0,1,-47962,0,1,404,1000,false,false,none,false,true,true,true,true
1487,h500_e20000_s20000_k40_y0,500,20000,20000,40,0,1,3132,4589,1038,0,3132,1038,0,0,0,40,0,true,NA,0,1,-47962,0,1,404,1000,false,false,none,false,true,true,true,true
1488,h500_e20000_s20000_k5_y0,500,20000,20000,5,0,1,3132,4589,1038,0,3132,1038,0,0,0,40,0,true,NA,0,1,-47962,0,1,404,1000,false,false,none,false,true,true,true,true
1489,h5000_e20000_s5000_k10_y0,5000,20000,5000,10,0,1,8472,57060,1038,0,8472,1038,0,0,0,40,0,true,NA,0,1,-239490,0,1,4046,1003,false,false,none,false,true,true,true,true
1490,h5000_e20000_s5000_k20_y0,5000,20000,5000,20,0,1,8472,57060,1038,0,8472,1038,0,0,0,40,0,true,NA,0,1,-239490,0,1,4046,1003,false,false,none,false,true,true,true,true
1491,h5000_e20000_s5000_k40_y0,5000,20000,5000,40,0,1,8472,57060,1038,0,8472,1038,0,0,0,40,0,true,NA,0,1,-239490,0,1,4046,1003,false,false,none,false,true,true,true,true
1492,h5000_e20000_s5000_k5_y0,5000,20000,5000,5,0,1,8472,57060,1038,0,8472,1038,0,0,0,40,0,true,NA,0,1,-239490,0,1,4046,1003,false,false,none,false,true,true,true,true
1493,h1000_e15000_s10000_k10_y0,1000,15000,10000,10,0,2,2194,2826,1037,0,2194,1037,0,0,0,40,0,true,NA,0,1,-197419,0,1,849,1003,false,false,none,false,true,true,true,true
1494,h1000_e15000_s10000_k20_y0,1000,15000,10000,20,0,2,2194,2826,1037,0,2194,1037,0,0,0,40,0,true,NA,0,1,-197419,0,1,849,1003,false,false,none,false,true,true,true,true
1495,h1000_e15000_s10000_k40_y0,1000,15000,10000,40,0,2,2194,2826,1037,0,2194,1037,0,0,0,40,0,true,NA,0,1,-197419,0,1,849,1003,false,false,none,false,true,true,true,true
1496,h1000_e15000_s10000_k5_y0,1000,15000,10000,5,0,2,2194,2826,1037,0,2194,1037,0,0,0,40,0,true,NA,0,1,-197419,0,1,849,1003,false,false,none,false,true,true,true,true
1497,h100_e25000_s40000_k10_y0,100,25000,40000,10,0,1,3445,5291,1037,0,3445,1037,0,0,0,40,0,true,NA,0,1,-7608,0,1,76,1000,false,false,none,false,true,true,true,true
1498,h100_e25000_s40000_k20_y0,100,25000,40000,20,0,1,3445,5291,1037,0,3445,1037,0,0,0,40,0,true,NA,0,1,-7608,0,1,76,1000,false,false,none,false,true,true,true,true
1499,h100_e25000_s40000_k40_y0,100,25000,40000,40,0,1,3445,5291,1037,0,3445,1037,0,0,0,40,0,true,NA,0,1,-7608,0,1,76,1000,false,false,none,false,true,true,true,true
1500,h100_e25000_s40000_k5_y0,100,25000,40000,5,0,1,3445,5291,1037,0,3445,1037,0,0,0,40,0,true,NA,0,1,-7608,0,1,76,1000,false,false,none,false,true,true,true,true
1501,h10000_e25000_s5000_k10_y0,10000,25000,5000,10,0,1,9958,NA,1037,0,9958,1037,0,0,0,40,0,true,NA,0,1,-141430,0,1,7682,1001,false,false,none,false,true,true,true,true
1502,h10000_e25000_s5000_k20_y0,10000,25000,5000,20,0,1,9958,NA,1037,0,9958,1037,0,0,0,40,0,true,NA,0,1,-141430,0,1,7682,1001,false,false,none,false,true,true,true,true
1503,h10000_e25000_s5000_k40_y0,10000,25000,5000,40,0,1,9958,NA,1037,0,9958,1037,0,0,0,40,0,true,NA,0,1,-141430,0,1,7682,1001,false,false,none,false,true,true,true,true
1504,h10000_e25000_s5000_k5_y0,10000,25000,5000,5,0,1,9958,NA,1037,0,9958,1037,0,0,0,40,0,true,NA,0,1,-141430,0,1,7682,1001,false,false,none,false,true,true,true,true
1505,h500_e25000_s20000_k10_y0,500,25000,20000,10,0,1,5000,10081,1036,0,5000,1036,0,0,0,40,0,true,NA,0,1,-16930,0,1,384,1000,false,false,none,false,true,true,true,true
1506,h500_e25000_s20000_k20_y0,500,25000,20000,20,0,1,5000,10081,1036,0,5000,1036,0,0,0,40,0,true,NA,0,1,-16930,0,1,384,1000,false,false,none,false,true,true,true,true
1507,h500_e25000_s20000_k40_y0,500,25000,20000,40,0,1,5000,10081,1036,0,5000,1036,0,0,0,40,0,true,NA,0,1,-16930,0,1,384,1000,false,false,none,false,true,true,true,true
1508,h500_e25000_s20000_k5_y0,500,25000,20000,5,0,1,5000,10081,1036,0,5000,1036,0,0,0,40,0,true,NA,0,1,-16930,0,1,384,1000,false,false,none,false,true,true,true,true
1509,h500_e30000_s20000_k10_y0,500,30000,20000,10,0,1,7961,39836,1036,0,7961,1036,0,0,0,40,0,true,NA,0,1,-5975,0,1,364,1000,false,false,none,false,true,true,true,true
1510,h500_e30000_s20000_k20_y0,500,30000,20000,20,0,1,7961,39836,1036,0,7961,1036,0,0,0,40,0,true,NA,0,1,-5975,0,1,364,1000,false,false,none,false,true,true,true,true
1511,h500_e30000_s20000_k40_y0,500,30000,20000,40,0,1,7961,39836,1036,0,7961,1036,0,0,0,40,0,true,NA,0,1,-5975,0,1,364,1000,false,false,none,false,true,true,true,true
1512,h500_e30000_s20000_k5_y0,500,30000,20000,5,0,1,7961,39836,1036,0,7961,1036,0,0,0,40,0,true,NA,0,1,-5975,0,1,364,1000,false,false,none,false,true,true,true,true
1513,h1000_e10000_s2500_k10_y0,1000,10000,2500,10,0,11,1064,1196,1034,0,1064,1034,0,0,0,40,0,true,NA,0,2,-513210,0,6,877,1020,false,false,none,false,true,true,true,true
1514,h1000_e10000_s2500_k20_y0,1000,10000,2500,20,0,11,1064,1196,1034,0,1064,1034,0,0,0,40,0,true,NA,0,2,-513210,0,6,877,1020,false,false,none,false,true,true,true,true
1515,h1000_e10000_s2500_k40_y0,1000,10000,2500,40,0,11,1064,1196,1034,0,1064,1034,0,0,0,40,0,true,NA,0,2,-513210,0,6,877,1020,false,false,none,false,true,true,true,true
1516,h1000_e10000_s2500_k5_y0,1000,10000,2500,5,0,11,1064,1196,1034,0,1064,1034,0,0,0,40,0,true,NA,0,2,-513210,0,6,877,1020,false,false,none,false,true,true,true,true
1517,h2000_e15000_s5000_k10_y0,2000,15000,5000,10,0,1,2942,4193,1034,0,2942,1034,0,0,0,40,0,true,NA,0,1,-325423,0,1,1699,1007,false,false,none,false,true,true,true,true
1518,h2000_e15000_s5000_k20_y0,2000,15000,5000,20,0,1,2942,4193,1034,0,2942,1034,0,0,0,40,0,true,NA,0,1,-325423,0,1,1699,1007,false,false,none,false,true,true,true,true
1519,h2000_e15000_s5000_k40_y0,2000,15000,5000,40,0,1,2942,4193,1034,0,2942,1034,0,0,0,40,0,true,NA,0,1,-325423,0,1,1699,1007,false,false,none,false,true,true,true,true
1520,h2000_e15000_s5000_k5_y0,2000,15000,5000,5,0,1,2942,4193,1034,0,2942,1034,0,0,0,40,0,true,NA,0,1,-325423,0,1,1699,1007,false,false,none,false,true,true,true,true
1521,h1500_e20000_s10000_k10_y0,1500,20000,10000,10,0,1,4348,7745,1034,0,4348,1034,0,0,0,40,0,true,NA,0,1,-93814,0,1,1213,1001,false,false,none,false,true,true,true,true
1522,h1500_e20000_s10000_k20_y0,1500,20000,10000,20,0,1,4348,7745,1034,0,4348,1034,0,0,0,40,0,true,NA,0,1,-93814,0,1,1213,1001,false,false,none,false,true,true,true,true
1523,h1500_e20000_s10000_k40_y0,1500,20000,10000,40,0,1,4348,7745,1034,0,4348,1034,0,0,0,40,0,true,NA,0,1,-93814,0,1,1213,1001,false,false,none,false,true,true,true,true
1524,h1500_e20000_s10000_k5_y0,1500,20000,10000,5,0,1,4348,7745,1034,0,4348,1034,0,0,0,40,0,true,NA,0,1,-93814,0,1,1213,1001,false,false,none,false,true,true,true,true
1525,h700_e10000_s5000_k10_y0,700,10000,5000,10,0,14,876,964,1033,0,876,1033,0,0,0,40,0,true,NA,0,1,-385659,0,5,614,1014,false,false,none,false,true,true,true,true
1526,h700_e10000_s5000_k20_y0,700,10000,5000,20,0,14,876,964,1033,0,876,1033,0,0,0,40,0,true,NA,0,1,-385659,0,5,614,1014,false,false,none,false,true,true,true,true
1527,h700_e10000_s5000_k40_y0,700,10000,5000,40,0,14,876,964,1033,0,876,1033,0,0,0,40,0,true,NA,0,1,-385659,0,5,614,1014,false,false,none,false,true,true,true,true
1528,h700_e10000_s5000_k5_y0,700,10000,5000,5,0,14,876,964,1033,0,876,1033,0,0,0,40,0,true,NA,0,1,-385659,0,5,614,1014,false,false,none,false,true,true,true,true
1529,h3000_e30000_s10000_k10_y0,3000,30000,10000,10,0,1,9962,NA,1033,0,9962,1033,0,0,0,40,0,true,NA,0,1,-18886,0,1,2186,1000,false,false,none,false,true,true,true,true
1530,h3000_e30000_s10000_k20_y0,3000,30000,10000,20,0,1,9962,NA,1033,0,9962,1033,0,0,0,40,0,true,NA,0,1,-18886,0,1,2186,1000,false,false,none,false,true,true,true,true
1531,h3000_e30000_s10000_k40_y0,3000,30000,10000,40,0,1,9962,NA,1033,0,9962,1033,0,0,0,40,0,true,NA,0,1,-18886,0,1,2186,1000,false,false,none,false,true,true,true,true
1532,h3000_e30000_s10000_k5_y0,3000,30000,10000,5,0,1,9962,NA,1033,0,9962,1033,0,0,0,40,0,true,NA,0,1,-18886,0,1,2186,1000,false,false,none,false,true,true,true,true
1533,h5000_e40000_s10000_k10_y0,5000,40000,10000,10,0,1,9964,NA,1032,0,9964,1032,0,0,0,40,0,true,NA,0,1,-3177,0,1,3280,1000,false,false,none,false,true,true,true,true
1534,h5000_e40000_s10000_k20_y0,5000,40000,10000,20,0,1,9964,NA,1032,0,9964,1032,0,0,0,40,0,true,NA,0,1,-3177,0,1,3280,1000,false,false,none,false,true,true,true,true
1535,h5000_e40000_s10000_k40_y0,5000,40000,10000,40,0,1,9964,NA,1032,0,9964,1032,0,0,0,40,0,true,NA,0,1,-3177,0,1,3280,1000,false,false,none,false,true,true,true,true
1536,h5000_e40000_s10000_k5_y0,5000,40000,10000,5,0,1,9964,NA,1032,0,9964,1032,0,0,0,40,0,true,NA,0,1,-3177,0,1,3280,1000,false,false,none,false,true,true,true,true
1537,h2000_e25000_s10000_k10_y0,2000,25000,10000,10,0,1,7613,32361,1031,0,7613,1031,0,0,0,40,0,true,NA,0,1,-39698,0,1,1536,1000,false,false,none,false,true,true,true,true
1538,h2000_e25000_s10000_k20_y0,2000,25000,10000,20,0,1,7613,32361,1031,0,7613,1031,0,0,0,40,0,true,NA,0,1,-39698,0,1,1536,1000,false,false,none,false,true,true,true,true
1539,h2000_e25000_s10000_k40_y0,2000,25000,10000,40,0,1,7613,32361,1031,0,7613,1031,0,0,0,40,0,true,NA,0,1,-39698,0,1,1536,1000,false,false,none,false,true,true,true,true
1540,h2000_e25000_s10000_k5_y0,2000,25000,10000,5,0,1,7613,32361,1031,0,7613,1031,0,0,0,40,0,true,NA,0,1,-39698,0,1,1536,1000,false,false,none,false,true,true,true,true
1541,h10000_e20000_s2500_k10_y0,10000,20000,2500,10,0,1,9964,NA,1031,0,9964,1031,0,0,0,40,0,true,NA,0,1,-409560,0,1,8092,1006,false,false,none,false,true,true,true,true
1542,h10000_e20000_s2500_k20_y0,10000,20000,2500,20,0,1,9964,NA,1031,0,9964,1031,0,0,0,40,0,true,NA,0,1,-409560,0,1,8092,1006,false,false,none,false,true,true,true,true
1543,h10000_e20000_s2500_k40_y0,10000,20000,2500,40,0,1,9964,NA,1031,0,9964,1031,0,0,0,40,0,true,NA,0,1,-409560,0,1,8092,1006,false,false,none,false,true,true,true,true
1544,h10000_e20000_s2500_k5_y0,10000,20000,2500,5,0,1,9964,NA,1031,0,9964,1031,0,0,0,40,0,true,NA,0,1,-409560,0,1,8092,1006,false,false,none,false,true,true,true,true
1545,h300_e50000_s20000_k10_y0,300,50000,20000,10,0,0,9967,NA,1029,0,9967,1029,0,0,0,40,0,true,NA,0,0,-56,0,1,177,1000,false,false,none,false,true,true,true,true
1546,h300_e50000_s20000_k20_y0,300,50000,20000,20,0,0,9967,NA,1029,0,9967,1029,0,0,0,40,0,true,NA,0,0,-56,0,1,177,1000,false,false,none,false,true,true,true,true
1547,h300_e50000_s20000_k40_y0,300,50000,20000,40,0,0,9967,NA,1029,0,9967,1029,0,0,0,40,0,true,NA,0,0,-56,0,1,177,1000,false,false,none,false,true,true,true,true
1548,h300_e50000_s20000_k5_y0,300,50000,20000,5,0,0,9967,NA,1029,0,9967,1029,0,0,0,40,0,true,NA,0,0,-56,0,1,177,1000,false,false,none,false,true,true,true,true
1549,h100_e20000_s40000_k10_y0,100,20000,40000,10,0,1,1681,2029,1028,0,1681,1028,0,0,0,40,0,true,NA,0,1,-18360,0,1,80,1000,false,false,none,false,true,true,true,true
1550,h100_e20000_s40000_k20_y0,100,20000,40000,20,0,1,1681,2029,1028,0,1681,1028,0,0,0,40,0,true,NA,0,1,-18360,0,1,80,1000,false,false,none,false,true,true,true,true
1551,h100_e20000_s40000_k40_y0,100,20000,40000,40,0,1,1681,2029,1028,0,1681,1028,0,0,0,40,0,true,NA,0,1,-18360,0,1,80,1000,false,false,none,false,true,true,true,true
1552,h100_e20000_s40000_k5_y0,100,20000,40000,5,0,1,1681,2029,1028,0,1681,1028,0,0,0,40,0,true,NA,0,1,-18360,0,1,80,1000,false,false,none,false,true,true,true,true
1553,h3000_e15000_s2500_k10_y0,3000,15000,2500,10,0,1,3441,5272,1028,0,3441,1028,0,0,0,40,0,true,NA,0,1,-438091,0,1,2549,1010,false,false,none,false,true,true,true,true
1554,h3000_e15000_s2500_k20_y0,3000,15000,2500,20,0,1,3441,5272,1028,0,3441,1028,0,0,0,40,0,true,NA,0,1,-438091,0,1,2549,1010,false,false,none,false,true,true,true,true
1555,h3000_e15000_s2500_k40_y0,3000,15000,2500,40,0,1,3441,5272,1028,0,3441,1028,0,0,0,40,0,true,NA,0,1,-438091,0,1,2549,1010,false,false,none,false,true,true,true,true
1556,h3000_e15000_s2500_k5_y0,3000,15000,2500,5,0,1,3441,5272,1028,0,3441,1028,0,0,0,40,0,true,NA,0,1,-438091,0,1,2549,1010,false,false,none,false,true,true,true,true
1557,h300_e15000_s20000_k10_y0,300,15000,20000,10,0,4,1169,1328,1027,0,1169,1027,0,0,0,40,0,true,NA,0,1,-81764,0,1,254,1001,false,false,none,false,true,true,true,true
1558,h300_e15000_s20000_k20_y0,300,15000,20000,20,0,4,1169,1328,1027,0,1169,1027,0,0,0,40,0,true,NA,0,1,-81764,0,1,254,1001,false,false,none,false,true,true,true,true
1559,h300_e15000_s20000_k40_y0,300,15000,20000,40,0,4,1169,1328,1027,0,1169,1027,0,0,0,40,0,true,NA,0,1,-81764,0,1,254,1001,false,false,none,false,true,true,true,true
1560,h300_e15000_s20000_k5_y0,300,15000,20000,5,0,4,1169,1328,1027,0,1169,1027,0,0,0,40,0,true,NA,0,1,-81764,0,1,254,1001,false,false,none,false,true,true,true,true
1561,h700_e15000_s10000_k10_y0,700,15000,10000,10,0,2,1535,1820,1026,0,1535,1026,0,0,0,40,0,true,NA,0,1,-138606,0,1,594,1002,false,false,none,false,true,true,true,true
1562,h700_e15000_s10000_k20_y0,700,15000,10000,20,0,2,1535,1820,1026,0,1535,1026,0,0,0,40,0,true,NA,0,1,-138606,0,1,594,1002,false,false,none,false,true,true,true,true
1563,h700_e15000_s10000_k40_y0,700,15000,10000,40,0,2,1535,1820,1026,0,1535,1026,0,0,0,40,0,true,NA,0,1,-138606,0,1,594,1002,false,false,none,false,true,true,true,true
1564,h700_e15000_s10000_k5_y0,700,15000,10000,5,0,2,1535,1820,1026,0,1535,1026,0,0,0,40,0,true,NA,0,1,-138606,0,1,594,1002,false,false,none,false,true,true,true,true
1565,h1500_e15000_s5000_k10_y0,1500,15000,5000,10,0,2,2206,2842,1026,0,2206,1026,0,0,0,40,0,true,NA,0,1,-244998,0,1,1274,1005,false,false,none,false,true,true,true,true
1566,h1500_e15000_s5000_k20_y0,1500,15000,5000,20,0,2,2206,2842,1026,0,2206,1026,0,0,0,40,0,true,NA,0,1,-244998,0,1,1274,1005,false,false,none,false,true,true,true,true
1567,h1500_e15000_s5000_k40_y0,1500,15000,5000,40,0,2,2206,2842,1026,0,2206,1026,0,0,0,40,0,true,NA,0,1,-244998,0,1,1274,1005,false,false,none,false,true,true,true,true
1568,h1500_e15000_s5000_k5_y0,1500,15000,5000,5,0,2,2206,2842,1026,0,2206,1026,0,0,0,40,0,true,NA,0,1,-244998,0,1,1274,1005,false,false,none,false,true,true,true,true
1569,h100_e10000_s40000_k10_y0,100,10000,40000,10,0,20,386,403,1024,0,386,1024,0,0,0,40,0,true,NA,0,1,-106990,0,1,87,1002,false,false,none,false,true,true,true,true
1570,h100_e10000_s40000_k20_y0,100,10000,40000,20,0,20,386,403,1024,0,386,1024,0,0,0,40,0,true,NA,0,1,-106990,0,1,87,1002,false,false,none,false,true,true,true,true
1571,h100_e10000_s40000_k40_y0,100,10000,40000,40,0,20,386,403,1024,0,386,1024,0,0,0,40,0,true,NA,0,1,-106990,0,1,87,1002,false,false,none,false,true,true,true,true
1572,h100_e10000_s40000_k5_y0,100,10000,40000,5,0,20,386,403,1024,0,386,1024,0,0,0,40,0,true,NA,0,1,-106990,0,1,87,1002,false,false,none,false,true,true,true,true
1573,h500_e10000_s5000_k10_y0,500,10000,5000,10,0,13,625,669,1024,0,625,1024,0,0,0,40,0,true,NA,0,1,-275994,0,4,438,1010,false,false,none,false,true,true,true,true
1574,h500_e10000_s5000_k20_y0,500,10000,5000,20,0,13,625,669,1024,0,625,1024,0,0,0,40,0,true,NA,0,1,-275994,0,4,438,1010,false,false,none,false,true,true,true,true
1575,h500_e10000_s5000_k40_y0,500,10000,5000,40,0,13,625,669,1024,0,625,1024,0,0,0,40,0,true,NA,0,1,-275994,0,4,438,1010,false,false,none,false,true,true,true,true
1576,h500_e10000_s5000_k5_y0,500,10000,5000,5,0,13,625,669,1024,0,625,1024,0,0,0,40,0,true,NA,0,1,-275994,0,4,438,1010,false,false,none,false,true,true,true,true
1577,h700_e10000_s2500_k10_y0,700,10000,2500,10,0,10,745,807,1024,0,745,1024,0,0,0,40,0,true,NA,0,1,-360190,0,5,614,1014,false,false,none,false,true,true,true,true
1578,h700_e10000_s2500_k20_y0,700,10000,2500,20,0,10,745,807,1024,0,745,1024,0,0,0,40,0,true,NA,0,1,-360190,0,5,614,1014,false,false,none,false,true,true,true,true
1579,h700_e10000_s2500_k40_y0,700,10000,2500,40,0,10,745,807,1024,0,745,1024,0,0,0,40,0,true,NA,0,1,-360190,0,5,614,1014,false,false,none,false,true,true,true,true
1580,h700_e10000_s2500_k5_y0,700,10000,2500,5,0,10,745,807,1024,0,745,1024,0,0,0,40,0,true,NA,0,1,-360190,0,5,614,1014,false,false,none,false,true,true,true,true
1581,h100_e15000_s40000_k10_y0,100,15000,40000,10,0,5,815,890,1024,0,815,1024,0,0,0,40,0,true,NA,0,1,-44314,0,1,84,1000,false,false,none,false,true,true,true,true
1582,h100_e15000_s40000_k20_y0,100,15000,40000,20,0,5,815,890,1024,0,815,1024,0,0,0,40,0,true,NA,0,1,-44314,0,1,84,1000,false,false,none,false,true,true,true,true
1583,h100_e15000_s40000_k40_y0,100,15000,40000,40,0,5,815,890,1024,0,815,1024,0,0,0,40,0,true,NA,0,1,-44314,0,1,84,1000,false,false,none,false,true,true,true,true
1584,h100_e15000_s40000_k5_y0,100,15000,40000,5,0,5,815,890,1024,0,815,1024,0,0,0,40,0,true,NA,0,1,-44314,0,1,84,1000,false,false,none,false,true,true,true,true
1585,h300_e40000_s20000_k10_y0,300,40000,20000,10,0,1,9972,NA,1024,0,9972,1024,0,0,0,40,0,true,NA,0,0,-447,0,1,196,1000,false,false,none,false,true,true,true,true
1586,h300_e40000_s20000_k20_y0,300,40000,20000,20,0,1,9972,NA,1024,0,9972,1024,0,0,0,40,0,true,NA,0,0,-447,0,1,196,1000,false,false,none,false,true,true,true,true
1587,h300_e40000_s20000_k40_y0,300,40000,20000,40,0,1,9972,NA,1024,0,9972,1024,0,0,0,40,0,true,NA,0,0,-447,0,1,196,1000,false,false,none,false,true,true,true,true
1588,h300_e40000_s20000_k5_y0,300,40000,20000,5,0,1,9972,NA,1024,0,9972,1024,0,0,0,40,0,true,NA,0,0,-447,0,1,196,1000,false,false,none,false,true,true,true,true
1589,h300_e10000_s10000_k10_y0,300,10000,10000,10,0,15,487,513,1023,0,487,1023,0,0,0,40,0,true,NA,0,1,-187939,0,3,263,1006,false,false,none,false,true,true,true,true
1590,h300_e10000_s10000_k20_y0,300,10000,10000,20,0,15,487,513,1023,0,487,1023,0,0,0,40,0,true,NA,0,1,-187939,0,3,263,1006,false,false,none,false,true,true,true,true
1591,h300_e10000_s10000_k40_y0,300,10000,10000,40,0,15,487,513,1023,0,487,1023,0,0,0,40,0,true,NA,0,1,-187939,0,3,263,1006,false,false,none,false,true,true,true,true
1592,h300_e10000_s10000_k5_y0,300,10000,10000,5,0,15,487,513,1023,0,487,1023,0,0,0,40,0,true,NA,0,1,-187939,0,3,263,1006,false,false,none,false,true,true,true,true
1593,h300_e20000_s20000_k10_y0,300,20000,20000,10,0,1,1878,2320,1023,0,1878,1023,0,0,0,40,0,true,NA,0,1,-28845,0,1,242,1000,false,false,none,false,true,true,true,true
1594,h300_e20000_s20000_k20_y0,300,20000,20000,20,0,1,1878,2320,1023,0,1878,1023,0,0,0,40,0,true,NA,0,1,-28845,0,1,242,1000,false,false,none,false,true,true,true,true
1595,h300_e20000_s20000_k40_y0,300,20000,20000,40,0,1,1878,2320,1023,0,1878,1023,0,0,0,40,0,true,NA,0,1,-28845,0,1,242,1000,false,false,none,false,true,true,true,true
1596,h300_e20000_s20000_k5_y0,300,20000,20000,5,0,1,1878,2320,1023,0,1878,1023,0,0,0,40,0,true,NA,0,1,-28845,0,1,242,1000,false,false,none,false,true,true,true,true
1597,h1000_e20000_s10000_k10_y0,1000,20000,10000,10,0,1,2898,4096,1023,0,2898,1023,0,0,0,40,0,true,NA,0,1,-62769,0,1,809,1000,false,false,none,false,true,true,true,true
1598,h1000_e20000_s10000_k20_y0,1000,20000,10000,20,0,1,2898,4096,1023,0,2898,1023,0,0,0,40,0,true,NA,0,1,-62769,0,1,809,1000,false,false,none,false,true,true,true,true
1599,h1000_e20000_s10000_k40_y0,1000,20000,10000,40,0,1,2898,4096,1023,0,2898,1023,0,0,0,40,0,true,NA,0,1,-62769,0,1,809,1000,false,false,none,false,true,true,true,true
1600,h1000_e20000_s10000_k5_y0,1000,20000,10000,5,0,1,2898,4096,1023,0,2898,1023,0,0,0,40,0,true,NA,0,1,-62769,0,1,809,1000,false,false,none,false,true,true,true,true
1601,h3000_e20000_s5000_k10_y0,3000,20000,5000,10,0,1,5083,10393,1023,0,5083,1023,0,0,0,40,0,true,NA,0,1,-145288,0,1,2427,1002,false,false,none,false,true,true,true,true
1602,h3000_e20000_s5000_k20_y0,3000,20000,5000,20,0,1,5083,10393,1023,0,5083,1023,0,0,0,40,0,true,NA,0,1,-145288,0,1,2427,1002,false,false,none,false,true,true,true,true
1603,h3000_e20000_s5000_k40_y0,3000,20000,5000,40,0,1,5083,10393,1023,0,5083,1023,0,0,0,40,0,true,NA,0,1,-145288,0,1,2427,1002,false,false,none,false,true,true,true,true
1604,h3000_e20000_s5000_k5_y0,3000,20000,5000,5,0,1,5083,10393,1023,0,5083,1023,0,0,0,40,0,true,NA,0,1,-145288,0,1,2427,1002,false,false,none,false,true,true,true,true
1605,h1500_e25000_s10000_k10_y0,1500,25000,10000,10,0,1,5709,13388,1023,0,5709,1023,0,0,0,40,0,true,NA,0,1,-29853,0,1,1152,1000,false,false,none,false,true,true,true,true
1606,h1500_e25000_s10000_k20_y0,1500,25000,10000,20,0,1,5709,13388,1023,0,5709,1023,0,0,0,40,0,true,NA,0,1,-29853,0,1,1152,1000,false,false,none,false,true,true,true,true
1607,h1500_e25000_s10000_k40_y0,1500,25000,10000,40,0,1,5709,13388,1023,0,5709,1023,0,0,0,40,0,true,NA,0,1,-29853,0,1,1152,1000,false,false,none,false,true,true,true,true
1608,h1500_e25000_s10000_k5_y0,1500,25000,10000,5,0,1,5709,13388,1023,0,5709,1023,0,0,0,40,0,true,NA,0,1,-29853,0,1,1152,1000,false,false,none,false,true,true,true,true
1609,h300_e25000_s20000_k10_y0,300,25000,20000,10,0,1,2999,4299,1022,0,2999,1022,0,0,0,40,0,true,NA,0,1,-10176,0,1,230,1000,false,false,none,false,true,true,true,true
1610,h300_e25000_s20000_k20_y0,300,25000,20000,20,0,1,2999,4299,1022,0,2999,1022,0,0,0,40,0,true,NA,0,1,-10176,0,1,230,1000,false,false,none,false,true,true,true,true
1611,h300_e25000_s20000_k40_y0,300,25000,20000,40,0,1,2999,4299,1022,0,2999,1022,0,0,0,40,0,true,NA,0,1,-10176,0,1,230,1000,false,false,none,false,true,true,true,true
1612,h300_e25000_s20000_k5_y0,300,25000,20000,5,0,1,2999,4299,1022,0,2999,1022,0,0,0,40,0,true,NA,0,1,-10176,0,1,230,1000,false,false,none,false,true,true,true,true
1613,h300_e30000_s20000_k10_y0,300,30000,20000,10,0,1,4776,9186,1022,0,4776,1022,0,0,0,40,0,true,NA,0,1,-3590,0,1,218,1000,false,false,none,false,true,true,true,true
1614,h300_e30000_s20000_k20_y0,300,30000,20000,20,0,1,4776,9186,1022,0,4776,1022,0,0,0,40,0,true,NA,0,1,-3590,0,1,218,1000,false,false,none,false,true,true,true,true
1615,h300_e30000_s20000_k40_y0,300,30000,20000,40,0,1,4776,9186,1022,0,4776,1022,0,0,0,40,0,true,NA,0,1,-3590,0,1,218,1000,false,false,none,false,true,true,true,true
1616,h300_e30000_s20000_k5_y0,300,30000,20000,5,0,1,4776,9186,1022,0,4776,1022,0,0,0,40,0,true,NA,0,1,-3590,0,1,218,1000,false,false,none,false,true,true,true,true
1617,h2000_e30000_s10000_k10_y0,2000,30000,10000,10,0,1,9974,NA,1022,0,9974,1022,0,0,0,40,0,true,NA,0,1,-12635,0,1,1457,1000,false,false,none,false,true,true,true,true
1618,h2000_e30000_s10000_k20_y0,2000,30000,10000,20,0,1,9974,NA,1022,0,9974,1022,0,0,0,40,0,true,NA,0,1,-12635,0,1,1457,1000,false,false,none,false,true,true,true,true
1619,h2000_e30000_s10000_k40_y0,2000,30000,10000,40,0,1,9974,NA,1022,0,9974,1022,0,0,0,40,0,true,NA,0,1,-12635,0,1,1457,1000,false,false,none,false,true,true,true,true
1620,h2000_e30000_s10000_k5_y0,2000,30000,10000,5,0,1,9974,NA,1022,0,9974,1022,0,0,0,40,0,true,NA,0,1,-12635,0,1,1457,1000,false,false,none,false,true,true,true,true
1621,h5000_e50000_s10000_k10_y0,5000,50000,10000,10,0,0,9976,NA,1021,0,9976,1021,0,0,0,40,0,true,NA,0,0,-321,0,0,2952,1000,false,false,none,false,true,true,true,true
1622,h5000_e50000_s10000_k20_y0,5000,50000,10000,20,0,0,9976,NA,1021,0,9976,1021,0,0,0,40,0,true,NA,0,0,-321,0,0,2952,1000,false,false,none,false,true,true,true,true
1623,h5000_e50000_s10000_k40_y0,5000,50000,10000,40,0,0,9976,NA,1021,0,9976,1021,0,0,0,40,0,true,NA,0,0,-321,0,0,2952,1000,false,false,none,false,true,true,true,true
1624,h5000_e50000_s10000_k5_y0,5000,50000,10000,5,0,0,9976,NA,1021,0,9976,1021,0,0,0,40,0,true,NA,0,0,-321,0,0,2952,1000,false,false,none,false,true,true,true,true
1625,h10000_e30000_s5000_k10_y0,10000,30000,5000,10,0,1,9977,NA,1020,0,9977,1020,0,0,0,40,0,true,NA,0,1,-42700,0,1,7289,1000,false,false,none,false,true,true,true,true
1626,h10000_e30000_s5000_k20_y0,10000,30000,5000,20,0,1,9977,NA,1020,0,9977,1020,0,0,0,40,0,true,NA,0,1,-42700,0,1,7289,1000,false,false,none,false,true,true,true,true
1627,h10000_e30000_s5000_k40_y0,10000,30000,5000,40,0,1,9977,NA,1020,0,9977,1020,0,0,0,40,0,true,NA,0,1,-42700,0,1,7289,1000,false,false,none,false,true,true,true,true
1628,h10000_e30000_s5000_k5_y0,10000,30000,5000,5,0,1,9977,NA,1020,0,9977,1020,0,0,0,40,0,true,NA,0,1,-42700,0,1,7289,1000,false,false,none,false,true,true,true,true
1629,h3000_e40000_s10000_k10_y0,3000,40000,10000,10,0,1,9977,NA,1020,0,9977,1020,0,0,0,40,0,true,NA,0,0,-1912,0,1,1968,1000,false,false,none,false,true,true,true,true
1630,h3000_e40000_s10000_k20_y0,3000,40000,10000,20,0,1,9977,NA,1020,0,9977,1020,0,0,0,40,0,true,NA,0,0,-1912,0,1,1968,1000,false,false,none,false,true,true,true,true
1631,h3000_e40000_s10000_k40_y0,3000,40000,10000,40,0,1,9977,NA,1020,0,9977,1020,0,0,0,40,0,true,NA,0,0,-1912,0,1,1968,1000,false,false,none,false,true,true,true,true
1632,h3000_e40000_s10000_k5_y0,3000,40000,10000,5,0,1,9977,NA,1020,0,9977,1020,0,0,0,40,0,true,NA,0,0,-1912,0,1,1968,1000,false,false,none,false,true,true,true,true
1633,h500_e15000_s10000_k10_y0,500,15000,10000,10,0,3,1096,1234,1019,0,1096,1019,0,0,0,40,0,true,NA,0,1,-99198,0,1,424,1001,false,false,none,false,true,true,true,true
1634,h500_e15000_s10000_k20_y0,500,15000,10000,20,0,3,1096,1234,1019,0,1096,1019,0,0,0,40,0,true,NA,0,1,-99198,0,1,424,1001,false,false,none,false,true,true,true,true
1635,h500_e15000_s10000_k40_y0,500,15000,10000,40,0,3,1096,1234,1019,0,1096,1019,0,0,0,40,0,true,NA,0,1,-99198,0,1,424,1001,false,false,none,false,true,true,true,true
1636,h500_e15000_s10000_k5_y0,500,15000,10000,5,0,3,1096,1234,1019,0,1096,1019,0,0,0,40,0,true,NA,0,1,-99198,0,1,424,1001,false,false,none,false,true,true,true,true
1637,h2000_e15000_s2500_k10_y0,2000,15000,2500,10,0,1,2293,2985,1019,0,2293,1019,0,0,0,40,0,true,NA,0,1,-294015,0,1,1699,1007,false,false,none,false,true,true,true,true
1638,h2000_e15000_s2500_k20_y0,2000,15000,2500,20,0,1,2293,2985,1019,0,2293,1019,0,0,0,40,0,true,NA,0,1,-294015,0,1,1699,1007,false,false,none,false,true,true,true,true
1639,h2000_e15000_s2500_k40_y0,2000,15000,2500,40,0,1,2293,2985,1019,0,2293,1019,0,0,0,40,0,true,NA,0,1,-294015,0,1,1699,1007,false,false,none,false,true,true,true,true
1640,h2000_e15000_s2500_k5_y0,2000,15000,2500,5,0,1,2293,2985,1019,0,2293,1019,0,0,0,40,0,true,NA,0,1,-294015,0,1,1699,1007,false,false,none,false,true,true,true,true
1641,h5000_e25000_s5000_k10_y0,5000,25000,5000,10,0,1,9705,356030,1019,0,9705,1019,0,0,0,40,0,true,NA,0,1,-72010,0,1,3841,1000,false,false,none,false,true,true,true,true
1642,h5000_e25000_s5000_k20_y0,5000,25000,5000,20,0,1,9705,356030,1019,0,9705,1019,0,0,0,40,0,true,NA,0,1,-72010,0,1,3841,1000,false,false,none,false,true,true,true,true
1643,h5000_e25000_s5000_k40_y0,5000,25000,5000,40,0,1,9705,356030,1019,0,9705,1019,0,0,0,40,0,true,NA,0,1,-72010,0,1,3841,1000,false,false,none,false,true,true,true,true
1644,h5000_e25000_s5000_k5_y0,5000,25000,5000,5,0,1,9705,356030,1019,0,9705,1019,0,0,0,40,0,true,NA,0,1,-72010,0,1,3841,1000,false,false,none,false,true,true,true,true
1645,h10000_e70000_s10000_k10_y0,10000,70000,10000,10,0,0,9978,NA,1019,0,9978,1019,0,0,0,40,0,true,NA,0,0,-7,0,0,4782,1000,false,false,none,false,true,true,true,true
1646,h10000_e70000_s10000_k20_y0,10000,70000,10000,20,0,0,9978,NA,1019,0,9978,1019,0,0,0,40,0,true,NA,0,0,-7,0,0,4782,1000,false,false,none,false,true,true,true,true
1647,h10000_e70000_s10000_k40_y0,10000,70000,10000,40,0,0,9978,NA,1019,0,9978,1019,0,0,0,40,0,true,NA,0,0,-7,0,0,4782,1000,false,false,none,false,true,true,true,true
1648,h10000_e70000_s10000_k5_y0,10000,70000,10000,5,0,0,9978,NA,1019,0,9978,1019,0,0,0,40,0,true,NA,0,0,-7,0,0,4782,1000,false,false,none,false,true,true,true,true
1649,h500_e10000_s2500_k10_y0,500,10000,2500,10,0,9,532,563,1017,0,532,1017,0,0,0,40,0,true,NA,0,1,-257745,0,4,438,1010,false,false,none,false,true,true,true,true
1650,h500_e10000_s2500_k20_y0,500,10000,2500,20,0,9,532,563,1017,0,532,1017,0,0,0,40,0,true,NA,0,1,-257745,0,4,438,1010,false,false,none,false,true,true,true,true
1651,h500_e10000_s2500_k40_y0,500,10000,2500,40,0,9,532,563,1017,0,532,1017,0,0,0,40,0,true,NA,0,1,-257745,0,4,438,1010,false,false,none,false,true,true,true,true
1652,h500_e10000_s2500_k5_y0,500,10000,2500,5,0,9,532,563,1017,0,532,1017,0,0,0,40,0,true,NA,0,1,-257745,0,4,438,1010,false,false,none,false,true,true,true,true
1653,h1000_e15000_s5000_k10_y0,1000,15000,5000,10,0,2,1471,1728,1017,0,1471,1017,0,0,0,40,0,true,NA,0,1,-163977,0,1,849,1003,false,false,none,false,true,true,true,true
1654,h1000_e15000_s5000_k20_y0,1000,15000,5000,20,0,2,1471,1728,1017,0,1471,1017,0,0,0,40,0,true,NA,0,1,-163977,0,1,849,1003,false,false,none,false,true,true,true,true
1655,h1000_e15000_s5000_k40_y0,1000,15000,5000,40,0,2,1471,1728,1017,0,1471,1017,0,0,0,40,0,true,NA,0,1,-163977,0,1,849,1003,false,false,none,false,true,true,true,true
1656,h1000_e15000_s5000_k5_y0,1000,15000,5000,5,0,2,1471,1728,1017,0,1471,1017,0,0,0,40,0,true,NA,0,1,-163977,0,1,849,1003,false,false,none,false,true,true,true,true
1657,h1500_e30000_s10000_k10_y0,1500,30000,10000,10,0,1,7481,29928,1017,0,7481,1017,0,0,0,40,0,true,NA,0,1,-9492,0,1,1093,1000,false,false,none,false,true,true,true,true
1658,h1500_e30000_s10000_k20_y0,1500,30000,10000,20,0,1,7481,29928,1017,0,7481,1017,0,0,0,40,0,true,NA,0,1,-9492,0,1,1093,1000,false,false,none,false,true,true,true,true
1659,h1500_e30000_s10000_k40_y0,1500,30000,10000,40,0,1,7481,29928,1017,0,7481,1017,0,0,0,40,0,true,NA,0,1,-9492,0,1,1093,1000,false,false,none,false,true,true,true,true
1660,h1500_e30000_s10000_k5_y0,1500,30000,10000,5,0,1,7481,29928,1017,0,7481,1017,0,0,0,40,0,true,NA,0,1,-9492,0,1,1093,1000,false,false,none,false,true,true,true,true
1661,h700_e20000_s10000_k10_y0,700,20000,10000,10,0,1,2028,2550,1016,0,2028,1016,0,0,0,40,0,true,NA,0,1,-44037,0,1,566,1000,false,false,none,false,true,true,true,true
1662,h700_e20000_s10000_k20_y0,700,20000,10000,20,0,1,2028,2550,1016,0,2028,1016,0,0,0,40,0,true,NA,0,1,-44037,0,1,566,1000,false,false,none,false,true,true,true,true
1663,h700_e20000_s10000_k40_y0,700,20000,10000,40,0,1,2028,2550,1016,0,2028,1016,0,0,0,40,0,true,NA,0,1,-44037,0,1,566,1000,false,false,none,false,true,true,true,true
1664,h700_e20000_s10000_k5_y0,700,20000,10000,5,0,1,2028,2550,1016,0,2028,1016,0,0,0,40,0,true,NA,0,1,-44037,0,1,566,1000,false,false,none,false,true,true,true,true
1665,h5000_e20000_s2500_k10_y0,5000,20000,2500,10,0,1,6059,15448,1016,0,6059,1016,0,0,0,40,0,true,NA,0,1,-209513,0,1,4046,1003,false,false,none,false,true,true,true,true
1666,h5000_e20000_s2500_k20_y0,5000,20000,2500,20,0,1,6059,15448,1016,0,6059,1016,0,0,0,40,0,true,NA,0,1,-209513,0,1,4046,1003,false,false,none,false,true,true,true,true
1667,h5000_e20000_s2500_k40_y0,5000,20000,2500,40,0,1,6059,15448,1016,0,6059,1016,0,0,0,40,0,true,NA,0,1,-209513,0,1,4046,1003,false,false,none,false,true,true,true,true
1668,h5000_e20000_s2500_k5_y0,5000,20000,2500,5,0,1,6059,15448,1016,0,6059,1016,0,0,0,40,0,true,NA,0,1,-209513,0,1,4046,1003,false,false,none,false,true,true,true,true
1669,h100_e70000_s20000_k10_y0,100,70000,20000,10,0,0,9981,NA,1016,0,9981,1016,0,0,0,40,0,true,NA,0,0,-1,0,0,47,1000,false,false,none,false,true,true,true,true
1670,h100_e70000_s20000_k20_y0,100,70000,20000,20,0,0,9981,NA,1016,0,9981,1016,0,0,0,40,0,true,NA,0,0,-1,0,0,47,1000,false,false,none,false,true,true,true,true
1671,h100_e70000_s20000_k40_y0,100,70000,20000,40,0,0,9981,NA,1016,0,9981,1016,0,0,0,40,0,true,NA,0,0,-1,0,0,47,1000,false,false,none,false,true,true,true,true
1672,h100_e70000_s20000_k5_y0,100,70000,20000,5,0,0,9981,NA,1016,0,9981,1016,0,0,0,40,0,true,NA,0,0,-1,0,0,47,1000,false,false,none,false,true,true,true,true
1673,h2000_e20000_s5000_k10_y0,2000,20000,5000,10,0,1,3388,5138,1015,0,3388,1015,0,0,0,40,0,true,NA,0,1,-97396,0,1,1618,1001,false,false,none,false,true,true,true,true
1674,h2000_e20000_s5000_k20_y0,2000,20000,5000,20,0,1,3388,5138,1015,0,3388,1015,0,0,0,40,0,true,NA,0,1,-97396,0,1,1618,1001,false,false,none,false,true,true,true,true
1675,h2000_e20000_s5000_k40_y0,2000,20000,5000,40,0,1,3388,5138,1015,0,3388,1015,0,0,0,40,0,true,NA,0,1,-97396,0,1,1618,1001,false,false,none,false,true,true,true,true
1676,h2000_e20000_s5000_k5_y0,2000,20000,5000,5,0,1,3388,5138,1015,0,3388,1015,0,0,0,40,0,true,NA,0,1,-97396,0,1,1618,1001,false,false,none,false,true,true,true,true
1677,h1000_e25000_s10000_k10_y0,1000,25000,10000,10,0,1,3806,6162,1015,0,3806,1015,0,0,0,40,0,true,NA,0,1,-19952,0,1,768,1000,false,false,none,false,true,true,true,true
1678,h1000_e25000_s10000_k20_y0,1000,25000,10000,20,0,1,3806,6162,1015,0,3806,1015,0,0,0,40,0,true,NA,0,1,-19952,0,1,768,1000,false,false,none,false,true,true,true,true
1679,h1000_e25000_s10000_k40_y0,1000,25000,10000,40,0,1,3806,6162,1015,0,3806,1015,0,0,0,40,0,true,NA,0,1,-19952,0,1,768,1000,false,false,none,false,true,true,true,true
1680,h1000_e25000_s10000_k5_y0,1000,25000,10000,5,0,1,3806,6162,1015,0,3806,1015,0,0,0,40,0,true,NA,0,1,-19952,0,1,768,1000,false,false,none,false,true,true,true,true
1681,h300_e10000_s5000_k10_y0,300,10000,5000,10,0,10,375,390,1014,0,375,1014,0,0,0,40,0,true,NA,0,1,-165926,0,3,263,1006,false,false,none,false,true,true,true,true
1682,h300_e10000_s5000_k20_y0,300,10000,5000,20,0,10,375,390,1014,0,375,1014,0,0,0,40,0,true,NA,0,1,-165926,0,3,263,1006,false,false,none,false,true,true,true,true
1683,h300_e10000_s5000_k40_y0,300,10000,5000,40,0,10,375,390,1014,0,375,1014,0,0,0,40,0,true,NA,0,1,-165926,0,3,263,1006,false,false,none,false,true,true,true,true
1684,h300_e10000_s5000_k5_y0,300,10000,5000,5,0,10,375,390,1014,0,375,1014,0,0,0,40,0,true,NA,0,1,-165926,0,3,263,1006,false,false,none,false,true,true,true,true
1685,h1500_e15000_s2500_k10_y0,1500,15000,2500,10,0,1,1720,2081,1014,0,1720,1014,0,0,0,40,0,true,NA,0,1,-221266,0,1,1274,1005,false,false,none,false,true,true,true,true
1686,h1500_e15000_s2500_k20_y0,1500,15000,2500,20,0,1,1720,2081,1014,0,1720,1014,0,0,0,40,0,true,NA,0,1,-221266,0,1,1274,1005,false,false,none,false,true,true,true,true
1687,h1500_e15000_s2500_k40_y0,1500,15000,2500,40,0,1,1720,2081,1014,0,1720,1014,0,0,0,40,0,true,NA,0,1,-221266,0,1,1274,1005,false,false,none,false,true,true,true,true
1688,h1500_e15000_s2500_k5_y0,1500,15000,2500,5,0,1,1720,2081,1014,0,1720,1014,0,0,0,40,0,true,NA,0,1,-221266,0,1,1274,1005,false,false,none,false,true,true,true,true
1689,h100_e10000_s20000_k10_y0,100,10000,20000,10,0,13,237,243,1013,0,237,1013,0,0,0,40,0,true,NA,0,1,-77536,0,1,87,1002,false,false,none,false,true,true,true,true
1690,h100_e10000_s20000_k20_y0,100,10000,20000,20,0,13,237,243,1013,0,237,1013,0,0,0,40,0,true,NA,0,1,-77536,0,1,87,1002,false,false,none,false,true,true,true,true
1691,h100_e10000_s20000_k40_y0,100,10000,20000,40,0,13,237,243,1013,0,237,1013,0,0,0,40,0,true,NA,0,1,-77536,0,1,87,1002,false,false,none,false,true,true,true,true
1692,h100_e10000_s20000_k5_y0,100,10000,20000,5,0,13,237,243,1013,0,237,1013,0,0,0,40,0,true,NA,0,1,-77536,0,1,87,1002,false,false,none,false,true,true,true,true
1693,h2000_e40000_s10000_k10_y0,2000,40000,10000,10,0,1,9984,NA,1013,0,9984,1013,0,0,0,40,0,true,NA,0,0,-1277,0,1,1312,1000,false,false,none,false,true,true,true,true
1694,h2000_e40000_s10000_k20_y0,2000,40000,10000,20,0,1,9984,NA,1013,0,9984,1013,0,0,0,40,0,true,NA,0,0,-1277,0,1,1312,1000,false,false,none,false,true,true,true,true
1695,h2000_e40000_s10000_k40_y0,2000,40000,10000,40,0,1,9984,NA,1013,0,9984,1013,0,0,0,40,0,true,NA,0,0,-1277,0,1,1312,1000,false,false,none,false,true,true,true,true
1696,h2000_e40000_s10000_k5_y0,2000,40000,10000,5,0,1,9984,NA,1013,0,9984,1013,0,0,0,40,0,true,NA,0,0,-1277,0,1,1312,1000,false,false,none,false,true,true,true,true
1697,h700_e15000_s5000_k10_y0,700,15000,5000,10,0,2,1029,1149,1012,0,1029,1012,0,0,0,40,0,true,NA,0,1,-115051,0,1,594,1002,false,false,none,false,true,true,true,true
1698,h700_e15000_s5000_k20_y0,700,15000,5000,20,0,2,1029,1149,1012,0,1029,1012,0,0,0,40,0,true,NA,0,1,-115051,0,1,594,1002,false,false,none,false,true,true,true,true
1699,h700_e15000_s5000_k40_y0,700,15000,5000,40,0,2,1029,1149,1012,0,1029,1012,0,0,0,40,0,true,NA,0,1,-115051,0,1,594,1002,false,false,none,false,true,true,true,true
1700,h700_e15000_s5000_k5_y0,700,15000,5000,5,0,2,1029,1149,1012,0,1029,1012,0,0,0,40,0,true,NA,0,1,-115051,0,1,594,1002,false,false,none,false,true,true,true,true
1701,h3000_e50000_s10000_k10_y0,3000,50000,10000,10,0,0,9985,NA,1012,0,9985,1012,0,0,0,40,0,true,NA,0,0,-193,0,0,1771,1000,false,false,none,false,true,true,true,true
1702,h3000_e50000_s10000_k20_y0,3000,50000,10000,20,0,0,9985,NA,1012,0,9985,1012,0,0,0,40,0,true,NA,0,0,-193,0,0,1771,1000,false,false,none,false,true,true,true,true
1703,h3000_e50000_s10000_k40_y0,3000,50000,10000,40,0,0,9985,NA,1012,0,9985,1012,0,0,0,40,0,true,NA,0,0,-193,0,0,1771,1000,false,false,none,false,true,true,true,true
1704,h3000_e50000_s10000_k5_y0,3000,50000,10000,5,0,0,9985,NA,1012,0,9985,1012,0,0,0,40,0,true,NA,0,0,-193,0,0,1771,1000,false,false,none,false,true,true,true,true
1705,h10000_e25000_s2500_k10_y0,10000,25000,2500,10,0,1,9986,NA,1012,0,9986,1012,0,0,0,40,0,true,NA,0,1,-119805,0,1,7682,1001,false,false,none,false,true,true,true,true
1706,h10000_e25000_s2500_k20_y0,10000,25000,2500,20,0,1,9986,NA,1012,0,9986,1012,0,0,0,40,0,true,NA,0,1,-119805,0,1,7682,1001,false,false,none,false,true,true,true,true
1707,h10000_e25000_s2500_k40_y0,10000,25000,2500,40,0,1,9986,NA,1012,0,9986,1012,0,0,0,40,0,true,NA,0,1,-119805,0,1,7682,1001,false,false,none,false,true,true,true,true
1708,h10000_e25000_s2500_k5_y0,10000,25000,2500,5,0,1,9986,NA,1012,0,9986,1012,0,0,0,40,0,true,NA,0,1,-119805,0,1,7682,1001,false,false,none,false,true,true,true,true
1709,h300_e15000_s10000_k10_y0,300,15000,10000,10,0,3,657,705,1011,0,657,1011,0,0,0,40,0,true,NA,0,1,-59635,0,1,254,1001,false,false,none,false,true,true,true,true
1710,h300_e15000_s10000_k20_y0,300,15000,10000,20,0,3,657,705,1011,0,657,1011,0,0,0,40,0,true,NA,0,1,-59635,0,1,254,1001,false,false,none,false,true,true,true,true
1711,h300_e15000_s10000_k40_y0,300,15000,10000,40,0,3,657,705,1011,0,657,1011,0,0,0,40,0,true,NA,0,1,-59635,0,1,254,1001,false,false,none,false,true,true,true,true
1712,h300_e15000_s10000_k5_y0,300,15000,10000,5,0,3,657,705,1011,0,657,1011,0,0,0,40,0,true,NA,0,1,-59635,0,1,254,1001,false,false,none,false,true,true,true,true
1713,h500_e20000_s10000_k10_y0,500,20000,10000,10,0,1,1448,1697,1011,0,1448,1011,0,0,0,40,0,true,NA,0,1,-31503,0,1,404,1000,false,false,none,false,true,true,true,true
1714,h500_e20000_s10000_k20_y0,500,20000,10000,20,0,1,1448,1697,1011,0,1448,1011,0,0,0,40,0,true,NA,0,1,-31503,0,1,404,1000,false,false,none,false,true,true,true,true
1715,h500_e20000_s10000_k40_y0,500,20000,10000,40,0,1,1448,1697,1011,0,1448,1011,0,0,0,40,0,true,NA,0,1,-31503,0,1,404,1000,false,false,none,false,true,true,true,true
1716,h500_e20000_s10000_k5_y0,500,20000,10000,5,0,1,1448,1697,1011,0,1448,1011,0,0,0,40,0,true,NA,0,1,-31503,0,1,404,1000,false,false,none,false,true,true,true,true
1717,h1500_e20000_s5000_k10_y0,1500,20000,5000,10,0,1,2541,3413,1011,0,2541,1011,0,0,0,40,0,true,NA,0,1,-73237,0,1,1213,1001,false,false,none,false,true,true,true,true
1718,h1500_e20000_s5000_k20_y0,1500,20000,5000,20,0,1,2541,3413,1011,0,2541,1011,0,0,0,40,0,true,NA,0,1,-73237,0,1,1213,1001,false,false,none,false,true,true,true,true
1719,h1500_e20000_s5000_k40_y0,1500,20000,5000,40,0,1,2541,3413,1011,0,2541,1011,0,0,0,40,0,true,NA,0,1,-73237,0,1,1213,1001,false,false,none,false,true,true,true,true
1720,h1500_e20000_s5000_k5_y0,1500,20000,5000,5,0,1,2541,3413,1011,0,2541,1011,0,0,0,40,0,true,NA,0,1,-73237,0,1,1213,1001,false,false,none,false,true,true,true,true
1721,h700_e25000_s10000_k10_y0,700,25000,10000,10,0,1,2664,3637,1011,0,2664,1011,0,0,0,40,0,true,NA,0,1,-13989,0,1,537,1000,false,false,none,false,true,true,true,true
1722,h700_e25000_s10000_k20_y0,700,25000,10000,20,0,1,2664,3637,1011,0,2664,1011,0,0,0,40,0,true,NA,0,1,-13989,0,1,537,1000,false,false,none,false,true,true,true,true
1723,h700_e25000_s10000_k40_y0,700,25000,10000,40,0,1,2664,3637,1011,0,2664,1011,0,0,0,40,0,true,NA,0,1,-13989,0,1,537,1000,false,false,none,false,true,true,true,true
1724,h700_e25000_s10000_k5_y0,700,25000,10000,5,0,1,2664,3637,1011,0,2664,1011,0,0,0,40,0,true,NA,0,1,-13989,0,1,537,1000,false,false,none,false,true,true,true,true
1725,h1000_e30000_s10000_k10_y0,1000,30000,10000,10,0,1,4987,9974,1011,0,4987,1011,0,0,0,40,0,true,NA,0,1,-6340,0,1,728,1000,false,false,none,false,true,true,true,true
1726,h1000_e30000_s10000_k20_y0,1000,30000,10000,20,0,1,4987,9974,1011,0,4987,1011,0,0,0,40,0,true,NA,0,1,-6340,0,1,728,1000,false,false,none,false,true,true,true,true
1727,h1000_e30000_s10000_k40_y0,1000,30000,10000,40,0,1,4987,9974,1011,0,4987,1011,0,0,0,40,0,true,NA,0,1,-6340,0,1,728,1000,false,false,none,false,true,true,true,true
1728,h1000_e30000_s10000_k5_y0,1000,30000,10000,5,0,1,4987,9974,1011,0,4987,1011,0,0,0,40,0,true,NA,0,1,-6340,0,1,728,1000,false,false,none,false,true,true,true,true
1729,h3000_e25000_s5000_k10_y0,3000,25000,5000,10,0,1,5823,13986,1011,0,5823,1011,0,0,0,40,0,true,NA,0,1,-43522,0,1,2304,1000,false,false,none,false,true,true,true,true
1730,h3000_e25000_s5000_k20_y0,3000,25000,5000,20,0,1,5823,13986,1011,0,5823,1011,0,0,0,40,0,true,NA,0,1,-43522,0,1,2304,1000,false,false,none,false,true,true,true,true
1731,h3000_e25000_s5000_k40_y0,3000,25000,5000,40,0,1,5823,13986,1011,0,5823,1011,0,0,0,40,0,true,NA,0,1,-43522,0,1,2304,1000,false,false,none,false,true,true,true,true
1732,h3000_e25000_s5000_k5_y0,3000,25000,5000,5,0,1,5823,13986,1011,0,5823,1011,0,0,0,40,0,true,NA,0,1,-43522,0,1,2304,1000,false,false,none,false,true,true,true,true
1733,h300_e10000_s2500_k10_y0,300,10000,2500,10,0,7,319,330,1010,0,319,1010,0,0,0,40,0,true,NA,0,1,-154914,0,3,263,1006,false,false,none,false,true,true,true,true
1734,h300_e10000_s2500_k20_y0,300,10000,2500,20,0,7,319,330,1010,0,319,1010,0,0,0,40,0,true,NA,0,1,-154914,0,3,263,1006,false,false,none,false,true,true,true,true
1735,h300_e10000_s2500_k40_y0,300,10000,2500,40,0,7,319,330,1010,0,319,1010,0,0,0,40,0,true,NA,0,1,-154914,0,3,263,1006,false,false,none,false,true,true,true,true
1736,h300_e10000_s2500_k5_y0,300,10000,2500,5,0,7,319,330,1010,0,319,1010,0,0,0,40,0,true,NA,0,1,-154914,0,3,263,1006,false,false,none,false,true,true,true,true
1737,h100_e50000_s20000_k10_y0,100,50000,20000,10,0,0,9988,NA,1010,0,9988,1010,0,0,0,40,0,true,NA,0,0,-19,0,0,59,1000,false,false,none,false,true,true,true,true
1738,h100_e50000_s20000_k20_y0,100,50000,20000,20,0,0,9988,NA,1010,0,9988,1010,0,0,0,40,0,true,NA,0,0,-19,0,0,59,1000,false,false,none,false,true,true,true,true
1739,h100_e50000_s20000_k40_y0,100,50000,20000,40,0,0,9988,NA,1010,0,9988,1010,0,0,0,40,0,true,NA,0,0,-19,0,0,59,1000,false,false,none,false,true,true,true,true
1740,h100_e50000_s20000_k5_y0,100,50000,20000,5,0,0,9988,NA,1010,0,9988,1010,0,0,0,40,0,true,NA,0,0,-19,0,0,59,1000,false,false,none,false,true,true,true,true
1741,h5000_e70000_s10000_k10_y0,5000,70000,10000,10,0,0,9988,NA,1010,0,9988,1010,0,0,0,40,0,true,NA,0,0,-4,0,0,2391,1000,false,false,none,false,true,true,true,true
1742,h5000_e70000_s10000_k20_y0,5000,70000,10000,20,0,0,9988,NA,1010,0,9988,1010,0,0,0,40,0,true,NA,0,0,-4,0,0,2391,1000,false,false,none,false,true,true,true,true
1743,h5000_e70000_s10000_k40_y0,5000,70000,10000,40,0,0,9988,NA,1010,0,9988,1010,0,0,0,40,0,true,NA,0,0,-4,0,0,2391,1000,false,false,none,false,true,true,true,true
1744,h5000_e70000_s10000_k5_y0,5000,70000,10000,5,0,0,9988,NA,1010,0,9988,1010,0,0,0,40,0,true,NA,0,0,-4,0,0,2391,1000,false,false,none,false,true,true,true,true
1745,h1500_e40000_s10000_k10_y0,1500,40000,10000,10,0,1,9988,NA,1010,0,9988,1010,0,0,0,40,0,true,NA,0,0,-958,0,1,984,1000,false,false,none,false,true,true,true,true
1746,h1500_e40000_s10000_k20_y0,1500,40000,10000,20,0,1,9988,NA,1010,0,9988,1010,0,0,0,40,0,true,NA,0,0,-958,0,1,984,1000,false,false,none,false,true,true,true,true
1747,h1500_e40000_s10000_k40_y0,1500,40000,10000,40,0,1,9988,NA,1010,0,9988,1010,0,0,0,40,0,true,NA,0,0,-958,0,1,984,1000,false,false,none,false,true,true,true,true
1748,h1500_e40000_s10000_k5_y0,1500,40000,10000,5,0,1,9988,NA,1010,0,9988,1010,0,0,0,40,0,true,NA,0,0,-958,0,1,984,1000,false,false,none,false,true,true,true,true
1749,h5000_e30000_s5000_k10_y0,5000,30000,5000,10,0,1,9988,NA,1010,0,9988,1010,0,0,0,40,0,true,NA,0,1,-21598,0,1,3644,1000,false,false,none,false,true,true,true,true
1750,h5000_e30000_s5000_k20_y0,5000,30000,5000,20,0,1,9988,NA,1010,0,9988,1010,0,0,0,40,0,true,NA,0,1,-21598,0,1,3644,1000,false,false,none,false,true,true,true,true
1751,h5000_e30000_s5000_k40_y0,5000,30000,5000,40,0,1,9988,NA,1010,0,9988,1010,0,0,0,40,0,true,NA,0,1,-21598,0,1,3644,1000,false,false,none,false,true,true,true,true
1752,h5000_e30000_s5000_k5_y0,5000,30000,5000,5,0,1,9988,NA,1010,0,9988,1010,0,0,0,40,0,true,NA,0,1,-21598,0,1,3644,1000,false,false,none,false,true,true,true,true
1753,h100_e15000_s20000_k10_y0,100,15000,20000,10,0,4,389,405,1009,0,389,1009,0,0,0,40,0,true,NA,0,1,-27336,0,1,84,1000,false,false,none,false,true,true,true,true
1754,h100_e15000_s20000_k20_y0,100,15000,20000,20,0,4,389,405,1009,0,389,1009,0,0,0,40,0,true,NA,0,1,-27336,0,1,84,1000,false,false,none,false,true,true,true,true
1755,h100_e15000_s20000_k40_y0,100,15000,20000,40,0,4,389,405,1009,0,389,1009,0,0,0,40,0,true,NA,0,1,-27336,0,1,84,1000,false,false,none,false,true,true,true,true
1756,h100_e15000_s20000_k5_y0,100,15000,20000,5,0,4,389,405,1009,0,389,1009,0,0,0,40,0,true,NA,0,1,-27336,0,1,84,1000,false,false,none,false,true,true,true,true
1757,h1000_e15000_s2500_k10_y0,1000,15000,2500,10,0,2,1146,1297,1009,0,1146,1009,0,0,0,40,0,true,NA,0,1,-148016,0,1,849,1003,false,false,none,false,true,true,true,true
1758,h1000_e15000_s2500_k20_y0,1000,15000,2500,20,0,2,1146,1297,1009,0,1146,1009,0,0,0,40,0,true,NA,0,1,-148016,0,1,849,1003,false,false,none,false,true,true,true,true
1759,h1000_e15000_s2500_k40_y0,1000,15000,2500,40,0,2,1146,1297,1009,0,1146,1009,0,0,0,40,0,true,NA,0,1,-148016,0,1,849,1003,false,false,none,false,true,true,true,true
1760,h1000_e15000_s2500_k5_y0,1000,15000,2500,5,0,2,1146,1297,1009,0,1146,1009,0,0,0,40,0,true,NA,0,1,-148016,0,1,849,1003,false,false,none,false,true,true,true,true
1761,h3000_e20000_s2500_k10_y0,3000,20000,2500,10,0,1,3635,5722,1009,0,3635,1009,0,0,0,40,0,true,NA,0,1,-126889,0,1,2427,1002,false,false,none,false,true,true,true,true
1762,h3000_e20000_s2500_k20_y0,3000,20000,2500,20,0,1,3635,5722,1009,0,3635,1009,0,0,0,40,0,true,NA,0,1,-126889,0,1,2427,1002,false,false,none,false,true,true,true,true
1763,h3000_e20000_s2500_k40_y0,3000,20000,2500,40,0,1,3635,5722,1009,0,3635,1009,0,0,0,40,0,true,NA,0,1,-126889,0,1,2427,1002,false,false,none,false,true,true,true,true
1764,h3000_e20000_s2500_k5_y0,3000,20000,2500,5,0,1,3635,5722,1009,0,3635,1009,0,0,0,40,0,true,NA,0,1,-126889,0,1,2427,1002,false,false,none,false,true,true,true,true
1765,h100_e20000_s20000_k10_y0,100,20000,20000,10,0,1,626,668,1008,0,626,1008,0,0,0,40,0,true,NA,0,1,-9639,0,1,80,1000,false,false,none,false,true,true,true,true
1766,h100_e20000_s20000_k20_y0,100,20000,20000,20,0,1,626,668,1008,0,626,1008,0,0,0,40,0,true,NA,0,1,-9639,0,1,80,1000,false,false,none,false,true,true,true,true
1767,h100_e20000_s20000_k40_y0,100,20000,20000,40,0,1,626,668,1008,0,626,1008,0,0,0,40,0,true,NA,0,1,-9639,0,1,80,1000,false,false,none,false,true,true,true,true
1768,h100_e20000_s20000_k5_y0,100,20000,20000,5,0,1,626,668,1008,0,626,1008,0,0,0,40,0,true,NA,0,1,-9639,0,1,80,1000,false,false,none,false,true,true,true,true
1769,h500_e15000_s5000_k10_y0,500,15000,5000,10,0,2,735,794,1008,0,735,1008,0,0,0,40,0,true,NA,0,1,-82303,0,1,424,1001,false,false,none,false,true,true,true,true
1770,h500_e15000_s5000_k20_y0,500,15000,5000,20,0,2,735,794,1008,0,735,1008,0,0,0,40,0,true,NA,0,1,-82303,0,1,424,1001,false,false,none,false,true,true,true,true
1771,h500_e15000_s5000_k40_y0,500,15000,5000,40,0,2,735,794,1008,0,735,1008,0,0,0,40,0,true,NA,0,1,-82303,0,1,424,1001,false,false,none,false,true,true,true,true
1772,h500_e15000_s5000_k5_y0,500,15000,5000,5,0,2,735,794,1008,0,735,1008,0,0,0,40,0,true,NA,0,1,-82303,0,1,424,1001,false,false,none,false,true,true,true,true
1773,h500_e25000_s10000_k10_y0,500,25000,10000,10,0,1,1902,2352,1008,0,1902,1008,0,0,0,40,0,true,NA,0,1,-10003,0,1,384,1000,false,false,none,false,true,true,true,true
1774,h500_e25000_s10000_k20_y0,500,25000,10000,20,0,1,1902,2352,1008,0,1902,1008,0,0,0,40,0,true,NA,0,1,-10003,0,1,384,1000,false,false,none,false,true,true,true,true
1775,h500_e25000_s10000_k40_y0,500,25000,10000,40,0,1,1902,2352,1008,0,1902,1008,0,0,0,40,0,true,NA,0,1,-10003,0,1,384,1000,false,false,none,false,true,true,true,true
1776,h500_e25000_s10000_k5_y0,500,25000,10000,5,0,1,1902,2352,1008,0,1902,1008,0,0,0,40,0,true,NA,0,1,-10003,0,1,384,1000,false,false,none,false,true,true,true,true
1777,h700_e30000_s10000_k10_y0,700,30000,10000,10,0,1,3491,5370,1008,0,3491,1008,0,0,0,40,0,true,NA,0,1,-4442,0,1,510,1000,false,false,none,false,true,true,true,true
1778,h700_e30000_s10000_k20_y0,700,30000,10000,20,0,1,3491,5370,1008,0,3491,1008,0,0,0,40,0,true,NA,0,1,-4442,0,1,510,1000,false,false,none,false,true,true,true,true
1779,h700_e30000_s10000_k40_y0,700,30000,10000,40,0,1,3491,5370,1008,0,3491,1008,0,0,0,40,0,true,NA,0,1,-4442,0,1,510,1000,false,false,none,false,true,true,true,true
1780,h700_e30000_s10000_k5_y0,700,30000,10000,5,0,1,3491,5370,1008,0,3491,1008,0,0,0,40,0,true,NA,0,1,-4442,0,1,510,1000,false,false,none,false,true,true,true,true
1781,h100_e40000_s20000_k10_y0,100,40000,20000,10,0,1,4023,6742,1008,0,4023,1008,0,0,0,40,0,true,NA,0,0,-149,0,1,65,1000,false,false,none,false,true,true,true,true
1782,h100_e40000_s20000_k20_y0,100,40000,20000,20,0,1,4023,6742,1008,0,4023,1008,0,0,0,40,0,true,NA,0,0,-149,0,1,65,1000,false,false,none,false,true,true,true,true
1783,h100_e40000_s20000_k40_y0,100,40000,20000,40,0,1,4023,6742,1008,0,4023,1008,0,0,0,40,0,true,NA,0,0,-149,0,1,65,1000,false,false,none,false,true,true,true,true
1784,h100_e40000_s20000_k5_y0,100,40000,20000,5,0,1,4023,6742,1008,0,4023,1008,0,0,0,40,0,true,NA,0,0,-149,0,1,65,1000,false,false,none,false,true,true,true,true
1785,h2000_e50000_s10000_k10_y0,2000,50000,10000,10,0,0,9990,NA,1008,0,9990,1008,0,0,0,40,0,true,NA,0,0,-129,0,0,1180,1000,false,false,none,false,true,true,true,true
1786,h2000_e50000_s10000_k20_y0,2000,50000,10000,20,0,0,9990,NA,1008,0,9990,1008,0,0,0,40,0,true,NA,0,0,-129,0,0,1180,1000,false,false,none,false,true,true,true,true
1787,h2000_e50000_s10000_k40_y0,2000,50000,10000,40,0,0,9990,NA,1008,0,9990,1008,0,0,0,40,0,true,NA,0,0,-129,0,0,1180,1000,false,false,none,false,true,true,true,true
1788,h2000_e50000_s10000_k5_y0,2000,50000,10000,5,0,0,9990,NA,1008,0,9990,1008,0,0,0,40,0,true,NA,0,0,-129,0,0,1180,1000,false,false,none,false,true,true,true,true
1789,h100_e10000_s10000_k10_y0,100,10000,10000,10,0,8,162,165,1007,0,162,1007,0,0,0,40,0,true,NA,0,1,-62791,0,1,87,1002,false,false,none,false,true,true,true,true
1790,h100_e10000_s10000_k20_y0,100,10000,10000,20,0,8,162,165,1007,0,162,1007,0,0,0,40,0,true,NA,0,1,-62791,0,1,87,1002,false,false,none,false,true,true,true,true
1791,h100_e10000_s10000_k40_y0,100,10000,10000,40,0,8,162,165,1007,0,162,1007,0,0,0,40,0,true,NA,0,1,-62791,0,1,87,1002,false,false,none,false,true,true,true,true
1792,h100_e10000_s10000_k5_y0,100,10000,10000,5,0,8,162,165,1007,0,162,1007,0,0,0,40,0,true,NA,0,1,-62791,0,1,87,1002,false,false,none,false,true,true,true,true
1793,h300_e20000_s10000_k10_y0,300,20000,10000,10,0,1,869,952,1007,0,869,1007,0,0,0,40,0,true,NA,0,1,-18930,0,1,242,1000,false,false,none,false,true,true,true,true
1794,h300_e20000_s10000_k20_y0,300,20000,10000,20,0,1,869,952,1007,0,869,1007,0,0,0,40,0,true,NA,0,1,-18930,0,1,242,1000,false,false,none,false,true,true,true,true
1795,h300_e20000_s10000_k40_y0,300,20000,10000,40,0,1,869,952,1007,0,869,1007,0,0,0,40,0,true,NA,0,1,-18930,0,1,242,1000,false,false,none,false,true,true,true,true
1796,h300_e20000_s10000_k5_y0,300,20000,10000,5,0,1,869,952,1007,0,869,1007,0,0,0,40,0,true,NA,0,1,-18930,0,1,242,1000,false,false,none,false,true,true,true,true
1797,h100_e25000_s20000_k10_y0,100,25000,20000,10,0,1,999,1111,1007,0,999,1007,0,0,0,40,0,true,NA,0,1,-3399,0,1,76,1000,false,false,none,false,true,true,true,true
1798,h100_e25000_s20000_k20_y0,100,25000,20000,20,0,1,999,1111,1007,0,999,1007,0,0,0,40,0,true,NA,0,1,-3399,0,1,76,1000,false,false,none,false,true,true,true,true
1799,h100_e25000_s20000_k40_y0,100,25000,20000,40,0,1,999,1111,1007,0,999,1007,0,0,0,40,0,true,NA,0,1,-3399,0,1,76,1000,false,false,none,false,true,true,true,true
1800,h100_e25000_s20000_k5_y0,100,25000,20000,5,0,1,999,1111,1007,0,999,1007,0,0,0,40,0,true,NA,0,1,-3399,0,1,76,1000,false,false,none,false,true,true,true,true
1801,h100_e30000_s20000_k10_y0,100,30000,20000,10,0,1,1591,1895,1007,0,1591,1007,0,0,0,40,0,true,NA,0,1,-1199,0,1,72,1000,false,false,none,false,true,true,true,true
1802,h100_e30000_s20000_k20_y0,100,30000,20000,20,0,1,1591,1895,1007,0,1591,1007,0,0,0,40,0,true,NA,0,1,-1199,0,1,72,1000,false,false,none,false,true,true,true,true
1803,h100_e30000_s20000_k40_y0,100,30000,20000,40,0,1,1591,1895,1007,0,1591,1007,0,0,0,40,0,true,NA,0,1,-1199,0,1,72,1000,false,false,none,false,true,true,true,true
1804,h100_e30000_s20000_k5_y0,100,30000,20000,5,0,1,1591,1895,1007,0,1591,1007,0,0,0,40,0,true,NA,0,1,-1199,0,1,72,1000,false,false,none,false,true,true,true,true
1805,h1000_e20000_s5000_k10_y0,1000,20000,5000,10,0,1,1694,2041,1007,0,1694,1007,0,0,0,40,0,true,NA,0,1,-48961,0,1,809,1000,false,false,none,false,true,true,true,true
1806,h1000_e20000_s5000_k20_y0,1000,20000,5000,20,0,1,1694,2041,1007,0,1694,1007,0,0,0,40,0,true,NA,0,1,-48961,0,1,809,1000,false,false,none,false,true,true,true,true
1807,h1000_e20000_s5000_k40_y0,1000,20000,5000,40,0,1,1694,2041,1007,0,1694,1007,0,0,0,40,0,true,NA,0,1,-48961,0,1,809,1000,false,false,none,false,true,true,true,true
1808,h1000_e20000_s5000_k5_y0,1000,20000,5000,5,0,1,1694,2041,1007,0,1694,1007,0,0,0,40,0,true,NA,0,1,-48961,0,1,809,1000,false,false,none,false,true,true,true,true
1809,h2000_e25000_s5000_k10_y0,2000,25000,5000,10,0,1,3882,6354,1007,0,3882,1007,0,0,0,40,0,true,NA,0,1,-29121,0,1,1536,1000,false,false,none,false,true,true,true,true
1810,h2000_e25000_s5000_k20_y0,2000,25000,5000,20,0,1,3882,6354,1007,0,3882,1007,0,0,0,40,0,true,NA,0,1,-29121,0,1,1536,1000,false,false,none,false,true,true,true,true
1811,h2000_e25000_s5000_k40_y0,2000,25000,5000,40,0,1,3882,6354,1007,0,3882,1007,0,0,0,40,0,true,NA,0,1,-29121,0,1,1536,1000,false,false,none,false,true,true,true,true
1812,h2000_e25000_s5000_k5_y0,2000,25000,5000,5,0,1,3882,6354,1007,0,3882,1007,0,0,0,40,0,true,NA,0,1,-29121,0,1,1536,1000,false,false,none,false,true,true,true,true
1813,h10000_e100000_s10000_k10_y0,10000,100000,10000,10,0,0,9991,NA,1007,0,9991,1007,0,0,0,40,0,true,NA,0,0,-1,0,0,3486,1000,false,false,none,false,true,true,true,true
1814,h10000_e100000_s10000_k20_y0,10000,100000,10000,20,0,0,9991,NA,1007,0,9991,1007,0,0,0,40,0,true,NA,0,0,-1,0,0,3486,1000,false,false,none,false,true,true,true,true
1815,h10000_e100000_s10000_k40_y0,10000,100000,10000,40,0,0,9991,NA,1007,0,9991,1007,0,0,0,40,0,true,NA,0,0,-1,0,0,3486,1000,false,false,none,false,true,true,true,true
1816,h10000_e100000_s10000_k5_y0,10000,100000,10000,5,0,0,9991,NA,1007,0,9991,1007,0,0,0,40,0,true,NA,0,0,-1,0,0,3486,1000,false,false,none,false,true,true,true,true
1817,h700_e15000_s2500_k10_y0,700,15000,2500,10,0,2,802,873,1006,0,802,1006,0,0,0,40,0,true,NA,0,1,-103807,0,1,594,1002,false,false,none,false,true,true,true,true
1818,h700_e15000_s2500_k20_y0,700,15000,2500,20,0,2,802,873,1006,0,802,1006,0,0,0,40,0,true,NA,0,1,-103807,0,1,594,1002,false,false,none,false,true,true,true,true
1819,h700_e15000_s2500_k40_y0,700,15000,2500,40,0,2,802,873,1006,0,802,1006,0,0,0,40,0,true,NA,0,1,-103807,0,1,594,1002,false,false,none,false,true,true,true,true
1820,h700_e15000_s2500_k5_y0,700,15000,2500,5,0,2,802,873,1006,0,802,1006,0,0,0,40,0,true,NA,0,1,-103807,0,1,594,1002,false,false,none,false,true,true,true,true
1821,h2000_e20000_s2500_k10_y0,2000,20000,2500,10,0,1,2423,3202,1006,0,2423,1006,0,0,0,40,0,true,NA,0,1,-84975,0,1,1618,1001,false,false,none,false,true,true,true,true
1822,h2000_e20000_s2500_k20_y0,2000,20000,2500,20,0,1,2423,3202,1006,0,2423,1006,0,0,0,40,0,true,NA,0,1,-84975,0,1,1618,1001,false,false,none,false,true,true,true,true
1823,h2000_e20000_s2500_k40_y0,2000,20000,2500,40,0,1,2423,3202,1006,0,2423,1006,0,0,0,40,0,true,NA,0,1,-84975,0,1,1618,1001,false,false,none,false,true,true,true,true
1824,h2000_e20000_s2500_k5_y0,2000,20000,2500,5,0,1,2423,3202,1006,0,2423,1006,0,0,0,40,0,true,NA,0,1,-84975,0,1,1618,1001,false,false,none,false,true,true,true,true
1825,h5000_e25000_s2500_k10_y0,5000,25000,2500,10,0,1,6374,17616,1006,0,6374,1006,0,0,0,40,0,true,NA,0,1,-60796,0,1,3841,1000,false,false,none,false,true,true,true,true
1826,h5000_e25000_s2500_k20_y0,5000,25000,2500,20,0,1,6374,17616,1006,0,6374,1006,0,0,0,40,0,true,NA,0,1,-60796,0,1,3841,1000,false,false,none,false,true,true,true,true
1827,h5000_e25000_s2500_k40_y0,5000,25000,2500,40,0,1,6374,17616,1006,0,6374,1006,0,0,0,40,0,true,NA,0,1,-60796,0,1,3841,1000,false,false,none,false,true,true,true,true
1828,h5000_e25000_s2500_k5_y0,5000,25000,2500,5,0,1,6374,17616,1006,0,6374,1006,0,0,0,40,0,true,NA,0,1,-60796,0,1,3841,1000,false,false,none,false,true,true,true,true
1829,h3000_e30000_s5000_k10_y0,3000,30000,5000,10,0,1,6660,19984,1006,0,6660,1006,0,0,0,40,0,true,NA,0,1,-13019,0,1,2186,1000,false,false,none,false,true,true,true,true
1830,h3000_e30000_s5000_k20_y0,3000,30000,5000,20,0,1,6660,19984,1006,0,6660,1006,0,0,0,40,0,true,NA,0,1,-13019,0,1,2186,1000,false,false,none,false,true,true,true,true
1831,h3000_e30000_s5000_k40_y0,3000,30000,5000,40,0,1,6660,19984,1006,0,6660,1006,0,0,0,40,0,true,NA,0,1,-13019,0,1,2186,1000,false,false,none,false,true,true,true,true
1832,h3000_e30000_s5000_k5_y0,3000,30000,5000,5,0,1,6660,19984,1006,0,6660,1006,0,0,0,40,0,true,NA,0,1,-13019,0,1,2186,1000,false,false,none,false,true,true,true,true
1833,h1000_e40000_s10000_k10_y0,1000,40000,10000,10,0,1,8542,58929,1006,0,8542,1006,0,0,0,40,0,true,NA,0,0,-639,0,1,656,1000,false,false,none,false,true,true,true,true
1834,h1000_e40000_s10000_k20_y0,1000,40000,10000,20,0,1,8542,58929,1006,0,8542,1006,0,0,0,40,0,true,NA,0,0,-639,0,1,656,1000,false,false,none,false,true,true,true,true
1835,h1000_e40000_s10000_k40_y0,1000,40000,10000,40,0,1,8542,58929,1006,0,8542,1006,0,0,0,40,0,true,NA,0,0,-639,0,1,656,1000,false,false,none,false,true,true,true,true
1836,h1000_e40000_s10000_k5_y0,1000,40000,10000,5,0,1,8542,58929,1006,0,8542,1006,0,0,0,40,0,true,NA,0,0,-639,0,1,656,1000,false,false,none,false,true,true,true,true
1837,h1500_e50000_s10000_k10_y0,1500,50000,10000,10,0,0,9992,NA,1006,0,9992,1006,0,0,0,40,0,true,NA,0,0,-97,0,0,885,1000,false,false,none,false,true,true,true,true
1838,h1500_e50000_s10000_k20_y0,1500,50000,10000,20,0,0,9992,NA,1006,0,9992,1006,0,0,0,40,0,true,NA,0,0,-97,0,0,885,1000,false,false,none,false,true,true,true,true
1839,h1500_e50000_s10000_k40_y0,1500,50000,10000,40,0,0,9992,NA,1006,0,9992,1006,0,0,0,40,0,true,NA,0,0,-97,0,0,885,1000,false,false,none,false,true,true,true,true
1840,h1500_e50000_s10000_k5_y0,1500,50000,10000,5,0,0,9992,NA,1006,0,9992,1006,0,0,0,40,0,true,NA,0,0,-97,0,0,885,1000,false,false,none,false,true,true,true,true
1841,h10000_e40000_s5000_k10_y0,10000,40000,5000,10,0,1,9992,NA,1006,0,9992,1006,0,0,0,40,0,true,NA,0,1,-3845,0,1,6560,1000,false,false,none,false,true,true,true,true
1842,h10000_e40000_s5000_k20_y0,10000,40000,5000,20,0,1,9992,NA,1006,0,9992,1006,0,0,0,40,0,true,NA,0,1,-3845,0,1,6560,1000,false,false,none,false,true,true,true,true
1843,h10000_e40000_s5000_k40_y0,10000,40000,5000,40,0,1,9992,NA,1006,0,9992,1006,0,0,0,40,0,true,NA,0,1,-3845,0,1,6560,1000,false,false,none,false,true,true,true,true
1844,h10000_e40000_s5000_k5_y0,10000,40000,5000,5,0,1,9992,NA,1006,0,9992,1006,0,0,0,40,0,true,NA,0,1,-3845,0,1,6560,1000,false,false,none,false,true,true,true,true
1845,h3000_e70000_s10000_k10_y0,3000,70000,10000,10,0,0,9993,NA,1006,0,9993,1006,0,0,0,40,0,true,NA,0,0,-2,0,0,1434,1000,false,false,none,false,true,true,true,true
1846,h3000_e70000_s10000_k20_y0,3000,70000,10000,20,0,0,9993,NA,1006,0,9993,1006,0,0,0,40,0,true,NA,0,0,-2,0,0,1434,1000,false,false,none,false,true,true,true,true
1847,h3000_e70000_s10000_k40_y0,3000,70000,10000,40,0,0,9993,NA,1006,0,9993,1006,0,0,0,40,0,true,NA,0,0,-2,0,0,1434,1000,false,false,none,false,true,true,true,true
1848,h3000_e70000_s10000_k5_y0,3000,70000,10000,5,0,0,9993,NA,1006,0,9993,1006,0,0,0,40,0,true,NA,0,0,-2,0,0,1434,1000,false,false,none,false,true,true,true,true
1849,h300_e15000_s5000_k10_y0,300,15000,5000,10,0,2,441,461,1005,0,441,1005,0,0,0,40,0,true,NA,0,1,-49463,0,1,254,1001,false,false,none,false,true,true,true,true
1850,h300_e15000_s5000_k20_y0,300,15000,5000,20,0,2,441,461,1005,0,441,1005,0,0,0,40,0,true,NA,0,1,-49463,0,1,254,1001,false,false,none,false,true,true,true,true
1851,h300_e15000_s5000_k40_y0,300,15000,5000,40,0,2,441,461,1005,0,441,1005,0,0,0,40,0,true,NA,0,1,-49463,0,1,254,1001,false,false,none,false,true,true,true,true
1852,h300_e15000_s5000_k5_y0,300,15000,5000,5,0,2,441,461,1005,0,441,1005,0,0,0,40,0,true,NA,0,1,-49463,0,1,254,1001,false,false,none,false,true,true,true,true
1853,h700_e20000_s5000_k10_y0,700,20000,5000,10,0,1,1185,1346,1005,0,1185,1005,0,0,0,40,0,true,NA,0,1,-34328,0,1,566,1000,false,false,none,false,true,true,true,true
1854,h700_e20000_s5000_k20_y0,700,20000,5000,20,0,1,1185,1346,1005,0,1185,1005,0,0,0,40,0,true,NA,0,1,-34328,0,1,566,1000,false,false,none,false,true,true,true,true
1855,h700_e20000_s5000_k40_y0,700,20000,5000,40,0,1,1185,1346,1005,0,1185,1005,0,0,0,40,0,true,NA,0,1,-34328,0,1,566,1000,false,false,none,false,true,true,true,true
1856,h700_e20000_s5000_k5_y0,700,20000,5000,5,0,1,1185,1346,1005,0,1185,1005,0,0,0,40,0,true,NA,0,1,-34328,0,1,566,1000,false,false,none,false,true,true,true,true
1857,h500_e30000_s10000_k10_y0,500,30000,10000,10,0,1,2493,3324,1005,0,2493,1005,0,0,0,40,0,true,NA,0,1,-3175,0,1,364,1000,false,false,none,false,true,true,true,true
1858,h500_e30000_s10000_k20_y0,500,30000,10000,20,0,1,2493,3324,1005,0,2493,1005,0,0,0,40,0,true,NA,0,1,-3175,0,1,364,1000,false,false,none,false,true,true,true,true
1859,h500_e30000_s10000_k40_y0,500,30000,10000,40,0,1,2493,3324,1005,0,2493,1005,0,0,0,40,0,true,NA,0,1,-3175,0,1,364,1000,false,false,none,false,true,true,true,true
1860,h500_e30000_s10000_k5_y0,500,30000,10000,5,0,1,2493,3324,1005,0,2493,1005,0,0,0,40,0,true,NA,0,1,-3175,0,1,364,1000,false,false,none,false,true,true,true,true
1861,h1500_e25000_s5000_k10_y0,1500,25000,5000,10,0,1,2911,4111,1005,0,2911,1005,0,0,0,40,0,true,NA,0,1,-21881,0,1,1152,1000,false,false,none,false,true,true,true,true
1862,h1500_e25000_s5000_k20_y0,1500,25000,5000,20,0,1,2911,4111,1005,0,2911,1005,0,0,0,40,0,true,NA,0,1,-21881,0,1,1152,1000,false,false,none,false,true,true,true,true
1863,h1500_e25000_s5000_k40_y0,1500,25000,5000,40,0,1,2911,4111,1005,0,2911,1005,0,0,0,40,0,true,NA,0,1,-21881,0,1,1152,1000,false,false,none,false,true,true,true,true
1864,h1500_e25000_s5000_k5_y0,1500,25000,5000,5,0,1,2911,4111,1005,0,2911,1005,0,0,0,40,0,true,NA,0,1,-21881,0,1,1152,1000,false,false,none,false,true,true,true,true
1865,h10000_e30000_s2500_k10_y0,10000,30000,2500,10,0,1,9994,NA,1005,0,9994,1005,0,0,0,40,0,true,NA,0,1,-34873,0,1,7289,1000,false,false,none,false,true,true,true,true
1866,h10000_e30000_s2500_k20_y0,10000,30000,2500,20,0,1,9994,NA,1005,0,9994,1005,0,0,0,40,0,true,NA,0,1,-34873,0,1,7289,1000,false,false,none,false,true,true,true,true
1867,h10000_e30000_s2500_k40_y0,10000,30000,2500,40,0,1,9994,NA,1005,0,9994,1005,0,0,0,40,0,true,NA,0,1,-34873,0,1,7289,1000,false,false,none,false,true,true,true,true
1868,h10000_e30000_s2500_k5_y0,10000,30000,2500,5,0,1,9994,NA,1005,0,9994,1005,0,0,0,40,0,true,NA,0,1,-34873,0,1,7289,1000,false,false,none,false,true,true,true,true
1869,h100_e10000_s5000_k10_y0,100,10000,5000,10,0,5,125,126,1004,0,125,1004,0,0,0,40,0,true,NA,0,1,-55419,0,1,87,1002,false,false,none,false,true,true,true,true
1870,h100_e10000_s5000_k20_y0,100,10000,5000,20,0,5,125,126,1004,0,125,1004,0,0,0,40,0,true,NA,0,1,-55419,0,1,87,1002,false,false,none,false,true,true,true,true
1871,h100_e10000_s5000_k40_y0,100,10000,5000,40,0,5,125,126,1004,0,125,1004,0,0,0,40,0,true,NA,0,1,-55419,0,1,87,1002,false,false,none,false,true,true,true,true
1872,h100_e10000_s5000_k5_y0,100,10000,5000,5,0,5,125,126,1004,0,125,1004,0,0,0,40,0,true,NA,0,1,-55419,0,1,87,1002,false,false,none,false,true,true,true,true
1873,h500_e15000_s2500_k10_y0,500,15000,2500,10,0,2,573,608,1004,0,573,1004,0,0,0,40,0,true,NA,0,1,-74252,0,1,424,1001,false,false,none,false,true,true,true,true
1874,h500_e15000_s2500_k20_y0,500,15000,2500,20,0,2,573,608,1004,0,573,1004,0,0,0,40,0,true,NA,0,1,-74252,0,1,424,1001,false,false,none,false,true,true,true,true
1875,h500_e15000_s2500_k40_y0,500,15000,2500,40,0,2,573,608,1004,0,573,1004,0,0,0,40,0,true,NA,0,1,-74252,0,1,424,1001,false,false,none,false,true,true,true,true
1876,h500_e15000_s2500_k5_y0,500,15000,2500,5,0,2,573,608,1004,0,573,1004,0,0,0,40,0,true,NA,0,1,-74252,0,1,424,1001,false,false,none,false,true,true,true,true
1877,h300_e25000_s10000_k10_y0,300,25000,10000,10,0,1,1141,1289,1004,0,1141,1004,0,0,0,40,0,true,NA,0,1,-6008,0,1,230,1000,false,false,none,false,true,true,true,true
1878,h300_e25000_s10000_k20_y0,300,25000,10000,20,0,1,1141,1289,1004,0,1141,1004,0,0,0,40,0,true,NA,0,1,-6008,0,1,230,1000,false,false,none,false,true,true,true,true
1879,h300_e25000_s10000_k40_y0,300,25000,10000,40,0,1,1141,1289,1004,0,1141,1004,0,0,0,40,0,true,NA,0,1,-6008,0,1,230,1000,false,false,none,false,true,true,true,true
1880,h300_e25000_s10000_k5_y0,300,25000,10000,5,0,1,1141,1289,1004,0,1141,1004,0,0,0,40,0,true,NA,0,1,-6008,0,1,230,1000,false,false,none,false,true,true,true,true
1881,h1500_e20000_s2500_k10_y0,1500,20000,2500,10,0,1,1817,2223,1004,0,1817,1004,0,0,0,40,0,true,NA,0,1,-63881,0,1,1213,1001,false,false,none,false,true,true,true,true
1882,h1500_e20000_s2500_k20_y0,1500,20000,2500,20,0,1,1817,2223,1004,0,1817,1004,0,0,0,40,0,true,NA,0,1,-63881,0,1,1213,1001,false,false,none,false,true,true,true,true
1883,h1500_e20000_s2500_k40_y0,1500,20000,2500,40,0,1,1817,2223,1004,0,1817,1004,0,0,0,40,0,true,NA,0,1,-63881,0,1,1213,1001,false,false,none,false,true,true,true,true
1884,h1500_e20000_s2500_k5_y0,1500,20000,2500,5,0,1,1817,2223,1004,0,1817,1004,0,0,0,40,0,true,NA,0,1,-63881,0,1,1213,1001,false,false,none,false,true,true,true,true
1885,h2000_e30000_s5000_k10_y0,2000,30000,5000,10,0,1,4440,7992,1004,0,4440,1004,0,0,0,40,0,true,NA,0,1,-8699,0,1,1457,1000,false,false,none,false,true,true,true,true
1886,h2000_e30000_s5000_k20_y0,2000,30000,5000,20,0,1,4440,7992,1004,0,4440,1004,0,0,0,40,0,true,NA,0,1,-8699,0,1,1457,1000,false,false,none,false,true,true,true,true
1887,h2000_e30000_s5000_k40_y0,2000,30000,5000,40,0,1,4440,7992,1004,0,4440,1004,0,0,0,40,0,true,NA,0,1,-8699,0,1,1457,1000,false,false,none,false,true,true,true,true
1888,h2000_e30000_s5000_k5_y0,2000,30000,5000,5,0,1,4440,7992,1004,0,4440,1004,0,0,0,40,0,true,NA,0,1,-8699,0,1,1457,1000,false,false,none,false,true,true,true,true
1889,h700_e40000_s10000_k10_y0,700,40000,10000,10,0,1,5979,14894,1004,0,5979,1004,0,0,0,40,0,true,NA,0,0,-448,0,1,459,1000,false,false,none,false,true,true,true,true
1890,h700_e40000_s10000_k20_y0,700,40000,10000,20,0,1,5979,14894,1004,0,5979,1004,0,0,0,40,0,true,NA,0,0,-448,0,1,459,1000,false,false,none,false,true,true,true,true
1891,h700_e40000_s10000_k40_y0,700,40000,10000,40,0,1,5979,14894,1004,0,5979,1004,0,0,0,40,0,true,NA,0,0,-448,0,1,459,1000,false,false,none,false,true,true,true,true
1892,h700_e40000_s10000_k5_y0,700,40000,10000,5,0,1,5979,14894,1004,0,5979,1004,0,0,0,40,0,true,NA,0,0,-448,0,1,459,1000,false,false,none,false,true,true,true,true
1893,h1000_e50000_s10000_k10_y0,1000,50000,10000,10,0,0,9995,NA,1004,0,9995,1004,0,0,0,40,0,true,NA,0,0,-65,0,1,590,1000,false,false,none,false,true,true,true,true
1894,h1000_e50000_s10000_k20_y0,1000,50000,10000,20,0,0,9995,NA,1004,0,9995,1004,0,0,0,40,0,true,NA,0,0,-65,0,1,590,1000,false,false,none,false,true,true,true,true
1895,h1000_e50000_s10000_k40_y0,1000,50000,10000,40,0,0,9995,NA,1004,0,9995,1004,0,0,0,40,0,true,NA,0,0,-65,0,1,590,1000,false,false,none,false,true,true,true,true
1896,h1000_e50000_s10000_k5_y0,1000,50000,10000,5,0,0,9995,NA,1004,0,9995,1004,0,0,0,40,0,true,NA,0,0,-65,0,1,590,1000,false,false,none,false,true,true,true,true
1897,h2000_e70000_s10000_k10_y0,2000,70000,10000,10,0,0,9995,NA,1004,0,9995,1004,0,0,0,40,0,true,NA,0,0,-2,0,0,956,1000,false,false,none,false,true,true,true,true
1898,h2000_e70000_s10000_k20_y0,2000,70000,10000,20,0,0,9995,NA,1004,0,9995,1004,0,0,0,40,0,true,NA,0,0,-2,0,0,956,1000,false,false,none,false,true,true,true,true
1899,h2000_e70000_s10000_k40_y0,2000,70000,10000,40,0,0,9995,NA,1004,0,9995,1004,0,0,0,40,0,true,NA,0,0,-2,0,0,956,1000,false,false,none,false,true,true,true,true
1900,h2000_e70000_s10000_k5_y0,2000,70000,10000,5,0,0,9995,NA,1004,0,9995,1004,0,0,0,40,0,true,NA,0,0,-2,0,0,956,1000,false,false,none,false,true,true,true,true
1901,h100_e10000_s2500_k10_y0,100,10000,2500,10,0,3,106,107,1003,0,106,1003,0,0,0,40,0,true,NA,0,1,-51727,0,1,87,1002,false,false,none,false,true,true,true,true
1902,h100_e10000_s2500_k20_y0,100,10000,2500,20,0,3,106,107,1003,0,106,1003,0,0,0,40,0,true,NA,0,1,-51727,0,1,87,1002,false,false,none,false,true,true,true,true
1903,h100_e10000_s2500_k40_y0,100,10000,2500,40,0,3,106,107,1003,0,106,1003,0,0,0,40,0,true,NA,0,1,-51727,0,1,87,1002,false,false,none,false,true,true,true,true
1904,h100_e10000_s2500_k5_y0,100,10000,2500,5,0,3,106,107,1003,0,106,1003,0,0,0,40,0,true,NA,0,1,-51727,0,1,87,1002,false,false,none,false,true,true,true,true
1905,h100_e15000_s10000_k10_y0,100,15000,10000,10,0,2,219,224,1003,0,219,1003,0,0,0,40,0,true,NA,0,1,-19920,0,1,84,1000,false,false,none,false,true,true,true,true
1906,h100_e15000_s10000_k20_y0,100,15000,10000,20,0,2,219,224,1003,0,219,1003,0,0,0,40,0,true,NA,0,1,-19920,0,1,84,1000,false,false,none,false,true,true,true,true
1907,h100_e15000_s10000_k40_y0,100,15000,10000,40,0,2,219,224,1003,0,219,1003,0,0,0,40,0,true,NA,0,1,-19920,0,1,84,1000,false,false,none,false,true,true,true,true
1908,h100_e15000_s10000_k5_y0,100,15000,10000,5,0,2,219,224,1003,0,219,1003,0,0,0,40,0,true,NA,0,1,-19920,0,1,84,1000,false,false,none,false,true,true,true,true
1909,h500_e20000_s5000_k10_y0,500,20000,5000,10,0,1,847,925,1003,0,847,1003,0,0,0,40,0,true,NA,0,1,-24549,0,1,404,1000,false,false,none,false,true,true,true,true
1910,h500_e20000_s5000_k20_y0,500,20000,5000,20,0,1,847,925,1003,0,847,1003,0,0,0,40,0,true,NA,0,1,-24549,0,1,404,1000,false,false,none,false,true,true,true,true
1911,h500_e20000_s5000_k40_y0,500,20000,5000,40,0,1,847,925,1003,0,847,1003,0,0,0,40,0,true,NA,0,1,-24549,0,1,404,1000,false,false,none,false,true,true,true,true
1912,h500_e20000_s5000_k5_y0,500,20000,5000,5,0,1,847,925,1003,0,847,1003,0,0,0,40,0,true,NA,0,1,-24549,0,1,404,1000,false,false,none,false,true,true,true,true
1913,h1000_e20000_s2500_k10_y0,1000,20000,2500,10,0,1,1211,1379,1003,0,1211,1003,0,0,0,40,0,true,NA,0,1,-42688,0,1,809,1000,false,false,none,false,true,true,true,true
1914,h1000_e20000_s2500_k20_y0,1000,20000,2500,20,0,1,1211,1379,1003,0,1211,1003,0,0,0,40,0,true,NA,0,1,-42688,0,1,809,1000,false,false,none,false,true,true,true,true
1915,h1000_e20000_s2500_k40_y0,1000,20000,2500,40,0,1,1211,1379,1003,0,1211,1003,0,0,0,40,0,true,NA,0,1,-42688,0,1,809,1000,false,false,none,false,true,true,true,true
1916,h1000_e20000_s2500_k5_y0,1000,20000,2500,5,0,1,1211,1379,1003,0,1211,1003,0,0,0,40,0,true,NA,0,1,-42688,0,1,809,1000,false,false,none,false,true,true,true,true
1917,h300_e30000_s10000_k10_y0,300,30000,10000,10,0,1,1496,1760,1003,0,1496,1003,0,0,0,40,0,true,NA,0,1,-1907,0,1,218,1000,false,false,none,false,true,true,true,true
1918,h300_e30000_s10000_k20_y0,300,30000,10000,20,0,1,1496,1760,1003,0,1496,1003,0,0,0,40,0,true,NA,0,1,-1907,0,1,218,1000,false,false,none,false,true,true,true,true
1919,h300_e30000_s10000_k40_y0,300,30000,10000,40,0,1,1496,1760,1003,0,1496,1003,0,0,0,40,0,true,NA,0,1,-1907,0,1,218,1000,false,false,none,false,true,true,true,true
1920,h300_e30000_s10000_k5_y0,300,30000,10000,5,0,1,1496,1760,1003,0,1496,1003,0,0,0,40,0,true,NA,0,1,-1907,0,1,218,1000,false,false,none,false,true,true,true,true
1921,h1000_e25000_s5000_k10_y0,1000,25000,5000,10,0,1,1941,2409,1003,0,1941,1003,0,0,0,40,0,true,NA,0,1,-14614,0,1,768,1000,false,false,none,false,true,true,true,true
1922,h1000_e25000_s5000_k20_y0,1000,25000,5000,20,0,1,1941,2409,1003,0,1941,1003,0,0,0,40,0,true,NA,0,1,-14614,0,1,768,1000,false,false,none,false,true,true,true,true
1923,h1000_e25000_s5000_k40_y0,1000,25000,5000,40,0,1,1941,2409,1003,0,1941,1003,0,0,0,40,0,true,NA,0,1,-14614,0,1,768,1000,false,false,none,false,true,true,true,true
1924,h1000_e25000_s5000_k5_y0,1000,25000,5000,5,0,1,1941,2409,1003,0,1941,1003,0,0,0,40,0,true,NA,0,1,-14614,0,1,768,1000,false,false,none,false,true,true,true,true
1925,h1500_e30000_s5000_k10_y0,1500,30000,5000,10,0,1,3330,4995,1003,0,3330,1003,0,0,0,40,0,true,NA,0,1,-6531,0,1,1093,1000,false,false,none,false,true,true,true,true
1926,h1500_e30000_s5000_k20_y0,1500,30000,5000,20,0,1,3330,4995,1003,0,3330,1003,0,0,0,40,0,true,NA,0,1,-6531,0,1,1093,1000,false,false,none,false,true,true,true,true
1927,h1500_e30000_s5000_k40_y0,1500,30000,5000,40,0,1,3330,4995,1003,0,3330,1003,0,0,0,40,0,true,NA,0,1,-6531,0,1,1093,1000,false,false,none,false,true,true,true,true
1928,h1500_e30000_s5000_k5_y0,1500,30000,5000,5,0,1,3330,4995,1003,0,3330,1003,0,0,0,40,0,true,NA,0,1,-6531,0,1,1093,1000,false,false,none,false,true,true,true,true
1929,h3000_e25000_s2500_k10_y0,3000,25000,2500,10,0,1,3824,6197,1003,0,3824,1003,0,0,0,40,0,true,NA,0,1,-36698,0,1,2304,1000,false,false,none,false,true,true,true,true
1930,h3000_e25000_s2500_k20_y0,3000,25000,2500,20,0,1,3824,6197,1003,0,3824,1003,0,0,0,40,0,true,NA,0,1,-36698,0,1,2304,1000,false,false,none,false,true,true,true,true
1931,h3000_e25000_s2500_k40_y0,3000,25000,2500,40,0,1,3824,6197,1003,0,3824,1003,0,0,0,40,0,true,NA,0,1,-36698,0,1,2304,1000,false,false,none,false,true,true,true,true
1932,h3000_e25000_s2500_k5_y0,3000,25000,2500,5,0,1,3824,6197,1003,0,3824,1003,0,0,0,40,0,true,NA,0,1,-36698,0,1,2304,1000,false,false,none,false,true,true,true,true
1933,h500_e40000_s10000_k10_y0,500,40000,10000,10,0,1,4271,7461,1003,0,4271,1003,0,0,0,40,0,true,NA,0,0,-320,0,1,328,1000,false,false,none,false,true,true,true,true
1934,h500_e40000_s10000_k20_y0,500,40000,10000,20,0,1,4271,7461,1003,0,4271,1003,0,0,0,40,0,true,NA,0,0,-320,0,1,328,1000,false,false,none,false,true,true,true,true
1935,h500_e40000_s10000_k40_y0,500,40000,10000,40,0,1,4271,7461,1003,0,4271,1003,0,0,0,40,0,true,NA,0,0,-320,0,1,328,1000,false,false,none,false,true,true,true,true
1936,h500_e40000_s10000_k5_y0,500,40000,10000,5,0,1,4271,7461,1003,0,4271,1003,0,0,0,40,0,true,NA,0,0,-320,0,1,328,1000,false,false,none,false,true,true,true,true
1937,h5000_e100000_s10000_k10_y0,5000,100000,10000,10,0,0,9995,NA,1003,0,9995,1003,0,0,0,40,0,true,NA,0,0,-1,0,0,1743,1000,false,false,none,false,true,true,true,true
1938,h5000_e100000_s10000_k20_y0,5000,100000,10000,20,0,0,9995,NA,1003,0,9995,1003,0,0,0,40,0,true,NA,0,0,-1,0,0,1743,1000,false,false,none,false,true,true,true,true
1939,h5000_e100000_s10000_k40_y0,5000,100000,10000,40,0,0,9995,NA,1003,0,9995,1003,0,0,0,40,0,true,NA,0,0,-1,0,0,1743,1000,false,false,none,false,true,true,true,true
1940,h5000_e100000_s10000_k5_y0,5000,100000,10000,5,0,0,9995,NA,1003,0,9995,1003,0,0,0,40,0,true,NA,0,0,-1,0,0,1743,1000,false,false,none,false,true,true,true,true
1941,h1500_e70000_s10000_k10_y0,1500,70000,10000,10,0,0,9996,NA,1003,0,9996,1003,0,0,0,40,0,true,NA,0,0,-1,0,0,717,1000,false,false,none,false,true,true,true,true
1942,h1500_e70000_s10000_k20_y0,1500,70000,10000,20,0,0,9996,NA,1003,0,9996,1003,0,0,0,40,0,true,NA,0,0,-1,0,0,717,1000,false,false,none,false,true,true,true,true
1943,h1500_e70000_s10000_k40_y0,1500,70000,10000,40,0,0,9996,NA,1003,0,9996,1003,0,0,0,40,0,true,NA,0,0,-1,0,0,717,1000,false,false,none,false,true,true,true,true
1944,h1500_e70000_s10000_k5_y0,1500,70000,10000,5,0,0,9996,NA,1003,0,9996,1003,0,0,0,40,0,true,NA,0,0,-1,0,0,717,1000,false,false,none,false,true,true,true,true
1945,h700_e50000_s10000_k10_y0,700,50000,10000,10,0,0,9996,NA,1003,0,9996,1003,0,0,0,40,0,true,NA,0,0,-46,0,1,413,1000,false,false,none,false,true,true,true,true
1946,h700_e50000_s10000_k20_y0,700,50000,10000,20,0,0,9996,NA,1003,0,9996,1003,0,0,0,40,0,true,NA,0,0,-46,0,1,413,1000,false,false,none,false,true,true,true,true
1947,h700_e50000_s10000_k40_y0,700,50000,10000,40,0,0,9996,NA,1003,0,9996,1003,0,0,0,40,0,true,NA,0,0,-46,0,1,413,1000,false,false,none,false,true,true,true,true
1948,h700_e50000_s10000_k5_y0,700,50000,10000,5,0,0,9996,NA,1003,0,9996,1003,0,0,0,40,0,true,NA,0,0,-46,0,1,413,1000,false,false,none,false,true,true,true,true
1949,h5000_e40000_s5000_k10_y0,5000,40000,5000,10,0,1,9996,NA,1003,0,9996,1003,0,0,0,40,0,true,NA,0,0,-1931,0,1,3280,1000,false,false,none,false,true,true,true,true
1950,h5000_e40000_s5000_k20_y0,5000,40000,5000,20,0,1,9996,NA,1003,0,9996,1003,0,0,0,40,0,true,NA,0,0,-1931,0,1,3280,1000,false,false,none,false,true,true,true,true
1951,h5000_e40000_s5000_k40_y0,5000,40000,5000,40,0,1,9996,NA,1003,0,9996,1003,0,0,0,40,0,true,NA,0,0,-1931,0,1,3280,1000,false,false,none,false,true,true,true,true
1952,h5000_e40000_s5000_k5_y0,5000,40000,5000,5,0,1,9996,NA,1003,0,9996,1003,0,0,0,40,0,true,NA,0,0,-1931,0,1,3280,1000,false,false,none,false,true,true,true,true
1953,h100_e20000_s10000_k10_y0,100,20000,10000,10,0,1,289,298,1002,0,289,1002,0,0,0,40,0,true,NA,0,1,-6319,0,1,80,1000,false,false,none,false,true,true,true,true
1954,h100_e20000_s10000_k20_y0,100,20000,10000,20,0,1,289,298,1002,0,289,1002,0,0,0,40,0,true,NA,0,1,-6319,0,1,80,1000,false,false,none,false,true,true,true,true
1955,h100_e20000_s10000_k40_y0,100,20000,10000,40,0,1,289,298,1002,0,289,1002,0,0,0,40,0,true,NA,0,1,-6319,0,1,80,1000,false,false,none,false,true,true,true,true
1956,h100_e20000_s10000_k5_y0,100,20000,10000,5,0,1,289,298,1002,0,289,1002,0,0,0,40,0,true,NA,0,1,-6319,0,1,80,1000,false,false,none,false,true,true,true,true
1957,h300_e15000_s2500_k10_y0,300,15000,2500,10,0,1,344,356,1002,0,344,1002,0,0,0,40,0,true,NA,0,1,-44614,0,1,254,1001,false,false,none,false,true,true,true,true
1958,h300_e15000_s2500_k20_y0,300,15000,2500,20,0,1,344,356,1002,0,344,1002,0,0,0,40,0,true,NA,0,1,-44614,0,1,254,1001,false,false,none,false,true,true,true,true
1959,h300_e15000_s2500_k40_y0,300,15000,2500,40,0,1,344,356,1002,0,344,1002,0,0,0,40,0,true,NA,0,1,-44614,0,1,254,1001,false,false,none,false,true,true,true,true
1960,h300_e15000_s2500_k5_y0,300,15000,2500,5,0,1,344,356,1002,0,344,1002,0,0,0,40,0,true,NA,0,1,-44614,0,1,254,1001,false,false,none,false,true,true,true,true
1961,h300_e20000_s5000_k10_y0,300,20000,5000,10,0,1,508,535,1002,0,508,1002,0,0,0,40,0,true,NA,0,1,-14746,0,1,242,1000,false,false,none,false,true,true,true,true
1962,h300_e20000_s5000_k20_y0,300,20000,5000,20,0,1,508,535,1002,0,508,1002,0,0,0,40,0,true,NA,0,1,-14746,0,1,242,1000,false,false,none,false,true,true,true,true
1963,h300_e20000_s5000_k40_y0,300,20000,5000,40,0,1,508,535,1002,0,508,1002,0,0,0,40,0,true,NA,0,1,-14746,0,1,242,1000,false,false,none,false,true,true,true,true
1964,h300_e20000_s5000_k5_y0,300,20000,5000,5,0,1,508,535,1002,0,508,1002,0,0,0,40,0,true,NA,0,1,-14746,0,1,242,1000,false,false,none,false,true,true,true,true
1965,h700_e20000_s2500_k10_y0,700,20000,2500,10,0,1,848,927,1002,0,848,1002,0,0,0,40,0,true,NA,0,1,-29926,0,1,566,1000,false,false,none,false,true,true,true,true
1966,h700_e20000_s2500_k20_y0,700,20000,2500,20,0,1,848,927,1002,0,848,1002,0,0,0,40,0,true,NA,0,1,-29926,0,1,566,1000,false,false,none,false,true,true,true,true
1967,h700_e20000_s2500_k40_y0,700,20000,2500,40,0,1,848,927,1002,0,848,1002,0,0,0,40,0,true,NA,0,1,-29926,0,1,566,1000,false,false,none,false,true,true,true,true
1968,h700_e20000_s2500_k5_y0,700,20000,2500,5,0,1,848,927,1002,0,848,1002,0,0,0,40,0,true,NA,0,1,-29926,0,1,566,1000,false,false,none,false,true,true,true,true
1969,h500_e25000_s5000_k10_y0,500,25000,5000,10,0,1,970,1075,1002,0,970,1002,0,0,0,40,0,true,NA,0,1,-7321,0,1,384,1000,false,false,none,false,true,true,true,true
1970,h500_e25000_s5000_k20_y0,500,25000,5000,20,0,1,970,1075,1002,0,970,1002,0,0,0,40,0,true,NA,0,1,-7321,0,1,384,1000,false,false,none,false,true,true,true,true
1971,h500_e25000_s5000_k40_y0,500,25000,5000,40,0,1,970,1075,1002,0,970,1002,0,0,0,40,0,true,NA,0,1,-7321,0,1,384,1000,false,false,none,false,true,true,true,true
1972,h500_e25000_s5000_k5_y0,500,25000,5000,5,0,1,970,1075,1002,0,970,1002,0,0,0,40,0,true,NA,0,1,-7321,0,1,384,1000,false,false,none,false,true,true,true,true
1973,h700_e25000_s5000_k10_y0,700,25000,5000,10,0,1,1358,1572,1002,0,1358,1002,0,0,0,40,0,true,NA,0,1,-10242,0,1,537,1000,false,false,none,false,true,true,true,true
1974,h700_e25000_s5000_k20_y0,700,25000,5000,20,0,1,1358,1572,1002,0,1358,1002,0,0,0,40,0,true,NA,0,1,-10242,0,1,537,1000,false,false,none,false,true,true,true,true
1975,h700_e25000_s5000_k40_y0,700,25000,5000,40,0,1,1358,1572,1002,0,1358,1002,0,0,0,40,0,true,NA,0,1,-10242,0,1,537,1000,false,false,none,false,true,true,true,true
1976,h700_e25000_s5000_k5_y0,700,25000,5000,5,0,1,1358,1572,1002,0,1358,1002,0,0,0,40,0,true,NA,0,1,-10242,0,1,537,1000,false,false,none,false,true,true,true,true
1977,h1000_e30000_s5000_k10_y0,1000,30000,5000,10,0,1,2220,2854,1002,0,2220,1002,0,0,0,40,0,true,NA,0,1,-4360,0,1,728,1000,false,false,none,false,true,true,true,true
1978,h1000_e30000_s5000_k20_y0,1000,30000,5000,20,0,1,2220,2854,1002,0,2220,1002,0,0,0,40,0,true,NA,0,1,-4360,0,1,728,1000,false,false,none,false,true,true,true,true
1979,h1000_e30000_s5000_k40_y0,1000,30000,5000,40,0,1,2220,2854,1002,0,2220,1002,0,0,0,40,0,true,NA,0,1,-4360,0,1,728,1000,false,false,none,false,true,true,true,true
1980,h1000_e30000_s5000_k5_y0,1000,30000,5000,5,0,1,2220,2854,1002,0,2220,1002,0,0,0,40,0,true,NA,0,1,-4360,0,1,728,1000,false,false,none,false,true,true,true,true
1981,h2000_e25000_s2500_k10_y0,2000,25000,2500,10,0,1,2549,3423,1002,0,2549,1002,0,0,0,40,0,true,NA,0,1,-24540,0,1,1536,1000,false,false,none,false,true,true,true,true
1982,h2000_e25000_s2500_k20_y0,2000,25000,2500,20,0,1,2549,3423,1002,0,2549,1002,0,0,0,40,0,true,NA,0,1,-24540,0,1,1536,1000,false,false,none,false,true,true,true,true
1983,h2000_e25000_s2500_k40_y0,2000,25000,2500,40,0,1,2549,3423,1002,0,2549,1002,0,0,0,40,0,true,NA,0,1,-24540,0,1,1536,1000,false,false,none,false,true,true,true,true
1984,h2000_e25000_s2500_k5_y0,2000,25000,2500,5,0,1,2549,3423,1002,0,2549,1002,0,0,0,40,0,true,NA,0,1,-24540,0,1,1536,1000,false,false,none,false,true,true,true,true
1985,h300_e40000_s10000_k10_y0,300,40000,10000,10,0,1,2562,3446,1002,0,2562,1002,0,0,0,40,0,true,NA,0,0,-192,0,1,196,1000,false,false,none,false,true,true,true,true
1986,h300_e40000_s10000_k20_y0,300,40000,10000,20,0,1,2562,3446,1002,0,2562,1002,0,0,0,40,0,true,NA,0,0,-192,0,1,196,1000,false,false,none,false,true,true,true,true
1987,h300_e40000_s10000_k40_y0,300,40000,10000,40,0,1,2562,3446,1002,0,2562,1002,0,0,0,40,0,true,NA,0,0,-192,0,1,196,1000,false,false,none,false,true,true,true,true
1988,h300_e40000_s10000_k5_y0,300,40000,10000,5,0,1,2562,3446,1002,0,2562,1002,0,0,0,40,0,true,NA,0,0,-192,0,1,196,1000,false,false,none,false,true,true,true,true
1989,h5000_e30000_s2500_k10_y0,5000,30000,2500,10,0,1,6697,20298,1002,0,6697,1002,0,0,0,40,0,true,NA,0,1,-17602,0,1,3644,1000,false,false,none,false,true,true,true,true
1990,h5000_e30000_s2500_k20_y0,5000,30000,2500,20,0,1,6697,20298,1002,0,6697,1002,0,0,0,40,0,true,NA,0,1,-17602,0,1,3644,1000,false,false,none,false,true,true,true,true
1991,h5000_e30000_s2500_k40_y0,5000,30000,2500,40,0,1,6697,20298,1002,0,6697,1002,0,0,0,40,0,true,NA,0,1,-17602,0,1,3644,1000,false,false,none,false,true,true,true,true
1992,h5000_e30000_s2500_k5_y0,5000,30000,2500,5,0,1,6697,20298,1002,0,6697,1002,0,0,0,40,0,true,NA,0,1,-17602,0,1,3644,1000,false,false,none,false,true,true,true,true
1993,h500_e50000_s10000_k10_y0,500,50000,10000,10,0,0,7308,27173,1002,0,7308,1002,0,0,0,40,0,true,NA,0,0,-33,0,1,295,1000,false,false,none,false,true,true,true,true
1994,h500_e50000_s10000_k20_y0,500,50000,10000,20,0,0,7308,27173,1002,0,7308,1002,0,0,0,40,0,true,NA,0,0,-33,0,1,295,1000,false,false,none,false,true,true,true,true
1995,h500_e50000_s10000_k40_y0,500,50000,10000,40,0,0,7308,27173,1002,0,7308,1002,0,0,0,40,0,true,NA,0,0,-33,0,1,295,1000,false,false,none,false,true,true,true,true
1996,h500_e50000_s10000_k5_y0,500,50000,10000,5,0,0,7308,27173,1002,0,7308,1002,0,0,0,40,0,true,NA,0,0,-33,0,1,295,1000,false,false,none,false,true,true,true,true
1997,h3000_e40000_s5000_k10_y0,3000,40000,5000,10,0,1,8698,66957,1002,0,8698,1002,0,0,0,40,0,true,NA,0,0,-1161,0,1,1968,1000,false,false,none,false,true,true,true,true
1998,h3000_e40000_s5000_k20_y0,3000,40000,5000,20,0,1,8698,66957,1002,0,8698,1002,0,0,0,40,0,true,NA,0,0,-1161,0,1,1968,1000,false,false,none,false,true,true,true,true
1999,h3000_e40000_s5000_k40_y0,3000,40000,5000,40,0,1,8698,66957,1002,0,8698,1002,0,0,0,40,0,true,NA,0,0,-1161,0,1,1968,1000,false,false,none,false,true,true,true,true
2000,h3000_e40000_s5000_k5_y0,3000,40000,5000,5,0,1,8698,66957,1002,0,8698,1002,0,0,0,40,0,true,NA,0,0,-1161,0,1,1968,1000,false,false,none,false,true,true,true,true
2001,h10000_e50000_s5000_k10_y0,10000,50000,5000,10,0,0,9997,NA,1002,0,9997,1002,0,0,0,40,0,true,NA,0,0,-344,0,0,5904,1000,false,false,none,false,true,true,true,true
2002,h10000_e50000_s5000_k20_y0,10000,50000,5000,20,0,0,9997,NA,1002,0,9997,1002,0,0,0,40,0,true,NA,0,0,-344,0,0,5904,1000,false,false,none,false,true,true,true,true
2003,h10000_e50000_s5000_k40_y0,10000,50000,5000,40,0,0,9997,NA,1002,0,9997,1002,0,0,0,40,0,true,NA,0,0,-344,0,0,5904,1000,false,false,none,false,true,true,true,true
2004,h10000_e50000_s5000_k5_y0,10000,50000,5000,5,0,0,9997,NA,1002,0,9997,1002,0,0,0,40,0,true,NA,0,0,-344,0,0,5904,1000,false,false,none,false,true,true,true,true
2005,h1000_e70000_s10000_k10_y0,1000,70000,10000,10,0,0,9997,NA,1002,0,9997,1002,0,0,0,40,0,true,NA,0,0,-1,0,0,478,1000,false,false,none,false,true,true,true,true
2006,h1000_e70000_s10000_k20_y0,1000,70000,10000,20,0,0,9997,NA,1002,0,9997,1002,0,0,0,40,0,true,NA,0,0,-1,0,0,478,1000,false,false,none,false,true,true,true,true
2007,h1000_e70000_s10000_k40_y0,1000,70000,10000,40,0,0,9997,NA,1002,0,9997,1002,0,0,0,40,0,true,NA,0,0,-1,0,0,478,1000,false,false,none,false,true,true,true,true
2008,h1000_e70000_s10000_k5_y0,1000,70000,10000,5,0,0,9997,NA,1002,0,9997,1002,0,0,0,40,0,true,NA,0,0,-1,0,0,478,1000,false,false,none,false,true,true,true,true
2009,h3000_e100000_s10000_k10_y0,3000,100000,10000,10,0,0,9997,NA,1002,0,9997,1002,0,0,0,40,0,true,NA,0,0,-1,0,0,1046,1000,false,false,none,false,true,true,true,true
2010,h3000_e100000_s10000_k20_y0,3000,100000,10000,20,0,0,9997,NA,1002,0,9997,1002,0,0,0,40,0,true,NA,0,0,-1,0,0,1046,1000,false,false,none,false,true,true,true,true
2011,h3000_e100000_s10000_k40_y0,3000,100000,10000,40,0,0,9997,NA,1002,0,9997,1002,0,0,0,40,0,true,NA,0,0,-1,0,0,1046,1000,false,false,none,false,true,true,true,true
2012,h3000_e100000_s10000_k5_y0,3000,100000,10000,5,0,0,9997,NA,1002,0,9997,1002,0,0,0,40,0,true,NA,0,0,-1,0,0,1046,1000,false,false,none,false,true,true,true,true
2013,h100_e15000_s5000_k10_y0,100,15000,5000,10,0,1,147,149,1001,0,147,1001,0,0,0,40,0,true,NA,0,1,-16513,0,1,84,1000,false,false,none,false,true,true,true,true
2014,h100_e15000_s5000_k20_y0,100,15000,5000,20,0,1,147,149,1001,0,147,1001,0,0,0,40,0,true,NA,0,1,-16513,0,1,84,1000,false,false,none,false,true,true,true,true
2015,h100_e15000_s5000_k40_y0,100,15000,5000,40,0,1,147,149,1001,0,147,1001,0,0,0,40,0,true,NA,0,1,-16513,0,1,84,1000,false,false,none,false,true,true,true,true
2016,h100_e15000_s5000_k5_y0,100,15000,5000,5,0,1,147,149,1001,0,147,1001,0,0,0,40,0,true,NA,0,1,-16513,0,1,84,1000,false,false,none,false,true,true,true,true
2017,h100_e25000_s10000_k10_y0,100,25000,10000,10,0,1,380,395,1001,0,380,1001,0,0,0,40,0,true,NA,0,1,-2005,0,1,76,1000,false,false,none,false,true,true,true,true
2018,h100_e25000_s10000_k20_y0,100,25000,10000,20,0,1,380,395,1001,0,380,1001,0,0,0,40,0,true,NA,0,1,-2005,0,1,76,1000,false,false,none,false,true,true,true,true
2019,h100_e25000_s10000_k40_y0,100,25000,10000,40,0,1,380,395,1001,0,380,1001,0,0,0,40,0,true,NA,0,1,-2005,0,1,76,1000,false,false,none,false,true,true,true,true
2020,h100_e25000_s10000_k5_y0,100,25000,10000,5,0,1,380,395,1001,0,380,1001,0,0,0,40,0,true,NA,0,1,-2005,0,1,76,1000,false,false,none,false,true,true,true,true
2021,h100_e30000_s10000_k10_y0,100,30000,10000,10,0,1,498,524,1001,0,498,1001,0,0,0,40,0,true,NA,0,1,-636,0,1,72,1000,false,false,none,false,true,true,true,true
2022,h100_e30000_s10000_k20_y0,100,30000,10000,20,0,1,498,524,1001,0,498,1001,0,0,0,40,0,true,NA,0,1,-636,0,1,72,1000,false,false,none,false,true,true,true,true
2023,h100_e30000_s10000_k40_y0,100,30000,10000,40,0,1,498,524,1001,0,498,1001,0,0,0,40,0,true,NA,0,1,-636,0,1,72,1000,false,false,none,false,true,true,true,true
2024,h100_e30000_s10000_k5_y0,100,30000,10000,5,0,1,498,524,1001,0,498,1001,0,0,0,40,0,true,NA,0,1,-636,0,1,72,1000,false,false,none,false,true,true,true,true
2025,h300_e25000_s5000_k10_y0,300,25000,5000,10,0,1,582,618,1001,0,582,1001,0,0,0,40,0,true,NA,0,1,-4395,0,1,230,1000,false,false,none,false,true,true,true,true
2026,h300_e25000_s5000_k20_y0,300,25000,5000,20,0,1,582,618,1001,0,582,1001,0,0,0,40,0,true,NA,0,1,-4395,0,1,230,1000,false,false,none,false,true,true,true,true
2027,h300_e25000_s5000_k40_y0,300,25000,5000,40,0,1,582,618,1001,0,582,1001,0,0,0,40,0,true,NA,0,1,-4395,0,1,230,1000,false,false,none,false,true,true,true,true
2028,h300_e25000_s5000_k5_y0,300,25000,5000,5,0,1,582,618,1001,0,582,1001,0,0,0,40,0,true,NA,0,1,-4395,0,1,230,1000,false,false,none,false,true,true,true,true
2029,h500_e20000_s2500_k10_y0,500,20000,2500,10,0,1,605,645,1001,0,605,1001,0,0,0,40,0,true,NA,0,1,-21394,0,1,404,1000,false,false,none,false,true,true,true,true
2030,h500_e20000_s2500_k20_y0,500,20000,2500,20,0,1,605,645,1001,0,605,1001,0,0,0,40,0,true,NA,0,1,-21394,0,1,404,1000,false,false,none,false,true,true,true,true
2031,h500_e20000_s2500_k40_y0,500,20000,2500,40,0,1,605,645,1001,0,605,1001,0,0,0,40,0,true,NA,0,1,-21394,0,1,404,1000,false,false,none,false,true,true,true,true
2032,h500_e20000_s2500_k5_y0,500,20000,2500,5,0,1,605,645,1001,0,605,1001,0,0,0,40,0,true,NA,0,1,-21394,0,1,404,1000,false,false,none,false,true,true,true,true
2033,h500_e30000_s5000_k10_y0,500,30000,5000,10,0,1,1110,1248,1001,0,1110,1001,0,0,0,40,0,true,NA,0,1,-2182,0,1,364,1000,false,false,none,false,true,true,true,true
2034,h500_e30000_s5000_k20_y0,500,30000,5000,20,0,1,1110,1248,1001,0,1110,1001,0,0,0,40,0,true,NA,0,1,-2182,0,1,364,1000,false,false,none,false,true,true,true,true
2035,h500_e30000_s5000_k40_y0,500,30000,5000,40,0,1,1110,1248,1001,0,1110,1001,0,0,0,40,0,true,NA,0,1,-2182,0,1,364,1000,false,false,none,false,true,true,true,true
2036,h500_e30000_s5000_k5_y0,500,30000,5000,5,0,1,1110,1248,1001,0,1110,1001,0,0,0,40,0,true,NA,0,1,-2182,0,1,364,1000,false,false,none,false,true,true,true,true
2037,h1000_e25000_s2500_k10_y0,1000,25000,2500,10,0,1,1274,1461,1001,0,1274,1001,0,0,0,40,0,true,NA,0,1,-12307,0,1,768,1000,false,false,none,false,true,true,true,true
2038,h1000_e25000_s2500_k20_y0,1000,25000,2500,20,0,1,1274,1461,1001,0,1274,1001,0,0,0,40,0,true,NA,0,1,-12307,0,1,768,1000,false,false,none,false,true,true,true,true
2039,h1000_e25000_s2500_k40_y0,1000,25000,2500,40,0,1,1274,1461,1001,0,1274,1001,0,0,0,40,0,true,NA,0,1,-12307,0,1,768,1000,false,false,none,false,true,true,true,true
2040,h1000_e25000_s2500_k5_y0,1000,25000,2500,5,0,1,1274,1461,1001,0,1274,1001,0,0,0,40,0,true,NA,0,1,-12307,0,1,768,1000,false,false,none,false,true,true,true,true
2041,h700_e30000_s5000_k10_y0,700,30000,5000,10,0,1,1554,1840,1001,0,1554,1001,0,0,0,40,0,true,NA,0,1,-3054,0,1,510,1000,false,false,none,false,true,true,true,true
2042,h700_e30000_s5000_k20_y0,700,30000,5000,20,0,1,1554,1840,1001,0,1554,1001,0,0,0,40,0,true,NA,0,1,-3054,0,1,510,1000,false,false,none,false,true,true,true,true
2043,h700_e30000_s5000_k40_y0,700,30000,5000,40,0,1,1554,1840,1001,0,1554,1001,0,0,0,40,0,true,NA,0,1,-3054,0,1,510,1000,false,false,none,false,true,true,true,true
2044,h700_e30000_s5000_k5_y0,700,30000,5000,5,0,1,1554,1840,1001,0,1554,1001,0,0,0,40,0,true,NA,0,1,-3054,0,1,510,1000,false,false,none,false,true,true,true,true
2045,h1500_e25000_s2500_k10_y0,1500,25000,2500,10,0,1,1912,2365,1001,0,1912,1001,0,0,0,40,0,true,NA,0,1,-18431,0,1,1152,1000,false,false,none,false,true,true,true,true
2046,h1500_e25000_s2500_k20_y0,1500,25000,2500,20,0,1,1912,2365,1001,0,1912,1001,0,0,0,40,0,true,NA,0,1,-18431,0,1,1152,1000,false,false,none,false,true,true,true,true
2047,h1500_e25000_s2500_k40_y0,1500,25000,2500,40,0,1,1912,2365,1001,0,1912,1001,0,0,0,40,0,true,NA,0,1,-18431,0,1,1152,1000,false,false,none,false,true,true,true,true
2048,h1500_e25000_s2500_k5_y0,1500,25000,2500,5,0,1,1912,2365,1001,0,1912,1001,0,0,0,40,0,true,NA,0,1,-18431,0,1,1152,1000,false,false,none,false,true,true,true,true
2049,h2000_e30000_s2500_k10_y0,2000,30000,2500,10,0,1,2679,3660,1001,0,2679,1001,0,0,0,40,0,true,NA,0,1,-7080,0,1,1457,1000,false,false,none,false,true,true,true,true
2050,h2000_e30000_s2500_k20_y0,2000,30000,2500,20,0,1,2679,3660,1001,0,2679,1001,0,0,0,40,0,true,NA,0,1,-7080,0,1,1457,1000,false,false,none,false,true,true,true,true
2051,h2000_e30000_s2500_k40_y0,2000,30000,2500,40,0,1,2679,3660,1001,0,2679,1001,0,0,0,40,0,true,NA,0,1,-7080,0,1,1457,1000,false,false,none,false,true,true,true,true
2052,h2000_e30000_s2500_k5_y0,2000,30000,2500,5,0,1,2679,3660,1001,0,2679,1001,0,0,0,40,0,true,NA,0,1,-7080,0,1,1457,1000,false,false,none,false,true,true,true,true
2053,h3000_e30000_s2500_k10_y0,3000,30000,2500,10,0,1,4018,6720,1001,0,4018,1001,0,0,0,40,0,true,NA,0,1,-10598,0,1,2186,1000,false,false,none,false,true,true,true,true
2054,h3000_e30000_s2500_k20_y0,3000,30000,2500,20,0,1,4018,6720,1001,0,4018,1001,0,0,0,40,0,true,NA,0,1,-10598,0,1,2186,1000,false,false,none,false,true,true,true,true
2055,h3000_e30000_s2500_k40_y0,3000,30000,2500,40,0,1,4018,6720,1001,0,4018,1001,0,0,0,40,0,true,NA,0,1,-10598,0,1,2186,1000,false,false,none,false,true,true,true,true
2056,h3000_e30000_s2500_k5_y0,3000,30000,2500,5,0,1,4018,6720,1001,0,4018,1001,0,0,0,40,0,true,NA,0,1,-10598,0,1,2186,1000,false,false,none,false,true,true,true,true
2057,h1500_e40000_s5000_k10_y0,1500,40000,5000,10,0,1,4349,7698,1001,0,4349,1001,0,0,0,40,0,true,NA,0,0,-582,0,1,984,1000,false,false,none,false,true,true,true,true
2058,h1500_e40000_s5000_k20_y0,1500,40000,5000,20,0,1,4349,7698,1001,0,4349,1001,0,0,0,40,0,true,NA,0,0,-582,0,1,984,1000,false,false,none,false,true,true,true,true
2059,h1500_e40000_s5000_k40_y0,1500,40000,5000,40,0,1,4349,7698,1001,0,4349,1001,0,0,0,40,0,true,NA,0,0,-582,0,1,984,1000,false,false,none,false,true,true,true,true
2060,h1500_e40000_s5000_k5_y0,1500,40000,5000,5,0,1,4349,7698,1001,0,4349,1001,0,0,0,40,0,true,NA,0,0,-582,0,1,984,1000,false,false,none,false,true,true,true,true
2061,h300_e50000_s10000_k10_y0,300,50000,10000,10,0,0,4384,7811,1001,0,4384,1001,0,0,0,40,0,true,NA,0,0,-20,0,1,177,1000,false,false,none,false,true,true,true,true
2062,h300_e50000_s10000_k20_y0,300,50000,10000,20,0,0,4384,7811,1001,0,4384,1001,0,0,0,40,0,true,NA,0,0,-20,0,1,177,1000,false,false,none,false,true,true,true,true
2063,h300_e50000_s10000_k40_y0,300,50000,10000,40,0,0,4384,7811,1001,0,4384,1001,0,0,0,40,0,true,NA,0,0,-20,0,1,177,1000,false,false,none,false,true,true,true,true
2064,h300_e50000_s10000_k5_y0,300,50000,10000,5,0,0,4384,7811,1001,0,4384,1001,0,0,0,40,0,true,NA,0,0,-20,0,1,177,1000,false,false,none,false,true,true,true,true
2065,h2000_e40000_s5000_k10_y0,2000,40000,5000,10,0,1,5799,13809,1001,0,5799,1001,0,0,0,40,0,true,NA,0,0,-775,0,1,1312,1000,false,false,none,false,true,true,true,true
2066,h2000_e40000_s5000_k20_y0,2000,40000,5000,20,0,1,5799,13809,1001,0,5799,1001,0,0,0,40,0,true,NA,0,0,-775,0,1,1312,1000,false,false,none,false,true,true,true,true
2067,h2000_e40000_s5000_k40_y0,2000,40000,5000,40,0,1,5799,13809,1001,0,5799,1001,0,0,0,40,0,true,NA,0,0,-775,0,1,1312,1000,false,false,none,false,true,true,true,true
2068,h2000_e40000_s5000_k5_y0,2000,40000,5000,5,0,1,5799,13809,1001,0,5799,1001,0,0,0,40,0,true,NA,0,0,-775,0,1,1312,1000,false,false,none,false,true,true,true,true
2069,h1500_e100000_s10000_k10_y0,1500,100000,10000,10,0,0,9998,NA,1001,0,9998,1001,0,0,0,40,0,true,NA,0,0,-1,0,0,523,1000,false,false,none,false,true,true,true,true
2070,h1500_e100000_s10000_k20_y0,1500,100000,10000,20,0,0,9998,NA,1001,0,9998,1001,0,0,0,40,0,true,NA,0,0,-1,0,0,523,1000,false,false,none,false,true,true,true,true
2071,h1500_e100000_s10000_k40_y0,1500,100000,10000,40,0,0,9998,NA,1001,0,9998,1001,0,0,0,40,0,true,NA,0,0,-1,0,0,523,1000,false,false,none,false,true,true,true,true
2072,h1500_e100000_s10000_k5_y0,1500,100000,10000,5,0,0,9998,NA,1001,0,9998,1001,0,0,0,40,0,true,NA,0,0,-1,0,0,523,1000,false,false,none,false,true,true,true,true
2073,h2000_e100000_s10000_k10_y0,2000,100000,10000,10,0,0,9998,NA,1001,0,9998,1001,0,0,0,40,0,true,NA,0,0,-1,0,0,697,1000,false,false,none,false,true,true,true,true
2074,h2000_e100000_s10000_k20_y0,2000,100000,10000,20,0,0,9998,NA,1001,0,9998,1001,0,0,0,40,0,true,NA,0,0,-1,0,0,697,1000,false,false,none,false,true,true,true,true
2075,h2000_e100000_s10000_k40_y0,2000,100000,10000,40,0,0,9998,NA,1001,0,9998,1001,0,0,0,40,0,true,NA,0,0,-1,0,0,697,1000,false,false,none,false,true,true,true,true
2076,h2000_e100000_s10000_k5_y0,2000,100000,10000,5,0,0,9998,NA,1001,0,9998,1001,0,0,0,40,0,true,NA,0,0,-1,0,0,697,1000,false,false,none,false,true,true,true,true
2077,h5000_e50000_s5000_k10_y0,5000,50000,5000,10,0,0,9998,NA,1001,0,9998,1001,0,0,0,40,0,true,NA,0,0,-172,0,0,2952,1000,false,false,none,false,true,true,true,true
2078,h5000_e50000_s5000_k20_y0,5000,50000,5000,20,0,0,9998,NA,1001,0,9998,1001,0,0,0,40,0,true,NA,0,0,-172,0,0,2952,1000,false,false,none,false,true,true,true,true
2079,h5000_e50000_s5000_k40_y0,5000,50000,5000,40,0,0,9998,NA,1001,0,9998,1001,0,0,0,40,0,true,NA,0,0,-172,0,0,2952,1000,false,false,none,false,true,true,true,true
2080,h5000_e50000_s5000_k5_y0,5000,50000,5000,5,0,0,9998,NA,1001,0,9998,1001,0,0,0,40,0,true,NA,0,0,-172,0,0,2952,1000,false,false,none,false,true,true,true,true
2081,h500_e70000_s10000_k10_y0,500,70000,10000,10,0,0,9998,NA,1001,0,9998,1001,0,0,0,40,0,true,NA,0,0,-1,0,0,239,1000,false,false,none,false,true,true,true,true
2082,h500_e70000_s10000_k20_y0,500,70000,10000,20,0,0,9998,NA,1001,0,9998,1001,0,0,0,40,0,true,NA,0,0,-1,0,0,239,1000,false,false,none,false,true,true,true,true
2083,h500_e70000_s10000_k40_y0,500,70000,10000,40,0,0,9998,NA,1001,0,9998,1001,0,0,0,40,0,true,NA,0,0,-1,0,0,239,1000,false,false,none,false,true,true,true,true
2084,h500_e70000_s10000_k5_y0,500,70000,10000,5,0,0,9998,NA,1001,0,9998,1001,0,0,0,40,0,true,NA,0,0,-1,0,0,239,1000,false,false,none,false,true,true,true,true
2085,h700_e70000_s10000_k10_y0,700,70000,10000,10,0,0,9998,NA,1001,0,9998,1001,0,0,0,40,0,true,NA,0,0,-1,0,0,334,1000,false,false,none,false,true,true,true,true
2086,h700_e70000_s10000_k20_y0,700,70000,10000,20,0,0,9998,NA,1001,0,9998,1001,0,0,0,40,0,true,NA,0,0,-1,0,0,334,1000,false,false,none,false,true,true,true,true
2087,h700_e70000_s10000_k40_y0,700,70000,10000,40,0,0,9998,NA,1001,0,9998,1001,0,0,0,40,0,true,NA,0,0,-1,0,0,334,1000,false,false,none,false,true,true,true,true
2088,h700_e70000_s10000_k5_y0,700,70000,10000,5,0,0,9998,NA,1001,0,9998,1001,0,0,0,40,0,true,NA,0,0,-1,0,0,334,1000,false,false,none,false,true,true,true,true
2089,h100_e15000_s2500_k10_y0,100,15000,2500,10,0,1,114,116,1000,0,114,1000,0,0,0,40,0,true,NA,0,1,-14890,0,1,84,1000,false,true,fixed_nav,false,false,true,true,false
2090,h100_e15000_s2500_k20_y0,100,15000,2500,20,0,1,114,116,1000,0,114,1000,0,0,0,40,0,true,NA,0,1,-14890,0,1,84,1000,false,true,fixed_nav,false,false,true,true,false
2091,h100_e15000_s2500_k40_y0,100,15000,2500,40,0,1,114,116,1000,0,114,1000,0,0,0,40,0,true,NA,0,1,-14890,0,1,84,1000,false,true,fixed_nav,false,false,true,true,false
2092,h100_e15000_s2500_k5_y0,100,15000,2500,5,0,1,114,116,1000,0,114,1000,0,0,0,40,0,true,NA,0,1,-14890,0,1,84,1000,false,true,fixed_nav,false,false,true,true,false
2093,h100_e20000_s2500_k10_y0,100,20000,2500,10,0,1,121,122,1000,0,121,1000,0,0,0,40,0,true,NA,0,1,-4288,0,1,80,1000,false,true,fixed_nav,false,false,true,true,false
2094,h100_e20000_s2500_k20_y0,100,20000,2500,20,0,1,121,122,1000,0,121,1000,0,0,0,40,0,true,NA,0,1,-4288,0,1,80,1000,false,true,fixed_nav,false,false,true,true,false
2095,h100_e20000_s2500_k40_y0,100,20000,2500,40,0,1,121,122,1000,0,121,1000,0,0,0,40,0,true,NA,0,1,-4288,0,1,80,1000,false,true,fixed_nav,false,false,true,true,false
2096,h100_e20000_s2500_k5_y0,100,20000,2500,5,0,1,121,122,1000,0,121,1000,0,0,0,40,0,true,NA,0,1,-4288,0,1,80,1000,false,true,fixed_nav,false,false,true,true,false
2097,h100_e25000_s2500_k10_y0,100,25000,2500,10,0,1,127,129,1000,0,127,1000,0,0,0,40,0,true,NA,0,1,-1235,0,1,76,1000,false,true,fixed_nav,false,false,true,true,false
2098,h100_e25000_s2500_k20_y0,100,25000,2500,20,0,1,127,129,1000,0,127,1000,0,0,0,40,0,true,NA,0,1,-1235,0,1,76,1000,false,true,fixed_nav,false,false,true,true,false
2099,h100_e25000_s2500_k40_y0,100,25000,2500,40,0,1,127,129,1000,0,127,1000,0,0,0,40,0,true,NA,0,1,-1235,0,1,76,1000,false,true,fixed_nav,false,false,true,true,false
2100,h100_e25000_s2500_k5_y0,100,25000,2500,5,0,1,127,129,1000,0,127,1000,0,0,0,40,0,true,NA,0,1,-1235,0,1,76,1000,false,true,fixed_nav,false,false,true,true,false
2101,h100_e30000_s2500_k10_y0,100,30000,2500,10,0,1,133,135,1000,0,133,1000,0,0,0,40,0,true,NA,0,1,-356,0,1,72,1000,false,true,fixed_nav,false,false,true,true,false
2102,h100_e30000_s2500_k20_y0,100,30000,2500,20,0,1,133,135,1000,0,133,1000,0,0,0,40,0,true,NA,0,1,-356,0,1,72,1000,false,true,fixed_nav,false,false,true,true,false
2103,h100_e30000_s2500_k40_y0,100,30000,2500,40,0,1,133,135,1000,0,133,1000,0,0,0,40,0,true,NA,0,1,-356,0,1,72,1000,false,true,fixed_nav,false,false,true,true,false
2104,h100_e30000_s2500_k5_y0,100,30000,2500,5,0,1,133,135,1000,0,133,1000,0,0,0,40,0,true,NA,0,1,-356,0,1,72,1000,false,true,fixed_nav,false,false,true,true,false
2105,h100_e40000_s2500_k10_y0,100,40000,2500,10,0,1,147,149,1000,0,147,1000,0,0,0,40,0,true,NA,0,0,-30,0,1,65,1000,false,true,fixed_nav,false,false,true,true,false
2106,h100_e40000_s2500_k20_y0,100,40000,2500,20,0,1,147,149,1000,0,147,1000,0,0,0,40,0,true,NA,0,0,-30,0,1,65,1000,false,true,fixed_nav,false,false,true,true,false
2107,h100_e40000_s2500_k40_y0,100,40000,2500,40,0,1,147,149,1000,0,147,1000,0,0,0,40,0,true,NA,0,0,-30,0,1,65,1000,false,true,fixed_nav,false,false,true,true,false
2108,h100_e40000_s2500_k5_y0,100,40000,2500,5,0,1,147,149,1000,0,147,1000,0,0,0,40,0,true,NA,0,0,-30,0,1,65,1000,false,true,fixed_nav,false,false,true,true,false
2109,h100_e50000_s2500_k10_y0,100,50000,2500,10,0,1,162,165,1000,0,162,1000,0,0,0,40,0,true,NA,0,0,-3,0,0,59,1000,false,true,fixed_nav,false,false,true,true,false
2110,h100_e50000_s2500_k20_y0,100,50000,2500,20,0,1,162,165,1000,0,162,1000,0,0,0,40,0,true,NA,0,0,-3,0,0,59,1000,false,true,fixed_nav,false,false,true,true,false
2111,h100_e50000_s2500_k40_y0,100,50000,2500,40,0,1,162,165,1000,0,162,1000,0,0,0,40,0,true,NA,0,0,-3,0,0,59,1000,false,true,fixed_nav,false,false,true,true,false
2112,h100_e50000_s2500_k5_y0,100,50000,2500,5,0,1,162,165,1000,0,162,1000,0,0,0,40,0,true,NA,0,0,-3,0,0,59,1000,false,true,fixed_nav,false,false,true,true,false
2113,h100_e20000_s5000_k10_y0,100,20000,5000,10,0,1,169,172,1000,0,169,1000,0,0,0,40,0,true,NA,0,1,-4921,0,1,80,1000,false,true,fixed_nav,false,false,true,true,false
2114,h100_e20000_s5000_k20_y0,100,20000,5000,20,0,1,169,172,1000,0,169,1000,0,0,0,40,0,true,NA,0,1,-4921,0,1,80,1000,false,true,fixed_nav,false,false,true,true,false
2115,h100_e20000_s5000_k40_y0,100,20000,5000,40,0,1,169,172,1000,0,169,1000,0,0,0,40,0,true,NA,0,1,-4921,0,1,80,1000,false,true,fixed_nav,false,false,true,true,false
2116,h100_e20000_s5000_k5_y0,100,20000,5000,5,0,1,169,172,1000,0,169,1000,0,0,0,40,0,true,NA,0,1,-4921,0,1,80,1000,false,true,fixed_nav,false,false,true,true,false
2117,h100_e25000_s5000_k10_y0,100,25000,5000,10,0,1,194,197,1000,0,194,1000,0,0,0,40,0,true,NA,0,1,-1467,0,1,76,1000,false,true,fixed_nav,false,false,true,true,false
2118,h100_e25000_s5000_k20_y0,100,25000,5000,20,0,1,194,197,1000,0,194,1000,0,0,0,40,0,true,NA,0,1,-1467,0,1,76,1000,false,true,fixed_nav,false,false,true,true,false
2119,h100_e25000_s5000_k40_y0,100,25000,5000,40,0,1,194,197,1000,0,194,1000,0,0,0,40,0,true,NA,0,1,-1467,0,1,76,1000,false,true,fixed_nav,false,false,true,true,false
2120,h100_e25000_s5000_k5_y0,100,25000,5000,5,0,1,194,197,1000,0,194,1000,0,0,0,40,0,true,NA,0,1,-1467,0,1,76,1000,false,true,fixed_nav,false,false,true,true,false
2121,h100_e70000_s2500_k10_y0,100,70000,2500,10,0,0,197,201,1000,0,197,1000,0,0,0,40,0,true,NA,0,0,-1,0,0,47,1000,false,true,fixed_nav,false,false,true,true,false
2122,h100_e70000_s2500_k20_y0,100,70000,2500,20,0,0,197,201,1000,0,197,1000,0,0,0,40,0,true,NA,0,0,-1,0,0,47,1000,false,true,fixed_nav,false,false,true,true,false
2123,h100_e70000_s2500_k40_y0,100,70000,2500,40,0,0,197,201,1000,0,197,1000,0,0,0,40,0,true,NA,0,0,-1,0,0,47,1000,false,true,fixed_nav,false,false,true,true,false
2124,h100_e70000_s2500_k5_y0,100,70000,2500,5,0,0,197,201,1000,0,197,1000,0,0,0,40,0,true,NA,0,0,-1,0,0,47,1000,false,true,fixed_nav,false,false,true,true,false
2125,h100_e30000_s5000_k10_y0,100,30000,5000,10,0,1,222,227,1000,0,222,1000,0,0,0,40,0,true,NA,0,1,-437,0,1,72,1000,false,true,fixed_nav,false,false,true,true,false
2126,h100_e30000_s5000_k20_y0,100,30000,5000,20,0,1,222,227,1000,0,222,1000,0,0,0,40,0,true,NA,0,1,-437,0,1,72,1000,false,true,fixed_nav,false,false,true,true,false
2127,h100_e30000_s5000_k40_y0,100,30000,5000,40,0,1,222,227,1000,0,222,1000,0,0,0,40,0,true,NA,0,1,-437,0,1,72,1000,false,true,fixed_nav,false,false,true,true,false
2128,h100_e30000_s5000_k5_y0,100,30000,5000,5,0,1,222,227,1000,0,222,1000,0,0,0,40,0,true,NA,0,1,-437,0,1,72,1000,false,true,fixed_nav,false,false,true,true,false
2129,h100_e100000_s2500_k10_y0,100,100000,2500,10,0,0,265,272,1000,0,265,1000,0,0,0,40,0,true,NA,0,0,0,0,0,34,1000,false,true,fixed_nav,false,false,true,true,false
2130,h100_e100000_s2500_k20_y0,100,100000,2500,20,0,0,265,272,1000,0,265,1000,0,0,0,40,0,true,NA,0,0,0,0,0,34,1000,false,true,fixed_nav,false,false,true,true,false
2131,h100_e100000_s2500_k40_y0,100,100000,2500,40,0,0,265,272,1000,0,265,1000,0,0,0,40,0,true,NA,0,0,0,0,0,34,1000,false,true,fixed_nav,false,false,true,true,false
2132,h100_e100000_s2500_k5_y0,100,100000,2500,5,0,0,265,272,1000,0,265,1000,0,0,0,40,0,true,NA,0,0,0,0,0,34,1000,false,true,fixed_nav,false,false,true,true,false
2133,h100_e40000_s5000_k10_y0,100,40000,5000,10,0,1,289,298,1000,0,289,1000,0,0,0,40,0,true,NA,0,0,-39,0,1,65,1000,false,true,fixed_nav,false,false,true,true,false
2134,h100_e40000_s5000_k20_y0,100,40000,5000,20,0,1,289,298,1000,0,289,1000,0,0,0,40,0,true,NA,0,0,-39,0,1,65,1000,false,true,fixed_nav,false,false,true,true,false
2135,h100_e40000_s5000_k40_y0,100,40000,5000,40,0,1,289,298,1000,0,289,1000,0,0,0,40,0,true,NA,0,0,-39,0,1,65,1000,false,true,fixed_nav,false,false,true,true,false
2136,h100_e40000_s5000_k5_y0,100,40000,5000,5,0,1,289,298,1000,0,289,1000,0,0,0,40,0,true,NA,0,0,-39,0,1,65,1000,false,true,fixed_nav,false,false,true,true,false
2137,h300_e20000_s2500_k10_y0,300,20000,2500,10,0,1,363,377,1000,0,363,1000,0,0,0,40,0,true,NA,0,1,-12848,0,1,242,1000,false,true,fixed_nav,false,false,true,true,false
2138,h300_e20000_s2500_k20_y0,300,20000,2500,20,0,1,363,377,1000,0,363,1000,0,0,0,40,0,true,NA,0,1,-12848,0,1,242,1000,false,true,fixed_nav,false,false,true,true,false
2139,h300_e20000_s2500_k40_y0,300,20000,2500,40,0,1,363,377,1000,0,363,1000,0,0,0,40,0,true,NA,0,1,-12848,0,1,242,1000,false,true,fixed_nav,false,false,true,true,false
2140,h300_e20000_s2500_k5_y0,300,20000,2500,5,0,1,363,377,1000,0,363,1000,0,0,0,40,0,true,NA,0,1,-12848,0,1,242,1000,false,true,fixed_nav,false,false,true,true,false
2141,h100_e50000_s5000_k10_y0,100,50000,5000,10,0,1,378,393,1000,0,378,1000,0,0,0,40,0,true,NA,0,0,-4,0,0,59,1000,false,true,fixed_nav,false,false,true,true,false
2142,h100_e50000_s5000_k20_y0,100,50000,5000,20,0,1,378,393,1000,0,378,1000,0,0,0,40,0,true,NA,0,0,-4,0,0,59,1000,false,true,fixed_nav,false,false,true,true,false
2143,h100_e50000_s5000_k40_y0,100,50000,5000,40,0,1,378,393,1000,0,378,1000,0,0,0,40,0,true,NA,0,0,-4,0,0,59,1000,false,true,fixed_nav,false,false,true,true,false
2144,h100_e50000_s5000_k5_y0,100,50000,5000,5,0,1,378,393,1000,0,378,1000,0,0,0,40,0,true,NA,0,0,-4,0,0,59,1000,false,true,fixed_nav,false,false,true,true,false
2145,h300_e25000_s2500_k10_y0,300,25000,2500,10,0,1,382,397,1000,0,382,1000,0,0,0,40,0,true,NA,0,1,-3700,0,1,230,1000,false,true,fixed_nav,false,false,true,true,false
2146,h300_e25000_s2500_k20_y0,300,25000,2500,20,0,1,382,397,1000,0,382,1000,0,0,0,40,0,true,NA,0,1,-3700,0,1,230,1000,false,true,fixed_nav,false,false,true,true,false
2147,h300_e25000_s2500_k40_y0,300,25000,2500,40,0,1,382,397,1000,0,382,1000,0,0,0,40,0,true,NA,0,1,-3700,0,1,230,1000,false,true,fixed_nav,false,false,true,true,false
2148,h300_e25000_s2500_k5_y0,300,25000,2500,5,0,1,382,397,1000,0,382,1000,0,0,0,40,0,true,NA,0,1,-3700,0,1,230,1000,false,true,fixed_nav,false,false,true,true,false
2149,h300_e30000_s2500_k10_y0,300,30000,2500,10,0,1,401,418,1000,0,401,1000,0,0,0,40,0,true,NA,0,1,-1066,0,1,218,1000,false,true,fixed_nav,false,false,true,true,false
2150,h300_e30000_s2500_k20_y0,300,30000,2500,20,0,1,401,418,1000,0,401,1000,0,0,0,40,0,true,NA,0,1,-1066,0,1,218,1000,false,true,fixed_nav,false,false,true,true,false
2151,h300_e30000_s2500_k40_y0,300,30000,2500,40,0,1,401,418,1000,0,401,1000,0,0,0,40,0,true,NA,0,1,-1066,0,1,218,1000,false,true,fixed_nav,false,false,true,true,false
2152,h300_e30000_s2500_k5_y0,300,30000,2500,5,0,1,401,418,1000,0,401,1000,0,0,0,40,0,true,NA,0,1,-1066,0,1,218,1000,false,true,fixed_nav,false,false,true,true,false
2153,h300_e40000_s2500_k10_y0,300,40000,2500,10,0,1,443,463,1000,0,443,1000,0,0,0,40,0,true,NA,0,0,-89,0,1,196,1000,false,true,fixed_nav,false,false,true,true,false
2154,h300_e40000_s2500_k20_y0,300,40000,2500,20,0,1,443,463,1000,0,443,1000,0,0,0,40,0,true,NA,0,0,-89,0,1,196,1000,false,true,fixed_nav,false,false,true,true,false
2155,h300_e40000_s2500_k40_y0,300,40000,2500,40,0,1,443,463,1000,0,443,1000,0,0,0,40,0,true,NA,0,0,-89,0,1,196,1000,false,true,fixed_nav,false,false,true,true,false
2156,h300_e40000_s2500_k5_y0,300,40000,2500,5,0,1,443,463,1000,0,443,1000,0,0,0,40,0,true,NA,0,0,-89,0,1,196,1000,false,true,fixed_nav,false,false,true,true,false
2157,h300_e50000_s2500_k10_y0,300,50000,2500,10,0,1,488,513,1000,0,488,1000,0,0,0,40,0,true,NA,0,0,-8,0,1,177,1000,false,true,fixed_nav,false,false,true,true,false
2158,h300_e50000_s2500_k20_y0,300,50000,2500,20,0,1,488,513,1000,0,488,1000,0,0,0,40,0,true,NA,0,0,-8,0,1,177,1000,false,true,fixed_nav,false,false,true,true,false
2159,h300_e50000_s2500_k40_y0,300,50000,2500,40,0,1,488,513,1000,0,488,1000,0,0,0,40,0,true,NA,0,0,-8,0,1,177,1000,false,true,fixed_nav,false,false,true,true,false
2160,h300_e50000_s2500_k5_y0,300,50000,2500,5,0,1,488,513,1000,0,488,1000,0,0,0,40,0,true,NA,0,0,-8,0,1,177,1000,false,true,fixed_nav,false,false,true,true,false
2161,h300_e70000_s2500_k10_y0,300,70000,2500,10,0,0,593,631,1000,0,593,1000,0,0,0,40,0,true,NA,0,0,-1,0,0,143,1000,false,true,fixed_nav,false,false,true,true,false
2162,h300_e70000_s2500_k20_y0,300,70000,2500,20,0,0,593,631,1000,0,593,1000,0,0,0,40,0,true,NA,0,0,-1,0,0,143,1000,false,true,fixed_nav,false,false,true,true,false
2163,h300_e70000_s2500_k40_y0,300,70000,2500,40,0,0,593,631,1000,0,593,1000,0,0,0,40,0,true,NA,0,0,-1,0,0,143,1000,false,true,fixed_nav,false,false,true,true,false
2164,h300_e70000_s2500_k5_y0,300,70000,2500,5,0,0,593,631,1000,0,593,1000,0,0,0,40,0,true,NA,0,0,-1,0,0,143,1000,false,true,fixed_nav,false,false,true,true,false
2165,h500_e25000_s2500_k10_y0,500,25000,2500,10,0,1,637,680,1000,0,637,1000,0,0,0,40,0,true,NA,0,1,-6163,0,1,384,1000,false,true,fixed_nav,false,false,true,true,false
2166,h500_e25000_s2500_k20_y0,500,25000,2500,20,0,1,637,680,1000,0,637,1000,0,0,0,40,0,true,NA,0,1,-6163,0,1,384,1000,false,true,fixed_nav,false,false,true,true,false
2167,h500_e25000_s2500_k40_y0,500,25000,2500,40,0,1,637,680,1000,0,637,1000,0,0,0,40,0,true,NA,0,1,-6163,0,1,384,1000,false,true,fixed_nav,false,false,true,true,false
2168,h500_e25000_s2500_k5_y0,500,25000,2500,5,0,1,637,680,1000,0,637,1000,0,0,0,40,0,true,NA,0,1,-6163,0,1,384,1000,false,true,fixed_nav,false,false,true,true,false
2169,h100_e70000_s5000_k10_y0,100,70000,5000,10,0,0,644,688,1000,0,644,1000,0,0,0,40,0,true,NA,0,0,-1,0,0,47,1000,false,true,fixed_nav,false,false,true,true,false
2170,h100_e70000_s5000_k20_y0,100,70000,5000,20,0,0,644,688,1000,0,644,1000,0,0,0,40,0,true,NA,0,0,-1,0,0,47,1000,false,true,fixed_nav,false,false,true,true,false
2171,h100_e70000_s5000_k40_y0,100,70000,5000,40,0,0,644,688,1000,0,644,1000,0,0,0,40,0,true,NA,0,0,-1,0,0,47,1000,false,true,fixed_nav,false,false,true,true,false
2172,h100_e70000_s5000_k5_y0,100,70000,5000,5,0,0,644,688,1000,0,644,1000,0,0,0,40,0,true,NA,0,0,-1,0,0,47,1000,false,true,fixed_nav,false,false,true,true,false
2173,h300_e30000_s5000_k10_y0,300,30000,5000,10,0,1,666,713,1000,0,666,1000,0,0,0,40,0,true,NA,0,1,-1311,0,1,218,1000,false,true,fixed_nav,false,false,true,true,false
2174,h300_e30000_s5000_k20_y0,300,30000,5000,20,0,1,666,713,1000,0,666,1000,0,0,0,40,0,true,NA,0,1,-1311,0,1,218,1000,false,true,fixed_nav,false,false,true,true,false
2175,h300_e30000_s5000_k40_y0,300,30000,5000,40,0,1,666,713,1000,0,666,1000,0,0,0,40,0,true,NA,0,1,-1311,0,1,218,1000,false,true,fixed_nav,false,false,true,true,false
2176,h300_e30000_s5000_k5_y0,300,30000,5000,5,0,1,666,713,1000,0,666,1000,0,0,0,40,0,true,NA,0,1,-1311,0,1,218,1000,false,true,fixed_nav,false,false,true,true,false
2177,h500_e30000_s2500_k10_y0,500,30000,2500,10,0,1,669,717,1000,0,669,1000,0,0,0,40,0,true,NA,0,1,-1775,0,1,364,1000,false,true,fixed_nav,false,false,true,true,false
2178,h500_e30000_s2500_k20_y0,500,30000,2500,20,0,1,669,717,1000,0,669,1000,0,0,0,40,0,true,NA,0,1,-1775,0,1,364,1000,false,true,fixed_nav,false,false,true,true,false
2179,h500_e30000_s2500_k40_y0,500,30000,2500,40,0,1,669,717,1000,0,669,1000,0,0,0,40,0,true,NA,0,1,-1775,0,1,364,1000,false,true,fixed_nav,false,false,true,true,false
2180,h500_e30000_s2500_k5_y0,500,30000,2500,5,0,1,669,717,1000,0,669,1000,0,0,0,40,0,true,NA,0,1,-1775,0,1,364,1000,false,true,fixed_nav,false,false,true,true,false
2181,h500_e40000_s2500_k10_y0,500,40000,2500,10,0,1,738,797,1000,0,738,1000,0,0,0,40,0,true,NA,0,0,-148,0,1,328,1000,false,true,fixed_nav,false,false,true,true,false
2182,h500_e40000_s2500_k20_y0,500,40000,2500,20,0,1,738,797,1000,0,738,1000,0,0,0,40,0,true,NA,0,0,-148,0,1,328,1000,false,true,fixed_nav,false,false,true,true,false
2183,h500_e40000_s2500_k40_y0,500,40000,2500,40,0,1,738,797,1000,0,738,1000,0,0,0,40,0,true,NA,0,0,-148,0,1,328,1000,false,true,fixed_nav,false,false,true,true,false
2184,h500_e40000_s2500_k5_y0,500,40000,2500,5,0,1,738,797,1000,0,738,1000,0,0,0,40,0,true,NA,0,0,-148,0,1,328,1000,false,true,fixed_nav,false,false,true,true,false
2185,h300_e100000_s2500_k10_y0,300,100000,2500,10,0,0,795,864,1000,0,795,1000,0,0,0,40,0,true,NA,0,0,0,0,0,104,1000,false,true,fixed_nav,false,false,true,true,false
2186,h300_e100000_s2500_k20_y0,300,100000,2500,20,0,0,795,864,1000,0,795,1000,0,0,0,40,0,true,NA,0,0,0,0,0,104,1000,false,true,fixed_nav,false,false,true,true,false
2187,h300_e100000_s2500_k40_y0,300,100000,2500,40,0,0,795,864,1000,0,795,1000,0,0,0,40,0,true,NA,0,0,0,0,0,104,1000,false,true,fixed_nav,false,false,true,true,false
2188,h300_e100000_s2500_k5_y0,300,100000,2500,5,0,0,795,864,1000,0,795,1000,0,0,0,40,0,true,NA,0,0,0,0,0,104,1000,false,true,fixed_nav,false,false,true,true,false
2189,h500_e50000_s2500_k10_y0,500,50000,2500,10,0,1,814,886,1000,0,814,1000,0,0,0,40,0,true,NA,0,0,-13,0,1,295,1000,false,true,fixed_nav,false,false,true,true,false
2190,h500_e50000_s2500_k20_y0,500,50000,2500,20,0,1,814,886,1000,0,814,1000,0,0,0,40,0,true,NA,0,0,-13,0,1,295,1000,false,true,fixed_nav,false,false,true,true,false
2191,h500_e50000_s2500_k40_y0,500,50000,2500,40,0,1,814,886,1000,0,814,1000,0,0,0,40,0,true,NA,0,0,-13,0,1,295,1000,false,true,fixed_nav,false,false,true,true,false
2192,h500_e50000_s2500_k5_y0,500,50000,2500,5,0,1,814,886,1000,0,814,1000,0,0,0,40,0,true,NA,0,0,-13,0,1,295,1000,false,true,fixed_nav,false,false,true,true,false
2193,h100_e40000_s10000_k10_y0,100,40000,10000,10,0,1,854,934,1000,0,854,1000,0,0,0,40,0,true,NA,0,0,-64,0,1,65,1000,false,true,fixed_nav,false,false,true,true,false
2194,h100_e40000_s10000_k20_y0,100,40000,10000,20,0,1,854,934,1000,0,854,1000,0,0,0,40,0,true,NA,0,0,-64,0,1,65,1000,false,true,fixed_nav,false,false,true,true,false
2195,h100_e40000_s10000_k40_y0,100,40000,10000,40,0,1,854,934,1000,0,854,1000,0,0,0,40,0,true,NA,0,0,-64,0,1,65,1000,false,true,fixed_nav,false,false,true,true,false
2196,h100_e40000_s10000_k5_y0,100,40000,10000,5,0,1,854,934,1000,0,854,1000,0,0,0,40,0,true,NA,0,0,-64,0,1,65,1000,false,true,fixed_nav,false,false,true,true,false
2197,h300_e40000_s5000_k10_y0,300,40000,5000,10,0,1,869,952,1000,0,869,1000,0,0,0,40,0,true,NA,0,0,-117,0,1,196,1000,false,true,fixed_nav,false,false,true,true,false
2198,h300_e40000_s5000_k20_y0,300,40000,5000,20,0,1,869,952,1000,0,869,1000,0,0,0,40,0,true,NA,0,0,-117,0,1,196,1000,false,true,fixed_nav,false,false,true,true,false
2199,h300_e40000_s5000_k40_y0,300,40000,5000,40,0,1,869,952,1000,0,869,1000,0,0,0,40,0,true,NA,0,0,-117,0,1,196,1000,false,true,fixed_nav,false,false,true,true,false
2200,h300_e40000_s5000_k5_y0,300,40000,5000,5,0,1,869,952,1000,0,869,1000,0,0,0,40,0,true,NA,0,0,-117,0,1,196,1000,false,true,fixed_nav,false,false,true,true,false
2201,h700_e25000_s2500_k10_y0,700,25000,2500,10,0,1,892,979,1000,0,892,1000,0,0,0,40,0,true,NA,0,1,-8622,0,1,537,1000,false,true,fixed_nav,false,false,true,true,false
2202,h700_e25000_s2500_k20_y0,700,25000,2500,20,0,1,892,979,1000,0,892,1000,0,0,0,40,0,true,NA,0,1,-8622,0,1,537,1000,false,true,fixed_nav,false,false,true,true,false
2203,h700_e25000_s2500_k40_y0,700,25000,2500,40,0,1,892,979,1000,0,892,1000,0,0,0,40,0,true,NA,0,1,-8622,0,1,537,1000,false,true,fixed_nav,false,false,true,true,false
2204,h700_e25000_s2500_k5_y0,700,25000,2500,5,0,1,892,979,1000,0,892,1000,0,0,0,40,0,true,NA,0,1,-8622,0,1,537,1000,false,true,fixed_nav,false,false,true,true,false
2205,h700_e30000_s2500_k10_y0,700,30000,2500,10,0,1,937,1034,1000,0,937,1000,0,0,0,40,0,true,NA,0,1,-2484,0,1,510,1000,false,true,fixed_nav,false,false,true,true,false
2206,h700_e30000_s2500_k20_y0,700,30000,2500,20,0,1,937,1034,1000,0,937,1000,0,0,0,40,0,true,NA,0,1,-2484,0,1,510,1000,false,true,fixed_nav,false,false,true,true,false
2207,h700_e30000_s2500_k40_y0,700,30000,2500,40,0,1,937,1034,1000,0,937,1000,0,0,0,40,0,true,NA,0,1,-2484,0,1,510,1000,false,true,fixed_nav,false,false,true,true,false
2208,h700_e30000_s2500_k5_y0,700,30000,2500,5,0,1,937,1034,1000,0,937,1000,0,0,0,40,0,true,NA,0,1,-2484,0,1,510,1000,false,true,fixed_nav,false,false,true,true,false
2209,h500_e70000_s2500_k10_y0,500,70000,2500,10,0,0,989,1098,1000,0,989,1000,0,0,0,40,0,true,NA,0,0,-1,0,0,239,1000,false,true,fixed_nav,false,false,true,true,false
2210,h500_e70000_s2500_k20_y0,500,70000,2500,20,0,0,989,1098,1000,0,989,1000,0,0,0,40,0,true,NA,0,0,-1,0,0,239,1000,false,true,fixed_nav,false,false,true,true,false
2211,h500_e70000_s2500_k40_y0,500,70000,2500,40,0,0,989,1098,1000,0,989,1000,0,0,0,40,0,true,NA,0,0,-1,0,0,239,1000,false,true,fixed_nav,false,false,true,true,false
2212,h500_e70000_s2500_k5_y0,500,70000,2500,5,0,0,989,1098,1000,0,989,1000,0,0,0,40,0,true,NA,0,0,-1,0,0,239,1000,false,true,fixed_nav,false,false,true,true,false
2213,h700_e40000_s2500_k10_y0,700,40000,2500,10,0,1,1034,1153,1000,0,1034,1000,0,0,0,40,0,true,NA,0,0,-206,0,1,459,1000,false,true,fixed_nav,false,false,true,true,false
2214,h700_e40000_s2500_k20_y0,700,40000,2500,20,0,1,1034,1153,1000,0,1034,1000,0,0,0,40,0,true,NA,0,0,-206,0,1,459,1000,false,true,fixed_nav,false,false,true,true,false
2215,h700_e40000_s2500_k40_y0,700,40000,2500,40,0,1,1034,1153,1000,0,1034,1000,0,0,0,40,0,true,NA,0,0,-206,0,1,459,1000,false,true,fixed_nav,false,false,true,true,false
2216,h700_e40000_s2500_k5_y0,700,40000,2500,5,0,1,1034,1153,1000,0,1034,1000,0,0,0,40,0,true,NA,0,0,-206,0,1,459,1000,false,true,fixed_nav,false,false,true,true,false
2217,h300_e50000_s5000_k10_y0,300,50000,5000,10,0,1,1135,1280,1000,0,1135,1000,0,0,0,40,0,true,NA,0,0,-11,0,1,177,1000,false,true,fixed_nav,false,false,true,true,false
2218,h300_e50000_s5000_k20_y0,300,50000,5000,20,0,1,1135,1280,1000,0,1135,1000,0,0,0,40,0,true,NA,0,0,-11,0,1,177,1000,false,true,fixed_nav,false,false,true,true,false
2219,h300_e50000_s5000_k40_y0,300,50000,5000,40,0,1,1135,1280,1000,0,1135,1000,0,0,0,40,0,true,NA,0,0,-11,0,1,177,1000,false,true,fixed_nav,false,false,true,true,false
2220,h300_e50000_s5000_k5_y0,300,50000,5000,5,0,1,1135,1280,1000,0,1135,1000,0,0,0,40,0,true,NA,0,0,-11,0,1,177,1000,false,true,fixed_nav,false,false,true,true,false
2221,h700_e50000_s2500_k10_y0,700,50000,2500,10,0,1,1140,1286,1000,0,1140,1000,0,0,0,40,0,true,NA,0,0,-18,0,1,413,1000,false,true,fixed_nav,false,false,true,true,false
2222,h700_e50000_s2500_k20_y0,700,50000,2500,20,0,1,1140,1286,1000,0,1140,1000,0,0,0,40,0,true,NA,0,0,-18,0,1,413,1000,false,true,fixed_nav,false,false,true,true,false
2223,h700_e50000_s2500_k40_y0,700,50000,2500,40,0,1,1140,1286,1000,0,1140,1000,0,0,0,40,0,true,NA,0,0,-18,0,1,413,1000,false,true,fixed_nav,false,false,true,true,false
2224,h700_e50000_s2500_k5_y0,700,50000,2500,5,0,1,1140,1286,1000,0,1140,1000,0,0,0,40,0,true,NA,0,0,-18,0,1,413,1000,false,true,fixed_nav,false,false,true,true,false
2225,h500_e100000_s2500_k10_y0,500,100000,2500,10,0,0,1326,1529,1000,0,1326,1000,0,0,0,40,0,true,NA,0,0,0,0,0,174,1000,false,true,fixed_nav,false,false,true,true,false
2226,h500_e100000_s2500_k20_y0,500,100000,2500,20,0,0,1326,1529,1000,0,1326,1000,0,0,0,40,0,true,NA,0,0,0,0,0,174,1000,false,true,fixed_nav,false,false,true,true,false
2227,h500_e100000_s2500_k40_y0,500,100000,2500,40,0,0,1326,1529,1000,0,1326,1000,0,0,0,40,0,true,NA,0,0,0,0,0,174,1000,false,true,fixed_nav,false,false,true,true,false
2228,h500_e100000_s2500_k5_y0,500,100000,2500,5,0,0,1326,1529,1000,0,1326,1000,0,0,0,40,0,true,NA,0,0,0,0,0,174,1000,false,true,fixed_nav,false,false,true,true,false
2229,h1000_e30000_s2500_k10_y0,1000,30000,2500,10,0,1,1339,1546,1000,0,1339,1000,0,0,0,40,0,true,NA,0,1,-3546,0,1,728,1000,false,true,fixed_nav,false,false,true,true,false
2230,h1000_e30000_s2500_k20_y0,1000,30000,2500,20,0,1,1339,1546,1000,0,1339,1000,0,0,0,40,0,true,NA,0,1,-3546,0,1,728,1000,false,true,fixed_nav,false,false,true,true,false
2231,h1000_e30000_s2500_k40_y0,1000,30000,2500,40,0,1,1339,1546,1000,0,1339,1000,0,0,0,40,0,true,NA,0,1,-3546,0,1,728,1000,false,true,fixed_nav,false,false,true,true,false
2232,h1000_e30000_s2500_k5_y0,1000,30000,2500,5,0,1,1339,1546,1000,0,1339,1000,0,0,0,40,0,true,NA,0,1,-3546,0,1,728,1000,false,true,fixed_nav,false,false,true,true,false
2233,h700_e70000_s2500_k10_y0,700,70000,2500,10,0,0,1385,1608,1000,0,1385,1000,0,0,0,40,0,true,NA,0,0,-1,0,0,334,1000,false,true,fixed_nav,false,false,true,true,false
2234,h700_e70000_s2500_k20_y0,700,70000,2500,20,0,0,1385,1608,1000,0,1385,1000,0,0,0,40,0,true,NA,0,0,-1,0,0,334,1000,false,true,fixed_nav,false,false,true,true,false
2235,h700_e70000_s2500_k40_y0,700,70000,2500,40,0,0,1385,1608,1000,0,1385,1000,0,0,0,40,0,true,NA,0,0,-1,0,0,334,1000,false,true,fixed_nav,false,false,true,true,false
2236,h700_e70000_s2500_k5_y0,700,70000,2500,5,0,0,1385,1608,1000,0,1385,1000,0,0,0,40,0,true,NA,0,0,-1,0,0,334,1000,false,true,fixed_nav,false,false,true,true,false
2237,h100_e100000_s5000_k10_y0,100,100000,5000,10,0,0,1432,1672,1000,0,1432,1000,0,0,0,40,0,true,NA,0,0,0,0,0,34,1000,false,true,fixed_nav,false,false,true,true,false
2238,h100_e100000_s5000_k20_y0,100,100000,5000,20,0,0,1432,1672,1000,0,1432,1000,0,0,0,40,0,true,NA,0,0,0,0,0,34,1000,false,true,fixed_nav,false,false,true,true,false
2239,h100_e100000_s5000_k40_y0,100,100000,5000,40,0,0,1432,1672,1000,0,1432,1000,0,0,0,40,0,true,NA,0,0,0,0,0,34,1000,false,true,fixed_nav,false,false,true,true,false
2240,h100_e100000_s5000_k5_y0,100,100000,5000,5,0,0,1432,1672,1000,0,1432,1000,0,0,0,40,0,true,NA,0,0,0,0,0,34,1000,false,true,fixed_nav,false,false,true,true,false
2241,h500_e40000_s5000_k10_y0,500,40000,5000,10,0,1,1449,1695,1000,0,1449,1000,0,0,0,40,0,true,NA,0,0,-194,0,1,328,1000,false,true,fixed_nav,false,false,true,true,false
2242,h500_e40000_s5000_k20_y0,500,40000,5000,20,0,1,1449,1695,1000,0,1449,1000,0,0,0,40,0,true,NA,0,0,-194,0,1,328,1000,false,true,fixed_nav,false,false,true,true,false
2243,h500_e40000_s5000_k40_y0,500,40000,5000,40,0,1,1449,1695,1000,0,1449,1000,0,0,0,40,0,true,NA,0,0,-194,0,1,328,1000,false,true,fixed_nav,false,false,true,true,false
2244,h500_e40000_s5000_k5_y0,500,40000,5000,5,0,1,1449,1695,1000,0,1449,1000,0,0,0,40,0,true,NA,0,0,-194,0,1,328,1000,false,true,fixed_nav,false,false,true,true,false
2245,h100_e50000_s10000_k10_y0,100,50000,10000,10,0,1,1461,1711,1000,0,1461,1000,0,0,0,40,0,true,NA,0,0,-7,0,0,59,1000,false,true,fixed_nav,false,false,true,true,false
2246,h100_e50000_s10000_k20_y0,100,50000,10000,20,0,1,1461,1711,1000,0,1461,1000,0,0,0,40,0,true,NA,0,0,-7,0,0,59,1000,false,true,fixed_nav,false,false,true,true,false
2247,h100_e50000_s10000_k40_y0,100,50000,10000,40,0,1,1461,1711,1000,0,1461,1000,0,0,0,40,0,true,NA,0,0,-7,0,0,59,1000,false,true,fixed_nav,false,false,true,true,false
2248,h100_e50000_s10000_k5_y0,100,50000,10000,5,0,1,1461,1711,1000,0,1461,1000,0,0,0,40,0,true,NA,0,0,-7,0,0,59,1000,false,true,fixed_nav,false,false,true,true,false
2249,h1000_e40000_s2500_k10_y0,1000,40000,2500,10,0,1,1477,1733,1000,0,1477,1000,0,0,0,40,0,true,NA,0,0,-295,0,1,656,1000,false,true,fixed_nav,false,false,true,true,false
2250,h1000_e40000_s2500_k20_y0,1000,40000,2500,20,0,1,1477,1733,1000,0,1477,1000,0,0,0,40,0,true,NA,0,0,-295,0,1,656,1000,false,true,fixed_nav,false,false,true,true,false
2251,h1000_e40000_s2500_k40_y0,1000,40000,2500,40,0,1,1477,1733,1000,0,1477,1000,0,0,0,40,0,true,NA,0,0,-295,0,1,656,1000,false,true,fixed_nav,false,false,true,true,false
2252,h1000_e40000_s2500_k5_y0,1000,40000,2500,5,0,1,1477,1733,1000,0,1477,1000,0,0,0,40,0,true,NA,0,0,-295,0,1,656,1000,false,true,fixed_nav,false,false,true,true,false
2253,h1000_e50000_s2500_k10_y0,1000,50000,2500,10,0,1,1628,1945,1000,0,1628,1000,0,0,0,40,0,true,NA,0,0,-25,0,1,590,1000,false,true,fixed_nav,false,false,true,true,false
2254,h1000_e50000_s2500_k20_y0,1000,50000,2500,20,0,1,1628,1945,1000,0,1628,1000,0,0,0,40,0,true,NA,0,0,-25,0,1,590,1000,false,true,fixed_nav,false,false,true,true,false
2255,h1000_e50000_s2500_k40_y0,1000,50000,2500,40,0,1,1628,1945,1000,0,1628,1000,0,0,0,40,0,true,NA,0,0,-25,0,1,590,1000,false,true,fixed_nav,false,false,true,true,false
2256,h1000_e50000_s2500_k5_y0,1000,50000,2500,5,0,1,1628,1945,1000,0,1628,1000,0,0,0,40,0,true,NA,0,0,-25,0,1,590,1000,false,true,fixed_nav,false,false,true,true,false
2257,h700_e100000_s2500_k10_y0,700,100000,2500,10,0,0,1857,2280,1000,0,1857,1000,0,0,0,40,0,true,NA,0,0,-1,0,0,244,1000,false,true,fixed_nav,false,false,true,true,false
2258,h700_e100000_s2500_k20_y0,700,100000,2500,20,0,0,1857,2280,1000,0,1857,1000,0,0,0,40,0,true,NA,0,0,-1,0,0,244,1000,false,true,fixed_nav,false,false,true,true,false
2259,h700_e100000_s2500_k40_y0,700,100000,2500,40,0,0,1857,2280,1000,0,1857,1000,0,0,0,40,0,true,NA,0,0,-1,0,0,244,1000,false,true,fixed_nav,false,false,true,true,false
2260,h700_e100000_s2500_k5_y0,700,100000,2500,5,0,0,1857,2280,1000,0,1857,1000,0,0,0,40,0,true,NA,0,0,-1,0,0,244,1000,false,true,fixed_nav,false,false,true,true,false
2261,h500_e50000_s5000_k10_y0,500,50000,5000,10,0,1,1892,2334,1000,0,1892,1000,0,0,0,40,0,true,NA,0,0,-18,0,1,295,1000,false,true,fixed_nav,false,false,true,true,false
2262,h500_e50000_s5000_k20_y0,500,50000,5000,20,0,1,1892,2334,1000,0,1892,1000,0,0,0,40,0,true,NA,0,0,-18,0,1,295,1000,false,true,fixed_nav,false,false,true,true,false
2263,h500_e50000_s5000_k40_y0,500,50000,5000,40,0,1,1892,2334,1000,0,1892,1000,0,0,0,40,0,true,NA,0,0,-18,0,1,295,1000,false,true,fixed_nav,false,false,true,true,false
2264,h500_e50000_s5000_k5_y0,500,50000,5000,5,0,1,1892,2334,1000,0,1892,1000,0,0,0,40,0,true,NA,0,0,-18,0,1,295,1000,false,true,fixed_nav,false,false,true,true,false
2265,h300_e70000_s5000_k10_y0,300,70000,5000,10,0,0,1933,2397,1000,0,1933,1000,0,0,0,40,0,true,NA,0,0,-1,0,0,143,1000,false,true,fixed_nav,false,false,true,true,false
2266,h300_e70000_s5000_k20_y0,300,70000,5000,20,0,0,1933,2397,1000,0,1933,1000,0,0,0,40,0,true,NA,0,0,-1,0,0,143,1000,false,true,fixed_nav,false,false,true,true,false
2267,h300_e70000_s5000_k40_y0,300,70000,5000,40,0,0,1933,2397,1000,0,1933,1000,0,0,0,40,0,true,NA,0,0,-1,0,0,143,1000,false,true,fixed_nav,false,false,true,true,false
2268,h300_e70000_s5000_k5_y0,300,70000,5000,5,0,0,1933,2397,1000,0,1933,1000,0,0,0,40,0,true,NA,0,0,-1,0,0,143,1000,false,true,fixed_nav,false,false,true,true,false
2269,h1000_e70000_s2500_k10_y0,1000,70000,2500,10,0,0,1979,2468,1000,0,1979,1000,0,0,0,40,0,true,NA,0,0,-1,0,0,478,1000,false,true,fixed_nav,false,false,true,true,false
2270,h1000_e70000_s2500_k20_y0,1000,70000,2500,20,0,0,1979,2468,1000,0,1979,1000,0,0,0,40,0,true,NA,0,0,-1,0,0,478,1000,false,true,fixed_nav,false,false,true,true,false
2271,h1000_e70000_s2500_k40_y0,1000,70000,2500,40,0,0,1979,2468,1000,0,1979,1000,0,0,0,40,0,true,NA,0,0,-1,0,0,478,1000,false,true,fixed_nav,false,false,true,true,false
2272,h1000_e70000_s2500_k5_y0,1000,70000,2500,5,0,0,1979,2468,1000,0,1979,1000,0,0,0,40,0,true,NA,0,0,-1,0,0,478,1000,false,true,fixed_nav,false,false,true,true,false
2273,h1500_e30000_s2500_k10_y0,1500,30000,2500,10,0,1,2009,2514,1000,0,2009,1000,0,0,0,40,0,true,NA,0,1,-5314,0,1,1093,1000,false,true,fixed_nav,false,false,true,true,false
2274,h1500_e30000_s2500_k20_y0,1500,30000,2500,20,0,1,2009,2514,1000,0,2009,1000,0,0,0,40,0,true,NA,0,1,-5314,0,1,1093,1000,false,true,fixed_nav,false,false,true,true,false
2275,h1500_e30000_s2500_k40_y0,1500,30000,2500,40,0,1,2009,2514,1000,0,2009,1000,0,0,0,40,0,true,NA,0,1,-5314,0,1,1093,1000,false,true,fixed_nav,false,false,true,true,false
2276,h1500_e30000_s2500_k5_y0,1500,30000,2500,5,0,1,2009,2514,1000,0,2009,1000,0,0,0,40,0,true,NA,0,1,-5314,0,1,1093,1000,false,true,fixed_nav,false,false,true,true,false
2277,h700_e40000_s5000_k10_y0,700,40000,5000,10,0,1,2029,2546,1000,0,2029,1000,0,0,0,40,0,true,NA,0,0,-272,0,1,459,1000,false,true,fixed_nav,false,false,true,true,false
2278,h700_e40000_s5000_k20_y0,700,40000,5000,20,0,1,2029,2546,1000,0,2029,1000,0,0,0,40,0,true,NA,0,0,-272,0,1,459,1000,false,true,fixed_nav,false,false,true,true,false
2279,h700_e40000_s5000_k40_y0,700,40000,5000,40,0,1,2029,2546,1000,0,2029,1000,0,0,0,40,0,true,NA,0,0,-272,0,1,459,1000,false,true,fixed_nav,false,false,true,true,false
2280,h700_e40000_s5000_k5_y0,700,40000,5000,5,0,1,2029,2546,1000,0,2029,1000,0,0,0,40,0,true,NA,0,0,-272,0,1,459,1000,false,true,fixed_nav,false,false,true,true,false
2281,h1500_e40000_s2500_k10_y0,1500,40000,2500,10,0,1,2216,2846,1000,0,2216,1000,0,0,0,40,0,true,NA,0,0,-442,0,1,984,1000,false,true,fixed_nav,false,false,true,true,false
2282,h1500_e40000_s2500_k20_y0,1500,40000,2500,20,0,1,2216,2846,1000,0,2216,1000,0,0,0,40,0,true,NA,0,0,-442,0,1,984,1000,false,true,fixed_nav,false,false,true,true,false
2283,h1500_e40000_s2500_k40_y0,1500,40000,2500,40,0,1,2216,2846,1000,0,2216,1000,0,0,0,40,0,true,NA,0,0,-442,0,1,984,1000,false,true,fixed_nav,false,false,true,true,false
2284,h1500_e40000_s2500_k5_y0,1500,40000,2500,5,0,1,2216,2846,1000,0,2216,1000,0,0,0,40,0,true,NA,0,0,-442,0,1,984,1000,false,true,fixed_nav,false,false,true,true,false
2285,h1500_e50000_s2500_k10_y0,1500,50000,2500,10,0,0,2443,3233,1000,0,2443,1000,0,0,0,40,0,true,NA,0,0,-37,0,0,885,1000,false,true,fixed_nav,false,false,true,true,false
2286,h1500_e50000_s2500_k20_y0,1500,50000,2500,20,0,0,2443,3233,1000,0,2443,1000,0,0,0,40,0,true,NA,0,0,-37,0,0,885,1000,false,true,fixed_nav,false,false,true,true,false
2287,h1500_e50000_s2500_k40_y0,1500,50000,2500,40,0,0,2443,3233,1000,0,2443,1000,0,0,0,40,0,true,NA,0,0,-37,0,0,885,1000,false,true,fixed_nav,false,false,true,true,false
2288,h1500_e50000_s2500_k5_y0,1500,50000,2500,5,0,0,2443,3233,1000,0,2443,1000,0,0,0,40,0,true,NA,0,0,-37,0,0,885,1000,false,true,fixed_nav,false,false,true,true,false
2289,h700_e50000_s5000_k10_y0,700,50000,5000,10,0,1,2649,3604,1000,0,2649,1000,0,0,0,40,0,true,NA,0,0,-25,0,1,413,1000,false,true,fixed_nav,false,false,true,true,false
2290,h700_e50000_s5000_k20_y0,700,50000,5000,20,0,1,2649,3604,1000,0,2649,1000,0,0,0,40,0,true,NA,0,0,-25,0,1,413,1000,false,true,fixed_nav,false,false,true,true,false
2291,h700_e50000_s5000_k40_y0,700,50000,5000,40,0,1,2649,3604,1000,0,2649,1000,0,0,0,40,0,true,NA,0,0,-25,0,1,413,1000,false,true,fixed_nav,false,false,true,true,false
2292,h700_e50000_s5000_k5_y0,700,50000,5000,5,0,1,2649,3604,1000,0,2649,1000,0,0,0,40,0,true,NA,0,0,-25,0,1,413,1000,false,true,fixed_nav,false,false,true,true,false
2293,h1000_e100000_s2500_k10_y0,1000,100000,2500,10,0,0,2653,3611,1000,0,2653,1000,0,0,0,40,0,true,NA,0,0,-1,0,0,348,1000,false,true,fixed_nav,false,false,true,true,false
2294,h1000_e100000_s2500_k20_y0,1000,100000,2500,20,0,0,2653,3611,1000,0,2653,1000,0,0,0,40,0,true,NA,0,0,-1,0,0,348,1000,false,true,fixed_nav,false,false,true,true,false
2295,h1000_e100000_s2500_k40_y0,1000,100000,2500,40,0,0,2653,3611,1000,0,2653,1000,0,0,0,40,0,true,NA,0,0,-1,0,0,348,1000,false,true,fixed_nav,false,false,true,true,false
2296,h1000_e100000_s2500_k5_y0,1000,100000,2500,5,0,0,2653,3611,1000,0,2653,1000,0,0,0,40,0,true,NA,0,0,-1,0,0,348,1000,false,true,fixed_nav,false,false,true,true,false
2297,h1000_e40000_s5000_k10_y0,1000,40000,5000,10,0,1,2899,4084,1000,0,2899,1000,0,0,0,40,0,true,NA,0,0,-388,0,1,656,1000,false,true,fixed_nav,false,false,true,true,false
2298,h1000_e40000_s5000_k20_y0,1000,40000,5000,20,0,1,2899,4084,1000,0,2899,1000,0,0,0,40,0,true,NA,0,0,-388,0,1,656,1000,false,true,fixed_nav,false,false,true,true,false
2299,h1000_e40000_s5000_k40_y0,1000,40000,5000,40,0,1,2899,4084,1000,0,2899,1000,0,0,0,40,0,true,NA,0,0,-388,0,1,656,1000,false,true,fixed_nav,false,false,true,true,false
2300,h1000_e40000_s5000_k5_y0,1000,40000,5000,5,0,1,2899,4084,1000,0,2899,1000,0,0,0,40,0,true,NA,0,0,-388,0,1,656,1000,false,true,fixed_nav,false,false,true,true,false
2301,h2000_e40000_s2500_k10_y0,2000,40000,2500,10,0,1,2954,4193,1000,0,2954,1000,0,0,0,40,0,true,NA,0,0,-588,0,1,1312,1000,false,true,fixed_nav,false,false,true,true,false
2302,h2000_e40000_s2500_k20_y0,2000,40000,2500,20,0,1,2954,4193,1000,0,2954,1000,0,0,0,40,0,true,NA,0,0,-588,0,1,1312,1000,false,true,fixed_nav,false,false,true,true,false
2303,h2000_e40000_s2500_k40_y0,2000,40000,2500,40,0,1,2954,4193,1000,0,2954,1000,0,0,0,40,0,true,NA,0,0,-588,0,1,1312,1000,false,true,fixed_nav,false,false,true,true,false
2304,h2000_e40000_s2500_k5_y0,2000,40000,2500,5,0,1,2954,4193,1000,0,2954,1000,0,0,0,40,0,true,NA,0,0,-588,0,1,1312,1000,false,true,fixed_nav,false,false,true,true,false
2305,h1500_e70000_s2500_k10_y0,1500,70000,2500,10,0,0,2969,4224,1000,0,2969,1000,0,0,0,40,0,true,NA,0,0,-1,0,0,717,1000,false,true,fixed_nav,false,false,true,true,false
2306,h1500_e70000_s2500_k20_y0,1500,70000,2500,20,0,0,2969,4224,1000,0,2969,1000,0,0,0,40,0,true,NA,0,0,-1,0,0,717,1000,false,true,fixed_nav,false,false,true,true,false
2307,h1500_e70000_s2500_k40_y0,1500,70000,2500,40,0,0,2969,4224,1000,0,2969,1000,0,0,0,40,0,true,NA,0,0,-1,0,0,717,1000,false,true,fixed_nav,false,false,true,true,false
2308,h1500_e70000_s2500_k5_y0,1500,70000,2500,5,0,0,2969,4224,1000,0,2969,1000,0,0,0,40,0,true,NA,0,0,-1,0,0,717,1000,false,true,fixed_nav,false,false,true,true,false
2309,h500_e70000_s5000_k10_y0,500,70000,5000,10,0,0,3222,4755,1000,0,3222,1000,0,0,0,40,0,true,NA,0,0,-1,0,0,239,1000,false,true,fixed_nav,false,false,true,true,false
2310,h500_e70000_s5000_k20_y0,500,70000,5000,20,0,0,3222,4755,1000,0,3222,1000,0,0,0,40,0,true,NA,0,0,-1,0,0,239,1000,false,true,fixed_nav,false,false,true,true,false
2311,h500_e70000_s5000_k40_y0,500,70000,5000,40,0,0,3222,4755,1000,0,3222,1000,0,0,0,40,0,true,NA,0,0,-1,0,0,239,1000,false,true,fixed_nav,false,false,true,true,false
2312,h500_e70000_s5000_k5_y0,500,70000,5000,5,0,0,3222,4755,1000,0,3222,1000,0,0,0,40,0,true,NA,0,0,-1,0,0,239,1000,false,true,fixed_nav,false,false,true,true,false
2313,h2000_e50000_s2500_k10_y0,2000,50000,2500,10,0,0,3257,4831,1000,0,3257,1000,0,0,0,40,0,true,NA,0,0,-49,0,0,1180,1000,false,true,fixed_nav,false,false,true,true,false
2314,h2000_e50000_s2500_k20_y0,2000,50000,2500,20,0,0,3257,4831,1000,0,3257,1000,0,0,0,40,0,true,NA,0,0,-49,0,0,1180,1000,false,true,fixed_nav,false,false,true,true,false
2315,h2000_e50000_s2500_k40_y0,2000,50000,2500,40,0,0,3257,4831,1000,0,3257,1000,0,0,0,40,0,true,NA,0,0,-49,0,0,1180,1000,false,true,fixed_nav,false,false,true,true,false
2316,h2000_e50000_s2500_k5_y0,2000,50000,2500,5,0,0,3257,4831,1000,0,3257,1000,0,0,0,40,0,true,NA,0,0,-49,0,0,1180,1000,false,true,fixed_nav,false,false,true,true,false
2317,h1000_e50000_s5000_k10_y0,1000,50000,5000,10,0,0,3784,6089,1000,0,3784,1000,0,0,0,40,0,true,NA,0,0,-35,0,1,590,1000,false,false,fixed_nav,false,false,true,true,false
2318,h1000_e50000_s5000_k20_y0,1000,50000,5000,20,0,0,3784,6089,1000,0,3784,1000,0,0,0,40,0,true,NA,0,0,-35,0,1,590,1000,false,false,fixed_nav,false,false,true,true,false
2319,h1000_e50000_s5000_k40_y0,1000,50000,5000,40,0,0,3784,6089,1000,0,3784,1000,0,0,0,40,0,true,NA,0,0,-35,0,1,590,1000,false,false,fixed_nav,false,false,true,true,false
2320,h1000_e50000_s5000_k5_y0,1000,50000,5000,5,0,0,3784,6089,1000,0,3784,1000,0,0,0,40,0,true,NA,0,0,-35,0,1,590,1000,false,false,fixed_nav,false,false,true,true,false
2321,h2000_e70000_s2500_k10_y0,2000,70000,2500,10,0,0,3959,6555,1000,0,3959,1000,0,0,0,40,0,true,NA,0,0,-1,0,0,956,1000,false,true,fixed_nav,false,false,true,true,false
2322,h2000_e70000_s2500_k20_y0,2000,70000,2500,20,0,0,3959,6555,1000,0,3959,1000,0,0,0,40,0,true,NA,0,0,-1,0,0,956,1000,false,true,fixed_nav,false,false,true,true,false
2323,h2000_e70000_s2500_k40_y0,2000,70000,2500,40,0,0,3959,6555,1000,0,3959,1000,0,0,0,40,0,true,NA,0,0,-1,0,0,956,1000,false,true,fixed_nav,false,false,true,true,false
2324,h2000_e70000_s2500_k5_y0,2000,70000,2500,5,0,0,3959,6555,1000,0,3959,1000,0,0,0,40,0,true,NA,0,0,-1,0,0,956,1000,false,true,fixed_nav,false,false,true,true,false
2325,h1500_e100000_s2500_k10_y0,1500,100000,2500,10,0,0,3979,6611,1000,0,3979,1000,0,0,0,40,0,true,NA,0,0,-1,0,0,523,1000,false,true,fixed_nav,false,false,true,true,false
2326,h1500_e100000_s2500_k20_y0,1500,100000,2500,20,0,0,3979,6611,1000,0,3979,1000,0,0,0,40,0,true,NA,0,0,-1,0,0,523,1000,false,true,fixed_nav,false,false,true,true,false
2327,h1500_e100000_s2500_k40_y0,1500,100000,2500,40,0,0,3979,6611,1000,0,3979,1000,0,0,0,40,0,true,NA,0,0,-1,0,0,523,1000,false,true,fixed_nav,false,false,true,true,false
2328,h1500_e100000_s2500_k5_y0,1500,100000,2500,5,0,0,3979,6611,1000,0,3979,1000,0,0,0,40,0,true,NA,0,0,-1,0,0,523,1000,false,true,fixed_nav,false,false,true,true,false
2329,h100_e70000_s10000_k10_y0,100,70000,10000,10,0,0,4275,7467,1000,0,4275,1000,0,0,0,40,0,true,NA,0,0,-1,0,0,47,1000,false,true,fixed_nav,false,false,true,true,false
2330,h100_e70000_s10000_k20_y0,100,70000,10000,20,0,0,4275,7467,1000,0,4275,1000,0,0,0,40,0,true,NA,0,0,-1,0,0,47,1000,false,true,fixed_nav,false,false,true,true,false
2331,h100_e70000_s10000_k40_y0,100,70000,10000,40,0,0,4275,7467,1000,0,4275,1000,0,0,0,40,0,true,NA,0,0,-1,0,0,47,1000,false,true,fixed_nav,false,false,true,true,false
2332,h100_e70000_s10000_k5_y0,100,70000,10000,5,0,0,4275,7467,1000,0,4275,1000,0,0,0,40,0,true,NA,0,0,-1,0,0,47,1000,false,true,fixed_nav,false,false,true,true,false
2333,h300_e100000_s5000_k10_y0,300,100000,5000,10,0,0,4297,7536,1000,0,4297,1000,0,0,0,40,0,true,NA,0,0,0,0,0,104,1000,false,true,fixed_nav,false,false,true,true,false
2334,h300_e100000_s5000_k20_y0,300,100000,5000,20,0,0,4297,7536,1000,0,4297,1000,0,0,0,40,0,true,NA,0,0,0,0,0,104,1000,false,true,fixed_nav,false,false,true,true,false
2335,h300_e100000_s5000_k40_y0,300,100000,5000,40,0,0,4297,7536,1000,0,4297,1000,0,0,0,40,0,true,NA,0,0,0,0,0,104,1000,false,true,fixed_nav,false,false,true,true,false
2336,h300_e100000_s5000_k5_y0,300,100000,5000,5,0,0,4297,7536,1000,0,4297,1000,0,0,0,40,0,true,NA,0,0,0,0,0,104,1000,false,true,fixed_nav,false,false,true,true,false
2337,h3000_e40000_s2500_k10_y0,3000,40000,2500,10,0,1,4432,7960,1000,0,4432,1000,0,0,0,40,0,true,NA,0,0,-881,0,1,1968,1000,false,true,fixed_nav,false,false,true,true,false
2338,h3000_e40000_s2500_k20_y0,3000,40000,2500,20,0,1,4432,7960,1000,0,4432,1000,0,0,0,40,0,true,NA,0,0,-881,0,1,1968,1000,false,true,fixed_nav,false,false,true,true,false
2339,h3000_e40000_s2500_k40_y0,3000,40000,2500,40,0,1,4432,7960,1000,0,4432,1000,0,0,0,40,0,true,NA,0,0,-881,0,1,1968,1000,false,true,fixed_nav,false,false,true,true,false
2340,h3000_e40000_s2500_k5_y0,3000,40000,2500,5,0,1,4432,7960,1000,0,4432,1000,0,0,0,40,0,true,NA,0,0,-881,0,1,1968,1000,false,true,fixed_nav,false,false,true,true,false
2341,h700_e70000_s5000_k10_y0,700,70000,5000,10,0,0,4511,8221,1000,0,4511,1000,0,0,0,40,0,true,NA,0,0,-1,0,0,334,1000,false,true,fixed_nav,false,false,true,true,false
2342,h700_e70000_s5000_k20_y0,700,70000,5000,20,0,0,4511,8221,1000,0,4511,1000,0,0,0,40,0,true,NA,0,0,-1,0,0,334,1000,false,true,fixed_nav,false,false,true,true,false
2343,h700_e70000_s5000_k40_y0,700,70000,5000,40,0,0,4511,8221,1000,0,4511,1000,0,0,0,40,0,true,NA,0,0,-1,0,0,334,1000,false,true,fixed_nav,false,false,true,true,false
2344,h700_e70000_s5000_k5_y0,700,70000,5000,5,0,0,4511,8221,1000,0,4511,1000,0,0,0,40,0,true,NA,0,0,-1,0,0,334,1000,false,true,fixed_nav,false,false,true,true,false
2345,h3000_e50000_s2500_k10_y0,3000,50000,2500,10,0,0,4886,9556,1000,0,4886,1000,0,0,0,40,0,true,NA,0,0,-74,0,0,1771,1000,false,true,fixed_nav,false,false,true,true,false
2346,h3000_e50000_s2500_k20_y0,3000,50000,2500,20,0,0,4886,9556,1000,0,4886,1000,0,0,0,40,0,true,NA,0,0,-74,0,0,1771,1000,false,true,fixed_nav,false,false,true,true,false
2347,h3000_e50000_s2500_k40_y0,3000,50000,2500,40,0,0,4886,9556,1000,0,4886,1000,0,0,0,40,0,true,NA,0,0,-74,0,0,1771,1000,false,true,fixed_nav,false,false,true,true,false
2348,h3000_e50000_s2500_k5_y0,3000,50000,2500,5,0,0,4886,9556,1000,0,4886,1000,0,0,0,40,0,true,NA,0,0,-74,0,0,1771,1000,false,true,fixed_nav,false,false,true,true,false
2349,h2000_e100000_s2500_k10_y0,2000,100000,2500,10,0,0,5306,11306,1000,0,5306,1000,0,0,0,40,0,true,NA,0,0,-1,0,0,697,1000,false,true,fixed_nav,false,false,true,true,false
2350,h2000_e100000_s2500_k20_y0,2000,100000,2500,20,0,0,5306,11306,1000,0,5306,1000,0,0,0,40,0,true,NA,0,0,-1,0,0,697,1000,false,true,fixed_nav,false,false,true,true,false
2351,h2000_e100000_s2500_k40_y0,2000,100000,2500,40,0,0,5306,11306,1000,0,5306,1000,0,0,0,40,0,true,NA,0,0,-1,0,0,697,1000,false,true,fixed_nav,false,false,true,true,false
2352,h2000_e100000_s2500_k5_y0,2000,100000,2500,5,0,0,5306,11306,1000,0,5306,1000,0,0,0,40,0,true,NA,0,0,-1,0,0,697,1000,false,true,fixed_nav,false,false,true,true,false
2353,h1500_e50000_s5000_k10_y0,1500,50000,5000,10,0,0,5676,13132,1000,0,5676,1000,0,0,0,40,0,true,NA,0,0,-52,0,0,885,1000,false,true,fixed_nav,false,false,true,true,false
2354,h1500_e50000_s5000_k20_y0,1500,50000,5000,20,0,0,5676,13132,1000,0,5676,1000,0,0,0,40,0,true,NA,0,0,-52,0,0,885,1000,false,true,fixed_nav,false,false,true,true,false
2355,h1500_e50000_s5000_k40_y0,1500,50000,5000,40,0,0,5676,13132,1000,0,5676,1000,0,0,0,40,0,true,NA,0,0,-52,0,0,885,1000,false,true,fixed_nav,false,false,true,true,false
2356,h1500_e50000_s5000_k5_y0,1500,50000,5000,5,0,0,5676,13132,1000,0,5676,1000,0,0,0,40,0,true,NA,0,0,-52,0,0,885,1000,false,true,fixed_nav,false,false,true,true,false
2357,h3000_e70000_s2500_k10_y0,3000,70000,2500,10,0,0,5939,14629,1000,0,5939,1000,0,0,0,40,0,true,NA,0,0,-1,0,0,1434,1000,false,true,fixed_nav,false,false,true,true,false
2358,h3000_e70000_s2500_k20_y0,3000,70000,2500,20,0,0,5939,14629,1000,0,5939,1000,0,0,0,40,0,true,NA,0,0,-1,0,0,1434,1000,false,true,fixed_nav,false,false,true,true,false
2359,h3000_e70000_s2500_k40_y0,3000,70000,2500,40,0,0,5939,14629,1000,0,5939,1000,0,0,0,40,0,true,NA,0,0,-1,0,0,1434,1000,false,true,fixed_nav,false,false,true,true,false
2360,h3000_e70000_s2500_k5_y0,3000,70000,2500,5,0,0,5939,14629,1000,0,5939,1000,0,0,0,40,0,true,NA,0,0,-1,0,0,1434,1000,false,true,fixed_nav,false,false,true,true,false
2361,h1000_e70000_s5000_k10_y0,1000,70000,5000,10,0,0,6445,18135,1000,0,6445,1000,0,0,0,40,0,true,NA,0,0,-1,0,0,478,1000,false,true,fixed_nav,false,false,true,true,false
2362,h1000_e70000_s5000_k20_y0,1000,70000,5000,20,0,0,6445,18135,1000,0,6445,1000,0,0,0,40,0,true,NA,0,0,-1,0,0,478,1000,false,true,fixed_nav,false,false,true,true,false
2363,h1000_e70000_s5000_k40_y0,1000,70000,5000,40,0,0,6445,18135,1000,0,6445,1000,0,0,0,40,0,true,NA,0,0,-1,0,0,478,1000,false,true,fixed_nav,false,false,true,true,false
2364,h1000_e70000_s5000_k5_y0,1000,70000,5000,5,0,0,6445,18135,1000,0,6445,1000,0,0,0,40,0,true,NA,0,0,-1,0,0,478,1000,false,true,fixed_nav,false,false,true,true,false
2365,h500_e100000_s5000_k10_y0,500,100000,5000,10,0,0,7162,25244,1000,0,7162,1000,0,0,0,40,0,true,NA,0,0,-1,0,0,174,1000,false,true,fixed_nav,false,false,true,true,false
2366,h500_e100000_s5000_k20_y0,500,100000,5000,20,0,0,7162,25244,1000,0,7162,1000,0,0,0,40,0,true,NA,0,0,-1,0,0,174,1000,false,true,fixed_nav,false,false,true,true,false
2367,h500_e100000_s5000_k40_y0,500,100000,5000,40,0,0,7162,25244,1000,0,7162,1000,0,0,0,40,0,true,NA,0,0,-1,0,0,174,1000,false,true,fixed_nav,false,false,true,true,false
2368,h500_e100000_s5000_k5_y0,500,100000,5000,5,0,0,7162,25244,1000,0,7162,1000,0,0,0,40,0,true,NA,0,0,-1,0,0,174,1000,false,true,fixed_nav,false,false,true,true,false
2369,h5000_e40000_s2500_k10_y0,5000,40000,2500,10,0,1,7386,28272,1000,0,7386,1000,0,0,0,40,0,true,NA,0,0,-1467,0,1,3280,1000,false,true,fixed_nav,false,false,true,true,false
2370,h5000_e40000_s2500_k20_y0,5000,40000,2500,20,0,1,7386,28272,1000,0,7386,1000,0,0,0,40,0,true,NA,0,0,-1467,0,1,3280,1000,false,true,fixed_nav,false,false,true,true,false
2371,h5000_e40000_s2500_k40_y0,5000,40000,2500,40,0,1,7386,28272,1000,0,7386,1000,0,0,0,40,0,true,NA,0,0,-1467,0,1,3280,1000,false,true,fixed_nav,false,false,true,true,false
2372,h5000_e40000_s2500_k5_y0,5000,40000,2500,5,0,1,7386,28272,1000,0,7386,1000,0,0,0,40,0,true,NA,0,0,-1467,0,1,3280,1000,false,true,fixed_nav,false,false,true,true,false
2373,h2000_e50000_s5000_k10_y0,2000,50000,5000,10,0,0,7569,31146,1000,0,7569,1000,0,0,0,40,0,true,NA,0,0,-69,0,0,1180,1000,false,true,fixed_nav,false,false,true,true,false
2374,h2000_e50000_s5000_k20_y0,2000,50000,5000,20,0,0,7569,31146,1000,0,7569,1000,0,0,0,40,0,true,NA,0,0,-69,0,0,1180,1000,false,true,fixed_nav,false,false,true,true,false
2375,h2000_e50000_s5000_k40_y0,2000,50000,5000,40,0,0,7569,31146,1000,0,7569,1000,0,0,0,40,0,true,NA,0,0,-69,0,0,1180,1000,false,true,fixed_nav,false,false,true,true,false
2376,h2000_e50000_s5000_k5_y0,2000,50000,5000,5,0,0,7569,31146,1000,0,7569,1000,0,0,0,40,0,true,NA,0,0,-69,0,0,1180,1000,false,true,fixed_nav,false,false,true,true,false
2377,h3000_e100000_s2500_k10_y0,3000,100000,2500,10,0,0,7959,39017,1000,0,7959,1000,0,0,0,40,0,true,NA,0,0,-1,0,0,1046,1000,false,true,fixed_nav,false,false,true,true,false
2378,h3000_e100000_s2500_k20_y0,3000,100000,2500,20,0,0,7959,39017,1000,0,7959,1000,0,0,0,40,0,true,NA,0,0,-1,0,0,1046,1000,false,true,fixed_nav,false,false,true,true,false
2379,h3000_e100000_s2500_k40_y0,3000,100000,2500,40,0,0,7959,39017,1000,0,7959,1000,0,0,0,40,0,true,NA,0,0,-1,0,0,1046,1000,false,true,fixed_nav,false,false,true,true,false
2380,h3000_e100000_s2500_k5_y0,3000,100000,2500,5,0,0,7959,39017,1000,0,7959,1000,0,0,0,40,0,true,NA,0,0,-1,0,0,1046,1000,false,true,fixed_nav,false,false,true,true,false
2381,h5000_e50000_s2500_k10_y0,5000,50000,2500,10,0,0,8144,43892,1000,0,8144,1000,0,0,0,40,0,true,NA,0,0,-122,0,0,2952,1000,false,true,fixed_nav,false,false,true,true,false
2382,h5000_e50000_s2500_k20_y0,5000,50000,2500,20,0,0,8144,43892,1000,0,8144,1000,0,0,0,40,0,true,NA,0,0,-122,0,0,2952,1000,false,true,fixed_nav,false,false,true,true,false
2383,h5000_e50000_s2500_k40_y0,5000,50000,2500,40,0,0,8144,43892,1000,0,8144,1000,0,0,0,40,0,true,NA,0,0,-122,0,0,2952,1000,false,true,fixed_nav,false,false,true,true,false
2384,h5000_e50000_s2500_k5_y0,5000,50000,2500,5,0,0,8144,43892,1000,0,8144,1000,0,0,0,40,0,true,NA,0,0,-122,0,0,2952,1000,false,true,fixed_nav,false,false,true,true,false
2385,h1500_e70000_s5000_k10_y0,1500,70000,5000,10,0,0,9668,291773,1000,0,9668,1000,0,0,0,40,0,true,NA,0,0,-1,0,0,717,1000,false,true,fixed_nav,false,false,true,true,false
2386,h1500_e70000_s5000_k20_y0,1500,70000,5000,20,0,0,9668,291773,1000,0,9668,1000,0,0,0,40,0,true,NA,0,0,-1,0,0,717,1000,false,true,fixed_nav,false,false,true,true,false
2387,h1500_e70000_s5000_k40_y0,1500,70000,5000,40,0,0,9668,291773,1000,0,9668,1000,0,0,0,40,0,true,NA,0,0,-1,0,0,717,1000,false,true,fixed_nav,false,false,true,true,false
2388,h1500_e70000_s5000_k5_y0,1500,70000,5000,5,0,0,9668,291773,1000,0,9668,1000,0,0,0,40,0,true,NA,0,0,-1,0,0,717,1000,false,true,fixed_nav,false,false,true,true,false
2389,h5000_e70000_s2500_k10_y0,5000,70000,2500,10,0,0,9899,986591,1000,0,9899,1000,0,0,0,40,0,true,NA,0,0,-1,0,0,2391,1000,false,true,fixed_nav,false,false,true,true,false
2390,h5000_e70000_s2500_k20_y0,5000,70000,2500,20,0,0,9899,986591,1000,0,9899,1000,0,0,0,40,0,true,NA,0,0,-1,0,0,2391,1000,false,true,fixed_nav,false,false,true,true,false
2391,h5000_e70000_s2500_k40_y0,5000,70000,2500,40,0,0,9899,986591,1000,0,9899,1000,0,0,0,40,0,true,NA,0,0,-1,0,0,2391,1000,false,true,fixed_nav,false,false,true,true,false
2392,h5000_e70000_s2500_k5_y0,5000,70000,2500,5,0,0,9899,986591,1000,0,9899,1000,0,0,0,40,0,true,NA,0,0,-1,0,0,2391,1000,false,true,fixed_nav,false,false,true,true,false
2393,h10000_e40000_s2500_k10_y0,10000,40000,2500,10,0,1,9998,NA,1000,0,9998,1000,0,0,0,40,0,true,NA,0,1,-2925,0,1,6560,1000,false,true,fixed_nav,false,false,true,true,false
2394,h10000_e40000_s2500_k20_y0,10000,40000,2500,20,0,1,9998,NA,1000,0,9998,1000,0,0,0,40,0,true,NA,0,1,-2925,0,1,6560,1000,false,true,fixed_nav,false,false,true,true,false
2395,h10000_e40000_s2500_k40_y0,10000,40000,2500,40,0,1,9998,NA,1000,0,9998,1000,0,0,0,40,0,true,NA,0,1,-2925,0,1,6560,1000,false,true,fixed_nav,false,false,true,true,false
2396,h10000_e40000_s2500_k5_y0,10000,40000,2500,5,0,1,9998,NA,1000,0,9998,1000,0,0,0,40,0,true,NA,0,1,-2925,0,1,6560,1000,false,true,fixed_nav,false,false,true,true,false
2397,h10000_e100000_s2500_k10_y0,10000,100000,2500,10,0,0,9999,NA,1000,0,9999,1000,0,0,0,40,0,true,NA,0,0,-1,0,0,3486,1000,false,true,fixed_nav,false,false,true,true,false
2398,h10000_e100000_s2500_k20_y0,10000,100000,2500,20,0,0,9999,NA,1000,0,9999,1000,0,0,0,40,0,true,NA,0,0,-1,0,0,3486,1000,false,true,fixed_nav,false,false,true,true,false
2399,h10000_e100000_s2500_k40_y0,10000,100000,2500,40,0,0,9999,NA,1000,0,9999,1000,0,0,0,40,0,true,NA,0,0,-1,0,0,3486,1000,false,true,fixed_nav,false,false,true,true,false
2400,h10000_e100000_s2500_k5_y0,10000,100000,2500,5,0,0,9999,NA,1000,0,9999,1000,0,0,0,40,0,true,NA,0,0,-1,0,0,3486,1000,false,true,fixed_nav,false,false,true,true,false
2401,h10000_e100000_s5000_k10_y0,10000,100000,5000,10,0,0,9999,NA,1000,0,9999,1000,0,0,0,40,0,true,NA,0,0,-1,0,0,3486,1000,false,true,fixed_nav,false,false,true,true,false
2402,h10000_e100000_s5000_k20_y0,10000,100000,5000,20,0,0,9999,NA,1000,0,9999,1000,0,0,0,40,0,true,NA,0,0,-1,0,0,3486,1000,false,true,fixed_nav,false,false,true,true,false
2403,h10000_e100000_s5000_k40_y0,10000,100000,5000,40,0,0,9999,NA,1000,0,9999,1000,0,0,0,40,0,true,NA,0,0,-1,0,0,3486,1000,false,true,fixed_nav,false,false,true,true,false
2404,h10000_e100000_s5000_k5_y0,10000,100000,5000,5,0,0,9999,NA,1000,0,9999,1000,0,0,0,40,0,true,NA,0,0,-1,0,0,3486,1000,false,true,fixed_nav,false,false,true,true,false
2405,h10000_e50000_s2500_k10_y0,10000,50000,2500,10,0,0,9999,NA,1000,0,9999,1000,0,0,0,40,0,true,NA,0,0,-244,0,0,5904,1000,false,true,fixed_nav,false,false,true,true,false
2406,h10000_e50000_s2500_k20_y0,10000,50000,2500,20,0,0,9999,NA,1000,0,9999,1000,0,0,0,40,0,true,NA,0,0,-244,0,0,5904,1000,false,true,fixed_nav,false,false,true,true,false
2407,h10000_e50000_s2500_k40_y0,10000,50000,2500,40,0,0,9999,NA,1000,0,9999,1000,0,0,0,40,0,true,NA,0,0,-244,0,0,5904,1000,false,true,fixed_nav,false,false,true,true,false
2408,h10000_e50000_s2500_k5_y0,10000,50000,2500,5,0,0,9999,NA,1000,0,9999,1000,0,0,0,40,0,true,NA,0,0,-244,0,0,5904,1000,false,true,fixed_nav,false,false,true,true,false
2409,h10000_e70000_s2500_k10_y0,10000,70000,2500,10,0,0,9999,NA,1000,0,9999,1000,0,0,0,40,0,true,NA,0,0,-2,0,0,4782,1000,false,true,fixed_nav,false,false,true,true,false
2410,h10000_e70000_s2500_k20_y0,10000,70000,2500,20,0,0,9999,NA,1000,0,9999,1000,0,0,0,40,0,true,NA,0,0,-2,0,0,4782,1000,false,true,fixed_nav,false,false,true,true,false
2411,h10000_e70000_s2500_k40_y0,10000,70000,2500,40,0,0,9999,NA,1000,0,9999,1000,0,0,0,40,0,true,NA,0,0,-2,0,0,4782,1000,false,true,fixed_nav,false,false,true,true,false
2412,h10000_e70000_s2500_k5_y0,10000,70000,2500,5,0,0,9999,NA,1000,0,9999,1000,0,0,0,40,0,true,NA,0,0,-2,0,0,4782,1000,false,true,fixed_nav,false,false,true,true,false
2413,h10000_e70000_s5000_k10_y0,10000,70000,5000,10,0,0,9999,NA,1000,0,9999,1000,0,0,0,40,0,true,NA,0,0,-3,0,0,4782,1000,false,true,fixed_nav,false,false,true,true,false
2414,h10000_e70000_s5000_k20_y0,10000,70000,5000,20,0,0,9999,NA,1000,0,9999,1000,0,0,0,40,0,true,NA,0,0,-3,0,0,4782,1000,false,true,fixed_nav,false,false,true,true,false
2415,h10000_e70000_s5000_k40_y0,10000,70000,5000,40,0,0,9999,NA,1000,0,9999,1000,0,0,0,40,0,true,NA,0,0,-3,0,0,4782,1000,false,true,fixed_nav,false,false,true,true,false
2416,h10000_e70000_s5000_k5_y0,10000,70000,5000,5,0,0,9999,NA,1000,0,9999,1000,0,0,0,40,0,true,NA,0,0,-3,0,0,4782,1000,false,true,fixed_nav,false,false,true,true,false
2417,h1000_e100000_s10000_k10_y0,1000,100000,10000,10,0,0,9999,NA,1000,0,9999,1000,0,0,0,40,0,true,NA,0,0,-1,0,0,348,1000,false,true,fixed_nav,false,false,true,true,false
2418,h1000_e100000_s10000_k20_y0,1000,100000,10000,20,0,0,9999,NA,1000,0,9999,1000,0,0,0,40,0,true,NA,0,0,-1,0,0,348,1000,false,true,fixed_nav,false,false,true,true,false
2419,h1000_e100000_s10000_k40_y0,1000,100000,10000,40,0,0,9999,NA,1000,0,9999,1000,0,0,0,40,0,true,NA,0,0,-1,0,0,348,1000,false,true,fixed_nav,false,false,true,true,false
2420,h1000_e100000_s10000_k5_y0,1000,100000,10000,5,0,0,9999,NA,1000,0,9999,1000,0,0,0,40,0,true,NA,0,0,-1,0,0,348,1000,false,true,fixed_nav,false,false,true,true,false
2421,h1000_e100000_s5000_k10_y0,1000,100000,5000,10,0,0,9999,NA,1000,0,9999,1000,0,0,0,40,0,true,NA,0,0,-1,0,0,348,1000,false,true,fixed_nav,false,false,true,true,false
2422,h1000_e100000_s5000_k20_y0,1000,100000,5000,20,0,0,9999,NA,1000,0,9999,1000,0,0,0,40,0,true,NA,0,0,-1,0,0,348,1000,false,true,fixed_nav,false,false,true,true,false
2423,h1000_e100000_s5000_k40_y0,1000,100000,5000,40,0,0,9999,NA,1000,0,9999,1000,0,0,0,40,0,true,NA,0,0,-1,0,0,348,1000,false,true,fixed_nav,false,false,true,true,false
2424,h1000_e100000_s5000_k5_y0,1000,100000,5000,5,0,0,9999,NA,1000,0,9999,1000,0,0,0,40,0,true,NA,0,0,-1,0,0,348,1000,false,true,fixed_nav,false,false,true,true,false
2425,h100_e100000_s10000_k10_y0,100,100000,10000,10,0,0,9999,NA,1000,0,9999,1000,0,0,0,40,0,true,NA,0,0,-1,0,0,34,1000,false,true,fixed_nav,false,false,true,true,false
2426,h100_e100000_s10000_k20_y0,100,100000,10000,20,0,0,9999,NA,1000,0,9999,1000,0,0,0,40,0,true,NA,0,0,-1,0,0,34,1000,false,true,fixed_nav,false,false,true,true,false
2427,h100_e100000_s10000_k40_y0,100,100000,10000,40,0,0,9999,NA,1000,0,9999,1000,0,0,0,40,0,true,NA,0,0,-1,0,0,34,1000,false,true,fixed_nav,false,false,true,true,false
2428,h100_e100000_s10000_k5_y0,100,100000,10000,5,0,0,9999,NA,1000,0,9999,1000,0,0,0,40,0,true,NA,0,0,-1,0,0,34,1000,false,true,fixed_nav,false,false,true,true,false
2429,h1500_e100000_s5000_k10_y0,1500,100000,5000,10,0,0,9999,NA,1000,0,9999,1000,0,0,0,40,0,true,NA,0,0,-1,0,0,523,1000,false,true,fixed_nav,false,false,true,true,false
2430,h1500_e100000_s5000_k20_y0,1500,100000,5000,20,0,0,9999,NA,1000,0,9999,1000,0,0,0,40,0,true,NA,0,0,-1,0,0,523,1000,false,true,fixed_nav,false,false,true,true,false
2431,h1500_e100000_s5000_k40_y0,1500,100000,5000,40,0,0,9999,NA,1000,0,9999,1000,0,0,0,40,0,true,NA,0,0,-1,0,0,523,1000,false,true,fixed_nav,false,false,true,true,false
2432,h1500_e100000_s5000_k5_y0,1500,100000,5000,5,0,0,9999,NA,1000,0,9999,1000,0,0,0,40,0,true,NA,0,0,-1,0,0,523,1000,false,true,fixed_nav,false,false,true,true,false
2433,h2000_e100000_s5000_k10_y0,2000,100000,5000,10,0,0,9999,NA,1000,0,9999,1000,0,0,0,40,0,true,NA,0,0,-1,0,0,697,1000,false,true,fixed_nav,false,false,true,true,false
2434,h2000_e100000_s5000_k20_y0,2000,100000,5000,20,0,0,9999,NA,1000,0,9999,1000,0,0,0,40,0,true,NA,0,0,-1,0,0,697,1000,false,true,fixed_nav,false,false,true,true,false
2435,h2000_e100000_s5000_k40_y0,2000,100000,5000,40,0,0,9999,NA,1000,0,9999,1000,0,0,0,40,0,true,NA,0,0,-1,0,0,697,1000,false,true,fixed_nav,false,false,true,true,false
2436,h2000_e100000_s5000_k5_y0,2000,100000,5000,5,0,0,9999,NA,1000,0,9999,1000,0,0,0,40,0,true,NA,0,0,-1,0,0,697,1000,false,true,fixed_nav,false,false,true,true,false
2437,h2000_e70000_s5000_k10_y0,2000,70000,5000,10,0,0,9999,NA,1000,0,9999,1000,0,0,0,40,0,true,NA,0,0,-1,0,0,956,1000,false,true,fixed_nav,false,false,true,true,false
2438,h2000_e70000_s5000_k20_y0,2000,70000,5000,20,0,0,9999,NA,1000,0,9999,1000,0,0,0,40,0,true,NA,0,0,-1,0,0,956,1000,false,true,fixed_nav,false,false,true,true,false
2439,h2000_e70000_s5000_k40_y0,2000,70000,5000,40,0,0,9999,NA,1000,0,9999,1000,0,0,0,40,0,true,NA,0,0,-1,0,0,956,1000,false,true,fixed_nav,false,false,true,true,false
2440,h2000_e70000_s5000_k5_y0,2000,70000,5000,5,0,0,9999,NA,1000,0,9999,1000,0,0,0,40,0,true,NA,0,0,-1,0,0,956,1000,false,true,fixed_nav,false,false,true,true,false
2441,h3000_e100000_s5000_k10_y0,3000,100000,5000,10,0,0,9999,NA,1000,0,9999,1000,0,0,0,40,0,true,NA,0,0,-1,0,0,1046,1000,false,true,fixed_nav,false,false,true,true,false
2442,h3000_e100000_s5000_k20_y0,3000,100000,5000,20,0,0,9999,NA,1000,0,9999,1000,0,0,0,40,0,true,NA,0,0,-1,0,0,1046,1000,false,true,fixed_nav,false,false,true,true,false
2443,h3000_e100000_s5000_k40_y0,3000,100000,5000,40,0,0,9999,NA,1000,0,9999,1000,0,0,0,40,0,true,NA,0,0,-1,0,0,1046,1000,false,true,fixed_nav,false,false,true,true,false
2444,h3000_e100000_s5000_k5_y0,3000,100000,5000,5,0,0,9999,NA,1000,0,9999,1000,0,0,0,40,0,true,NA,0,0,-1,0,0,1046,1000,false,true,fixed_nav,false,false,true,true,false
2445,h3000_e50000_s5000_k10_y0,3000,50000,5000,10,0,0,9999,NA,1000,0,9999,1000,0,0,0,40,0,true,NA,0,0,-104,0,0,1771,1000,false,true,fixed_nav,false,false,true,true,false
2446,h3000_e50000_s5000_k20_y0,3000,50000,5000,20,0,0,9999,NA,1000,0,9999,1000,0,0,0,40,0,true,NA,0,0,-104,0,0,1771,1000,false,true,fixed_nav,false,false,true,true,false
2447,h3000_e50000_s5000_k40_y0,3000,50000,5000,40,0,0,9999,NA,1000,0,9999,1000,0,0,0,40,0,true,NA,0,0,-104,0,0,1771,1000,false,true,fixed_nav,false,false,true,true,false
2448,h3000_e50000_s5000_k5_y0,3000,50000,5000,5,0,0,9999,NA,1000,0,9999,1000,0,0,0,40,0,true,NA,0,0,-104,0,0,1771,1000,false,true,fixed_nav,false,false,true,true,false
2449,h3000_e70000_s5000_k10_y0,3000,70000,5000,10,0,0,9999,NA,1000,0,9999,1000,0,0,0,40,0,true,NA,0,0,-1,0,0,1434,1000,false,true,fixed_nav,false,false,true,true,false
2450,h3000_e70000_s5000_k20_y0,3000,70000,5000,20,0,0,9999,NA,1000,0,9999,1000,0,0,0,40,0,true,NA,0,0,-1,0,0,1434,1000,false,true,fixed_nav,false,false,true,true,false
2451,h3000_e70000_s5000_k40_y0,3000,70000,5000,40,0,0,9999,NA,1000,0,9999,1000,0,0,0,40,0,true,NA,0,0,-1,0,0,1434,1000,false,true,fixed_nav,false,false,true,true,false
2452,h3000_e70000_s5000_k5_y0,3000,70000,5000,5,0,0,9999,NA,1000,0,9999,1000,0,0,0,40,0,true,NA,0,0,-1,0,0,1434,1000,false,true,fixed_nav,false,false,true,true,false
2453,h300_e100000_s10000_k10_y0,300,100000,10000,10,0,0,9999,NA,1000,0,9999,1000,0,0,0,40,0,true,NA,0,0,-1,0,0,104,1000,false,true,fixed_nav,false,false,true,true,false
2454,h300_e100000_s10000_k20_y0,300,100000,10000,20,0,0,9999,NA,1000,0,9999,1000,0,0,0,40,0,true,NA,0,0,-1,0,0,104,1000,false,true,fixed_nav,false,false,true,true,false
2455,h300_e100000_s10000_k40_y0,300,100000,10000,40,0,0,9999,NA,1000,0,9999,1000,0,0,0,40,0,true,NA,0,0,-1,0,0,104,1000,false,true,fixed_nav,false,false,true,true,false
2456,h300_e100000_s10000_k5_y0,300,100000,10000,5,0,0,9999,NA,1000,0,9999,1000,0,0,0,40,0,true,NA,0,0,-1,0,0,104,1000,false,true,fixed_nav,false,false,true,true,false
2457,h300_e70000_s10000_k10_y0,300,70000,10000,10,0,0,9999,NA,1000,0,9999,1000,0,0,0,40,0,true,NA,0,0,-1,0,0,143,1000,false,true,fixed_nav,false,false,true,true,false
2458,h300_e70000_s10000_k20_y0,300,70000,10000,20,0,0,9999,NA,1000,0,9999,1000,0,0,0,40,0,true,NA,0,0,-1,0,0,143,1000,false,true,fixed_nav,false,false,true,true,false
2459,h300_e70000_s10000_k40_y0,300,70000,10000,40,0,0,9999,NA,1000,0,9999,1000,0,0,0,40,0,true,NA,0,0,-1,0,0,143,1000,false,true,fixed_nav,false,false,true,true,false
2460,h300_e70000_s10000_k5_y0,300,70000,10000,5,0,0,9999,NA,1000,0,9999,1000,0,0,0,40,0,true,NA,0,0,-1,0,0,143,1000,false,true,fixed_nav,false,false,true,true,false
2461,h5000_e100000_s2500_k10_y0,5000,100000,2500,10,0,0,9999,NA,1000,0,9999,1000,0,0,0,40,0,true,NA,0,0,-1,0,0,1743,1000,false,true,fixed_nav,false,false,true,true,false
2462,h5000_e100000_s2500_k20_y0,5000,100000,2500,20,0,0,9999,NA,1000,0,9999,1000,0,0,0,40,0,true,NA,0,0,-1,0,0,1743,1000,false,true,fixed_nav,false,false,true,true,false
2463,h5000_e100000_s2500_k40_y0,5000,100000,2500,40,0,0,9999,NA,1000,0,9999,1000,0,0,0,40,0,true,NA,0,0,-1,0,0,1743,1000,false,true,fixed_nav,false,false,true,true,false
2464,h5000_e100000_s2500_k5_y0,5000,100000,2500,5,0,0,9999,NA,1000,0,9999,1000,0,0,0,40,0,true,NA,0,0,-1,0,0,1743,1000,false,true,fixed_nav,false,false,true,true,false
2465,h5000_e100000_s5000_k10_y0,5000,100000,5000,10,0,0,9999,NA,1000,0,9999,1000,0,0,0,40,0,true,NA,0,0,-1,0,0,1743,1000,false,true,fixed_nav,false,false,true,true,false
2466,h5000_e100000_s5000_k20_y0,5000,100000,5000,20,0,0,9999,NA,1000,0,9999,1000,0,0,0,40,0,true,NA,0,0,-1,0,0,1743,1000,false,true,fixed_nav,false,false,true,true,false
2467,h5000_e100000_s5000_k40_y0,5000,100000,5000,40,0,0,9999,NA,1000,0,9999,1000,0,0,0,40,0,true,NA,0,0,-1,0,0,1743,1000,false,true,fixed_nav,false,false,true,true,false
2468,h5000_e100000_s5000_k5_y0,5000,100000,5000,5,0,0,9999,NA,1000,0,9999,1000,0,0,0,40,0,true,NA,0,0,-1,0,0,1743,1000,false,true,fixed_nav,false,false,true,true,false
2469,h5000_e70000_s5000_k10_y0,5000,70000,5000,10,0,0,9999,NA,1000,0,9999,1000,0,0,0,40,0,true,NA,0,0,-2,0,0,2391,1000,false,true,fixed_nav,false,false,true,true,false
2470,h5000_e70000_s5000_k20_y0,5000,70000,5000,20,0,0,9999,NA,1000,0,9999,1000,0,0,0,40,0,true,NA,0,0,-2,0,0,2391,1000,false,true,fixed_nav,false,false,true,true,false
2471,h5000_e70000_s5000_k40_y0,5000,70000,5000,40,0,0,9999,NA,1000,0,9999,1000,0,0,0,40,0,true,NA,0,0,-2,0,0,2391,1000,false,true,fixed_nav,false,false,true,true,false
2472,h5000_e70000_s5000_k5_y0,5000,70000,5000,5,0,0,9999,NA,1000,0,9999,1000,0,0,0,40,0,true,NA,0,0,-2,0,0,2391,1000,false,true,fixed_nav,false,false,true,true,false
2473,h500_e100000_s10000_k10_y0,500,100000,10000,10,0,0,9999,NA,1000,0,9999,1000,0,0,0,40,0,true,NA,0,0,-1,0,0,174,1000,false,true,fixed_nav,false,false,true,true,false
2474,h500_e100000_s10000_k20_y0,500,100000,10000,20,0,0,9999,NA,1000,0,9999,1000,0,0,0,40,0,true,NA,0,0,-1,0,0,174,1000,false,true,fixed_nav,false,false,true,true,false
2475,h500_e100000_s10000_k40_y0,500,100000,10000,40,0,0,9999,NA,1000,0,9999,1000,0,0,0,40,0,true,NA,0,0,-1,0,0,174,1000,false,true,fixed_nav,false,false,true,true,false
2476,h500_e100000_s10000_k5_y0,500,100000,10000,5,0,0,9999,NA,1000,0,9999,1000,0,0,0,40,0,true,NA,0,0,-1,0,0,174,1000,false,true,fixed_nav,false,false,true,true,false
2477,h700_e100000_s10000_k10_y0,700,100000,10000,10,0,0,9999,NA,1000,0,9999,1000,0,0,0,40,0,true,NA,0,0,-1,0,0,244,1000,false,true,fixed_nav,false,false,true,true,false
2478,h700_e100000_s10000_k20_y0,700,100000,10000,20,0,0,9999,NA,1000,0,9999,1000,0,0,0,40,0,true,NA,0,0,-1,0,0,244,1000,false,true,fixed_nav,false,false,true,true,false
2479,h700_e100000_s10000_k40_y0,700,100000,10000,40,0,0,9999,NA,1000,0,9999,1000,0,0,0,40,0,true,NA,0,0,-1,0,0,244,1000,false,true,fixed_nav,false,false,true,true,false
2480,h700_e100000_s10000_k5_y0,700,100000,10000,5,0,0,9999,NA,1000,0,9999,1000,0,0,0,40,0,true,NA,0,0,-1,0,0,244,1000,false,true,fixed_nav,false,false,true,true,false
2481,h700_e100000_s5000_k10_y0,700,100000,5000,10,0,0,9999,NA,1000,0,9999,1000,0,0,0,40,0,true,NA,0,0,-1,0,0,244,1000,false,true,fixed_nav,false,false,true,true,false
2482,h700_e100000_s5000_k20_y0,700,100000,5000,20,0,0,9999,NA,1000,0,9999,1000,0,0,0,40,0,true,NA,0,0,-1,0,0,244,1000,false,true,fixed_nav,false,false,true,true,false
2483,h700_e100000_s5000_k40_y0,700,100000,5000,40,0,0,9999,NA,1000,0,9999,1000,0,0,0,40,0,true,NA,0,0,-1,0,0,244,1000,false,true,fixed_nav,false,false,true,true,false
2484,h700_e100000_s5000_k5_y0,700,100000,5000,5,0,0,9999,NA,1000,0,9999,1000,0,0,0,40,0,true,NA,0,0,-1,0,0,244,1000,false,true,fixed_nav,false,false,true,true,false
