rank,parameter_id,haircut_bps,exponent_scaled,wall_sensitivity_scaled,cadence_threshold,cadence_wave_scaled,worst_small_discount_bps,max_split_gain_nav_bps,max_split_gain_relative_bps,minimum_reserve_bps,failed_split_parts,pressure_split_gain_nav_bps,pressure_minimum_reserve_bps,aggregate_split_mitigation_bps,worst_workload_split_mitigation_bps,improved_split_workloads,unchanged_split_workloads,worsened_split_workloads,grief_pass,minimum_grief_cost_harm_ratio_bps,maximum_grief_harm,worst_honest_burst_discount_bps,maximum_funded_roundtrip_profit,recovery_parity_max_abs,endpoint_small_discount_bps,endpoint_split_gain_nav_bps,endpoint_minimum_reserve_bps,dominated_by_pressure,dominated_by_endpoint,dominating_simple_baseline,adds_value_over_pressure,adds_value_over_endpoint,pricing_eligible,security_eligible,tradeoff_eligible
1,h100_e100000_s5000_k5_y50000,100,100000,5000,5,50000,317,0,0,3023,0,1432,1000,10000,10000,6,34,0,false,0,13249,155,-9123863,0,0,34,1000,false,false,none,true,true,true,false,true
2,h300_e70000_s5000_k5_y50000,300,70000,5000,5,50000,242,10,10,3023,0,1933,1000,9990,0,15,25,0,false,0,13249,155,-9123856,0,0,143,1000,false,false,none,true,true,true,false,true
3,h100_e70000_s5000_k5_y20000,100,70000,5000,5,20000,223,3,3,1725,0,644,1000,9990,0,15,25,0,false,0,5300,63,-3649545,0,0,47,1000,false,false,none,true,true,true,false,true
4,h100_e70000_s5000_k10_y30000,100,70000,5000,10,30000,167,3,3,1615,0,644,1000,9990,0,15,25,0,false,0,7950,94,-2737159,0,0,47,1000,false,false,none,true,true,true,false,true
5,h100_e50000_s10000_k5_y50000,100,50000,10000,5,50000,491,20,20,3089,0,1461,1000,9968,0,15,25,0,false,0,13257,164,-9837503,0,0,59,1000,false,false,none,true,true,true,false,true
6,h100_e40000_s10000_k10_y30000,100,40000,10000,10,30000,222,26,26,1798,0,854,1000,9936,0,15,25,0,false,0,7954,98,-2951216,0,1,65,1000,false,false,none,true,true,true,false,true
7,h100_e40000_s10000_k20_y50000,100,40000,10000,20,50000,185,26,26,1780,0,854,1000,9936,0,15,25,0,false,0,13257,164,-2459347,0,1,65,1000,false,false,none,true,true,true,false,true
8,h100_e40000_s10000_k10_y20000,100,40000,10000,10,20000,148,26,26,1774,0,854,1000,9936,0,15,25,0,false,0,5303,66,-1967478,0,1,65,1000,false,false,none,true,true,true,false,true
9,h100_e100000_s5000_k5_y30000,100,100000,5000,5,30000,191,70,82,2226,0,1432,1000,9891,10000,6,33,1,false,0,7950,94,-5474318,0,0,34,1000,false,false,none,true,true,true,false,true
10,h100_e30000_s10000_k40_y50000,100,30000,10000,40,50000,123,32,32,1453,0,498,1001,9888,0,26,14,0,false,0,13256,164,-1229627,0,1,72,1000,false,false,none,true,true,true,false,true
11,h100_e50000_s5000_k20_y30000,100,50000,5000,20,30000,106,12,13,1329,0,378,1000,9864,0,17,23,0,false,0,7950,94,-1368575,0,0,59,1000,false,false,none,true,true,true,false,true
12,h300_e50000_s5000_k10_y50000,300,50000,5000,10,50000,192,45,50,1981,0,1135,1000,9839,0,17,23,0,false,0,13249,155,-4561886,0,1,177,1000,false,false,none,true,true,true,false,true
13,h100_e70000_s5000_k20_y50000,100,70000,5000,20,50000,139,51,55,1533,0,644,1000,9837,0,15,24,1,false,0,13249,155,-2280966,0,0,47,1000,false,false,none,true,true,true,false,true
14,h100_e30000_s10000_k10_y10000,100,30000,10000,10,10000,99,32,32,1432,0,498,1001,9826,0,26,14,0,false,0,2651,33,-983702,0,1,72,1000,false,false,none,true,true,true,false,true
15,h100_e30000_s10000_k20_y20000,100,30000,10000,20,20000,99,32,32,1432,0,498,1001,9826,0,26,14,0,false,0,5302,66,-983702,0,1,72,1000,false,false,none,true,true,true,false,true
16,h100_e40000_s10000_k20_y30000,100,40000,10000,20,30000,111,48,53,1725,0,854,1000,9820,0,15,25,0,false,0,7954,98,-1475608,0,1,65,1000,false,false,none,true,true,true,false,true
17,h300_e40000_s10000_k5_y50000,300,40000,10000,5,50000,279,196,264,3131,0,2562,1002,9808,0,26,14,0,false,0,13257,164,-9837048,0,1,196,1000,false,false,none,true,true,true,false,true
18,h100_e50000_s5000_k40_y50000,100,50000,5000,40,50000,89,15,16,1326,0,378,1000,9800,0,17,23,0,false,0,13249,155,-1140480,0,0,59,1000,false,false,none,true,true,true,false,true
19,h500_e30000_s10000_k5_y50000,500,30000,10000,5,50000,287,160,163,3147,0,2493,1005,9758,0,26,14,0,false,0,13256,164,-9834405,0,1,364,1000,false,false,none,true,true,true,false,true
20,h100_e70000_s5000_k20_y30000,100,70000,5000,20,30000,84,82,88,1505,0,644,1000,9743,0,15,24,1,false,0,7950,94,-1368580,0,0,47,1000,false,false,none,true,true,true,false,true
21,h100_e70000_s5000_k40_y50000,100,70000,5000,40,50000,70,77,82,1510,0,644,1000,9731,0,15,24,1,false,0,13249,155,-1140483,0,0,47,1000,false,false,none,true,true,true,false,true
22,h100_e50000_s5000_k10_y10000,100,50000,5000,10,10000,71,39,40,1305,0,378,1000,9698,0,17,23,0,false,0,2650,32,-912384,0,0,59,1000,false,false,none,true,true,true,false,true
23,h100_e50000_s5000_k20_y20000,100,50000,5000,20,20000,71,39,40,1305,0,378,1000,9698,0,17,23,0,false,0,5300,63,-912384,0,0,59,1000,false,false,none,true,true,true,false,true
24,h100_e50000_s10000_k10_y30000,100,50000,10000,10,30000,148,188,220,2146,0,1461,1000,9674,0,15,24,1,false,0,7954,98,-2951251,0,0,59,1000,false,false,none,true,true,true,false,true
25,h100_e30000_s20000_k10_y30000,100,30000,20000,10,30000,222,184,219,2274,0,1591,1007,9667,0,24,15,1,false,0,7962,108,-3322294,0,1,72,1000,false,false,none,true,true,true,false,true
26,h300_e25000_s20000_k5_y50000,300,25000,20000,5,50000,378,481,690,3288,0,2999,1022,9632,0,35,5,0,false,0,13270,180,-11069099,0,1,230,1000,false,false,none,true,true,true,false,true
27,h100_e50000_s10000_k20_y50000,100,50000,10000,20,50000,123,129,151,2199,0,1461,1000,9605,0,15,24,1,false,0,13257,164,-2459376,0,0,59,1000,false,false,none,true,true,true,false,true
28,h100_e50000_s5000_k40_y30000,100,50000,5000,40,30000,53,61,63,1285,0,378,1000,9605,0,17,23,0,false,0,7950,94,-684288,0,0,59,1000,false,false,none,true,true,true,false,true
29,h700_e100000_s2500_k5_y50000,700,100000,2500,5,50000,176,406,499,2305,0,1857,1000,9580,0,18,22,0,false,0,13245,151,-8738958,0,0,244,1000,false,false,none,true,true,true,false,true
30,h100_e10000_s5000_k40_y30000,100,10000,5000,40,30000,69,29,29,1091,0,125,1004,9551,0,36,4,0,false,50,7939,94,-683889,0,1,87,1002,false,false,none,true,true,true,false,true
31,h700_e50000_s5000_k5_y50000,700,50000,5000,5,50000,176,397,540,3026,0,2649,1000,9548,0,26,14,0,false,0,13249,155,-9123650,0,1,413,1000,false,false,none,true,true,true,false,true
32,h100_e10000_s2500_k40_y30000,100,10000,2500,40,30000,47,27,28,1074,0,106,1003,9542,0,36,4,0,false,50,7936,91,-655045,0,1,87,1002,false,false,none,true,true,true,false,true
33,h100_e25000_s40000_k5_y50000,100,25000,40000,5,50000,538,808,1241,3410,0,3445,1037,9537,0,26,14,0,false,0,13299,212,-12987851,0,1,76,1000,false,false,none,true,true,true,false,true
34,h100_e10000_s2500_k10_y5000,100,10000,2500,10,5000,31,27,28,1074,0,106,1003,9536,0,36,4,0,false,76,1314,16,-436697,0,1,87,1002,false,false,none,true,true,true,false,true
35,h100_e10000_s2500_k20_y10000,100,10000,2500,20,10000,31,27,28,1074,0,106,1003,9536,0,36,4,0,false,75,2638,31,-436697,0,1,87,1002,false,false,none,true,true,true,false,true
36,h100_e10000_s2500_k40_y20000,100,10000,2500,40,20000,31,27,28,1074,0,106,1003,9536,0,36,4,0,false,75,5287,61,-436697,0,1,87,1002,false,false,none,true,true,true,false,true
37,h100_e50000_s2500_k10_y10000,100,50000,2500,10,10000,59,59,60,1092,0,162,1000,9527,0,18,22,0,false,0,2649,31,-873894,0,0,59,1000,false,false,none,true,true,true,false,true
38,h100_e50000_s2500_k20_y20000,100,50000,2500,20,20000,59,59,60,1092,0,162,1000,9527,0,18,22,0,false,0,5298,61,-873894,0,0,59,1000,false,false,none,true,true,true,false,true
39,h100_e50000_s2500_k5_y5000,100,50000,2500,5,5000,59,59,60,1092,0,162,1000,9527,0,18,22,0,false,0,1325,16,-873894,0,0,59,1000,false,false,none,true,true,true,false,true
40,h100_e25000_s10000_k40_y30000,100,25000,10000,40,30000,82,37,39,1310,0,380,1001,9522,0,26,14,0,false,0,7953,98,-737744,0,1,76,1000,false,false,none,true,true,true,false,true
41,h100_e15000_s5000_k40_y30000,100,15000,5000,40,30000,68,38,39,1099,0,147,1001,9509,0,36,4,0,false,50,7949,94,-684060,0,1,84,1000,false,false,none,true,true,true,false,true
42,h100_e40000_s2500_k10_y10000,100,40000,2500,10,10000,60,56,57,1082,0,147,1000,9499,0,18,22,0,false,0,2649,31,-873888,0,1,65,1000,false,false,none,true,true,true,false,true
43,h100_e40000_s2500_k20_y20000,100,40000,2500,20,20000,60,56,57,1082,0,147,1000,9499,0,18,22,0,false,0,5298,61,-873888,0,1,65,1000,false,false,none,true,true,true,false,true
44,h100_e40000_s2500_k5_y5000,100,40000,2500,5,5000,60,56,57,1082,0,147,1000,9499,0,18,22,0,false,0,1325,16,-873888,0,1,65,1000,false,false,none,true,true,true,false,true
45,h100_e40000_s10000_k40_y50000,100,40000,10000,40,50000,93,182,199,1605,0,854,1000,9494,0,15,25,0,false,0,13257,164,-1229674,0,1,65,1000,false,false,none,true,true,true,false,true
46,h700_e40000_s5000_k5_y50000,700,40000,5000,5,50000,230,335,421,2524,0,2029,1000,9485,0,27,13,0,false,0,13249,155,-9123105,0,1,459,1000,false,false,none,true,true,true,false,true
47,h100_e30000_s20000_k20_y50000,100,30000,20000,20,50000,185,180,215,2277,0,1591,1007,9473,0,24,15,1,false,0,13270,180,-2768578,0,1,72,1000,false,false,none,true,true,true,false,true
48,h100_e100000_s2500_k40_y50000,100,100000,2500,40,50000,66,58,59,1186,0,265,1000,9438,0,9,31,0,false,0,13245,151,-1092370,0,0,34,1000,false,false,none,true,true,true,false,true
49,h100_e10000_s5000_k10_y5000,100,10000,5000,10,5000,46,29,29,1091,0,125,1004,9434,0,36,4,0,false,76,1314,16,-455926,0,1,87,1002,false,false,none,true,true,true,false,true
50,h100_e10000_s5000_k20_y10000,100,10000,5000,20,10000,46,29,29,1091,0,125,1004,9434,0,36,4,0,false,75,2639,32,-455926,0,1,87,1002,false,false,none,true,true,true,false,true
51,h100_e10000_s5000_k40_y20000,100,10000,5000,40,20000,46,29,29,1091,0,125,1004,9434,0,36,4,0,false,75,5289,63,-455926,0,1,87,1002,false,false,none,true,true,true,false,true
52,h500_e20000_s20000_k5_y50000,500,20000,20000,5,50000,356,591,866,3325,0,3132,1038,9405,0,35,5,0,false,0,13270,180,-11058071,0,1,404,1000,false,false,none,true,true,true,false,true
53,h700_e25000_s10000_k5_y50000,700,25000,10000,5,50000,266,346,472,3097,0,2664,1011,9397,0,35,5,0,false,0,13256,164,-9829448,0,1,537,1000,false,false,none,true,true,true,false,true
54,h1000_e70000_s2500_k5_y50000,1000,70000,2500,5,50000,166,630,786,2214,0,1979,1000,9397,0,18,22,0,false,0,13245,151,-8738942,0,0,478,1000,false,false,none,true,true,true,false,true
55,h100_e10000_s10000_k10_y5000,100,10000,10000,10,5000,67,31,32,1125,0,162,1007,9369,0,35,5,0,false,76,1315,17,-491535,0,1,87,1002,false,false,none,true,true,true,false,true
56,h100_e10000_s10000_k20_y10000,100,10000,10000,20,10000,67,31,32,1125,0,162,1007,9369,0,35,5,0,false,75,2641,33,-491535,0,1,87,1002,false,false,none,true,true,true,false,true
57,h100_e10000_s10000_k40_y20000,100,10000,10000,40,20000,67,31,32,1125,0,162,1007,9369,0,35,5,0,false,75,5292,66,-491535,0,1,87,1002,false,false,none,true,true,true,false,true
58,h100_e20000_s5000_k40_y30000,100,20000,5000,40,30000,66,45,46,1112,0,169,1000,9355,0,35,5,0,false,0,7949,94,-684187,0,1,80,1000,false,false,none,true,true,true,false,true
59,h100_e40000_s2500_k40_y30000,100,40000,2500,40,30000,45,56,57,1082,0,147,1000,9350,0,18,22,0,false,0,7947,91,-655416,0,1,65,1000,false,false,none,true,true,true,false,true
60,h100_e40000_s5000_k40_y30000,100,40000,5000,40,30000,58,42,43,1222,0,289,1000,9336,0,17,23,0,false,0,7950,94,-684282,0,1,65,1000,false,false,none,true,true,true,false,true
61,h2000_e15000_s2500_k5_y50000,2000,15000,2500,5,50000,144,850,1106,2318,0,2293,1019,9327,0,36,4,0,false,3,13238,151,-8689017,0,1,1699,1007,false,false,none,true,true,true,false,true
62,h100_e70000_s5000_k10_y10000,100,70000,5000,10,10000,56,135,144,1458,0,644,1000,9312,0,15,23,2,false,0,2650,32,-912387,0,0,47,1000,false,false,none,true,true,true,false,true
63,h100_e70000_s5000_k20_y20000,100,70000,5000,20,20000,56,135,144,1458,0,644,1000,9312,0,15,23,2,false,0,5300,63,-912387,0,0,47,1000,false,false,none,true,true,true,false,true
64,h100_e50000_s2500_k40_y30000,100,50000,2500,40,30000,44,59,60,1092,0,162,1000,9261,0,18,22,0,false,0,7947,91,-655421,0,0,59,1000,false,false,none,true,true,true,false,true
65,h100_e15000_s10000_k10_y5000,100,15000,10000,10,5000,64,40,41,1164,0,219,1003,9247,0,35,5,0,false,75,1325,17,-491701,0,1,84,1000,false,false,none,true,true,true,false,true
66,h100_e15000_s10000_k20_y10000,100,15000,10000,20,10000,64,40,41,1164,0,219,1003,9247,0,35,5,0,false,75,2651,33,-491701,0,1,84,1000,false,false,none,true,true,true,false,true
67,h100_e15000_s10000_k40_y20000,100,15000,10000,40,20000,64,40,41,1164,0,219,1003,9247,0,35,5,0,false,75,5302,66,-491701,0,1,84,1000,false,false,none,true,true,true,false,true
68,h300_e50000_s5000_k20_y50000,300,50000,5000,20,50000,96,431,486,1633,0,1135,1000,9237,-2209,16,23,1,false,0,13249,155,-2280943,0,1,177,1000,false,false,none,true,true,true,false,true
69,h100_e40000_s20000_k5_y50000,100,40000,20000,5,50000,263,1528,2561,3253,0,4023,1008,9235,0,26,14,0,false,0,13271,180,-11075279,0,1,65,1000,false,false,none,true,true,true,false,true
70,h300_e30000_s10000_k20_y50000,300,30000,10000,20,50000,120,460,541,1936,0,1496,1003,9227,-2432,25,14,1,false,0,13256,164,-2458983,0,1,218,1000,false,false,none,true,true,true,false,true
71,h100_e100000_s2500_k10_y10000,100,100000,2500,10,10000,53,58,59,1186,0,265,1000,9216,0,8,32,0,false,0,2649,31,-873896,0,0,34,1000,false,false,none,true,true,true,false,true
72,h100_e100000_s2500_k20_y20000,100,100000,2500,20,20000,53,58,59,1186,0,265,1000,9216,0,8,32,0,false,0,5298,61,-873896,0,0,34,1000,false,false,none,true,true,true,false,true
73,h100_e100000_s2500_k5_y5000,100,100000,2500,5,5000,53,58,59,1186,0,265,1000,9216,0,8,32,0,false,0,1325,16,-873896,0,0,34,1000,false,false,none,true,true,true,false,true
74,h300_e100000_s2500_k10_y30000,300,100000,2500,10,30000,99,174,189,1559,0,795,1000,9210,0,8,32,0,false,0,7947,91,-2621688,0,0,104,1000,false,false,none,true,true,true,false,true
75,h500_e100000_s2500_k10_y50000,500,100000,2500,10,50000,116,290,334,1932,0,1326,1000,9204,0,17,23,0,false,0,13245,151,-4369479,0,0,174,1000,false,false,none,true,true,true,false,true
76,h100_e15000_s5000_k10_y5000,100,15000,5000,10,5000,45,38,39,1099,0,147,1001,9204,0,35,5,0,false,75,1324,16,-456040,0,1,84,1000,false,false,none,true,true,true,false,true
77,h100_e15000_s5000_k20_y10000,100,15000,5000,20,10000,45,38,39,1099,0,147,1001,9204,0,35,5,0,false,75,2649,32,-456040,0,1,84,1000,false,false,none,true,true,true,false,true
78,h100_e15000_s5000_k40_y20000,100,15000,5000,40,20000,45,38,39,1099,0,147,1001,9204,0,35,5,0,false,75,5299,63,-456040,0,1,84,1000,false,false,none,true,true,true,false,true
79,h500_e10000_s80000_k5_y50000,500,10000,80000,5,50000,849,708,1122,3683,0,3456,1209,9201,0,35,5,0,false,3,13307,277,-15389319,0,4,438,1010,false,false,none,true,true,true,false,true
80,h500_e50000_s5000_k5_y30000,500,50000,5000,5,30000,148,525,647,2230,0,1892,1000,9201,0,17,23,0,false,0,7950,94,-5474227,0,1,295,1000,false,false,none,true,true,true,false,true
81,h2000_e10000_s2500_k5_y50000,2000,10000,2500,5,50000,151,662,849,2388,0,2130,1067,9196,0,36,4,0,false,3,13044,151,-8642815,0,8,1755,1040,false,false,none,true,true,true,false,true
82,h300_e70000_s5000_k10_y50000,300,70000,5000,10,50000,121,796,986,2023,0,1933,1000,9194,0,15,24,1,false,0,13249,155,-4561928,0,0,143,1000,false,false,none,true,true,true,false,true
83,h300_e10000_s2500_k20_y20000,300,10000,2500,20,20000,49,85,88,1220,0,319,1010,9193,0,35,5,0,false,37,5267,61,-872439,0,3,263,1006,false,false,none,true,true,true,false,true
84,h300_e40000_s10000_k10_y50000,300,40000,10000,10,50000,140,1113,1498,2306,0,2562,1002,9173,-12304,25,14,1,false,0,13257,164,-4918524,0,1,196,1000,false,false,none,true,true,true,false,true
85,h1000_e20000_s10000_k5_y50000,1000,20000,10000,5,50000,240,628,888,3065,0,2898,1023,9160,0,35,5,0,false,0,13256,164,-9816268,0,1,809,1000,false,false,none,true,true,true,false,true
86,h100_e15000_s160000_k5_y50000,100,15000,160000,5,50000,944,2124,4390,3731,0,4982,1159,9147,0,35,5,0,false,3,13473,404,-18092045,0,1,84,1000,false,false,none,true,true,true,false,true
87,h100_e20000_s80000_k5_y50000,100,20000,80000,5,50000,517,2532,5561,3622,0,5335,1099,9134,0,35,5,0,false,0,13357,277,-15479719,0,1,80,1000,false,false,none,true,true,true,false,true
88,h500_e15000_s40000_k5_y50000,500,15000,40000,5,50000,422,1383,2390,3545,0,4088,1111,9117,0,35,5,0,false,3,13298,212,-12943121,0,1,424,1001,false,false,none,true,true,true,false,true
89,h300_e70000_s5000_k5_y30000,300,70000,5000,5,30000,145,570,707,2226,0,1933,1000,9116,0,15,24,1,false,0,7950,94,-5474314,0,0,143,1000,false,false,none,true,true,true,false,true
90,h300_e10000_s160000_k5_y50000,300,10000,160000,5,50000,1207,1132,1938,3722,0,3889,1241,9114,0,35,5,0,false,3,13443,404,-18034809,0,3,263,1006,false,false,none,true,true,true,false,true
91,h300_e20000_s40000_k5_y50000,300,20000,40000,5,50000,322,2372,4884,3491,0,5052,1080,9105,0,35,5,0,false,0,13299,212,-12971626,0,1,242,1000,false,false,none,true,true,true,false,true
92,h1500_e10000_s2500_k10_y50000,1500,10000,2500,10,50000,97,477,571,2058,0,1597,1050,9096,0,36,4,0,false,7,13094,151,-4333273,0,7,1316,1030,false,false,none,true,true,true,false,true
93,h100_e20000_s5000_k10_y5000,100,20000,5000,10,5000,44,45,46,1112,0,169,1000,9092,0,34,6,0,false,0,1324,16,-456125,0,1,80,1000,false,false,none,true,true,true,false,true
94,h100_e20000_s5000_k20_y10000,100,20000,5000,20,10000,44,45,46,1112,0,169,1000,9092,0,34,6,0,false,0,2649,32,-456125,0,1,80,1000,false,false,none,true,true,true,false,true
95,h100_e20000_s5000_k40_y20000,100,20000,5000,40,20000,44,45,46,1112,0,169,1000,9092,0,34,6,0,false,0,5299,63,-456125,0,1,80,1000,false,false,none,true,true,true,false,true
96,h1000_e10000_s40000_k5_y50000,1000,10000,40000,5,50000,432,1154,1970,3686,0,3897,1218,9077,0,35,5,0,false,3,13199,212,-12852962,0,6,877,1020,false,false,none,true,true,true,false,true
97,h100_e100000_s5000_k10_y30000,100,100000,5000,10,30000,96,601,702,1747,0,1432,1000,9072,10000,6,33,1,false,0,7950,94,-2737159,0,0,34,1000,false,false,none,true,true,true,false,true
98,h2000_e20000_s2500_k5_y50000,2000,20000,2500,5,50000,138,981,1297,2304,0,2423,1006,9069,0,36,4,0,false,0,13244,151,-8712954,0,1,1618,1001,false,false,none,true,true,true,false,true
99,h100_e50000_s10000_k10_y20000,100,50000,10000,10,20000,99,391,458,1963,0,1461,1000,9057,0,15,24,1,false,0,5303,66,-1967501,0,0,59,1000,false,false,none,true,true,true,false,true
100,h100_e30000_s10000_k20_y10000,100,30000,10000,20,10000,50,174,184,1292,0,498,1001,9047,0,26,14,0,false,0,2651,33,-491851,0,1,72,1000,false,false,none,true,true,true,false,true
101,h100_e30000_s10000_k40_y20000,100,30000,10000,40,20000,50,174,184,1292,0,498,1001,9047,0,26,14,0,false,0,5302,66,-491851,0,1,72,1000,false,false,none,true,true,true,false,true
102,h100_e30000_s5000_k10_y5000,100,30000,5000,10,5000,42,52,53,1152,0,222,1000,9046,0,26,14,0,false,0,1324,16,-456174,0,1,72,1000,false,false,none,true,true,true,false,true
103,h100_e30000_s5000_k20_y10000,100,30000,5000,20,10000,42,52,53,1152,0,222,1000,9046,0,26,14,0,false,0,2649,32,-456174,0,1,72,1000,false,false,none,true,true,true,false,true
104,h100_e30000_s5000_k40_y20000,100,30000,5000,40,20000,42,52,53,1152,0,222,1000,9046,0,26,14,0,false,0,5299,63,-456174,0,1,72,1000,false,false,none,true,true,true,false,true
105,h100_e25000_s5000_k10_y5000,100,25000,5000,10,5000,43,49,50,1130,0,194,1000,9038,0,26,14,0,false,0,1324,16,-456157,0,1,76,1000,false,false,none,true,true,true,false,true
106,h100_e25000_s5000_k20_y10000,100,25000,5000,20,10000,43,49,50,1130,0,194,1000,9038,0,26,14,0,false,0,2649,32,-456157,0,1,76,1000,false,false,none,true,true,true,false,true
107,h100_e25000_s5000_k40_y20000,100,25000,5000,40,20000,43,49,50,1130,0,194,1000,9038,0,26,14,0,false,0,5299,63,-456157,0,1,76,1000,false,false,none,true,true,true,false,true
108,h300_e50000_s5000_k10_y20000,300,50000,5000,10,20000,77,452,510,1614,0,1135,1000,9031,-2804,16,23,1,false,0,5300,63,-1824755,0,1,177,1000,false,false,none,true,true,true,false,true
109,h100_e40000_s5000_k10_y5000,100,40000,5000,10,5000,39,72,74,1196,0,289,1000,9024,0,17,23,0,false,0,1325,16,-456188,0,1,65,1000,false,false,none,true,true,true,false,true
110,h100_e40000_s5000_k20_y10000,100,40000,5000,20,10000,39,72,74,1196,0,289,1000,9024,0,17,23,0,false,0,2650,32,-456188,0,1,65,1000,false,false,none,true,true,true,false,true
111,h100_e40000_s5000_k40_y20000,100,40000,5000,40,20000,39,72,74,1196,0,289,1000,9024,0,17,23,0,false,0,5300,63,-456188,0,1,65,1000,false,false,none,true,true,true,false,true
112,h700_e30000_s10000_k5_y50000,700,30000,10000,5,50000,194,1103,1698,3156,0,3491,1008,9016,0,26,14,0,false,0,13256,164,-9832880,0,1,510,1000,false,false,none,true,true,true,false,true
113,h1500_e10000_s20000_k5_y50000,1500,10000,20000,5,50000,286,942,1514,3553,0,3578,1181,8996,0,35,5,0,false,3,13120,180,-10935854,0,7,1316,1030,false,false,none,true,true,true,false,true
114,h1500_e10000_s5000_k10_y50000,1500,10000,5000,10,50000,120,596,741,2224,0,1878,1070,8990,0,35,5,0,false,7,13098,155,-4520831,0,7,1316,1030,false,false,none,true,true,true,false,true
115,h100_e10000_s2500_k20_y5000,100,10000,2500,20,5000,16,34,34,1068,0,106,1003,8983,0,35,5,0,false,152,1314,16,-218349,0,1,87,1002,false,false,none,true,true,true,false,true
116,h100_e10000_s2500_k40_y10000,100,10000,2500,40,10000,16,34,34,1068,0,106,1003,8983,0,35,5,0,false,152,2638,31,-218349,0,1,87,1002,false,false,none,true,true,true,false,true
117,h700_e10000_s80000_k5_y50000,700,10000,80000,5,50000,555,1943,4020,3900,0,4853,1281,8962,0,35,5,0,false,3,13287,277,-15347031,0,5,614,1014,false,false,none,true,true,true,false,true
118,h700_e15000_s5000_k20_y50000,700,15000,5000,20,50000,103,344,384,1628,0,1029,1012,8954,0,35,5,0,false,15,13246,155,-2275846,0,1,594,1002,false,false,none,true,true,true,false,true
119,h300_e10000_s2500_k40_y30000,300,10000,2500,40,30000,37,106,110,1201,0,319,1010,8952,0,35,5,0,false,50,7916,91,-654330,0,3,263,1006,false,false,none,true,true,true,false,true
120,h100_e10000_s5000_k20_y5000,100,10000,5000,20,5000,23,39,40,1081,0,125,1004,8949,0,35,5,0,false,152,1314,16,-227963,0,1,87,1002,false,false,none,true,true,true,false,true
121,h100_e10000_s5000_k40_y10000,100,10000,5000,40,10000,23,39,40,1081,0,125,1004,8949,0,35,5,0,false,152,2639,32,-227963,0,1,87,1002,false,false,none,true,true,true,false,true
122,h1000_e15000_s20000_k5_y50000,1000,15000,20000,5,50000,266,1305,2175,3425,0,3903,1087,8946,0,35,5,0,false,3,13267,180,-11018162,0,1,849,1003,false,false,none,true,true,true,false,true
123,h500_e10000_s2500_k40_y50000,500,10000,2500,40,50000,50,183,194,1330,0,532,1017,8935,0,35,5,0,false,30,13194,151,-1089360,0,4,438,1010,false,false,none,true,true,true,false,true
124,h1000_e10000_s2500_k10_y30000,1000,10000,2500,10,30000,80,307,345,1715,0,1064,1034,8931,0,35,5,0,false,12,7846,91,-2607118,0,6,877,1020,false,false,none,true,true,true,false,true
125,h1500_e15000_s2500_k10_y50000,1500,15000,2500,10,50000,93,615,744,2008,0,1720,1014,8917,0,35,5,0,false,7,13240,151,-4350792,0,1,1274,1005,false,false,none,true,true,true,false,true
126,h1000_e40000_s5000_k5_y50000,1000,40000,5000,5,50000,160,641,903,3032,0,2899,1000,8908,0,26,14,0,false,0,13249,155,-9122780,0,1,656,1000,false,false,none,true,true,true,false,true
127,h300_e15000_s80000_k5_y50000,300,15000,80000,5,50000,449,2870,7202,3829,0,5825,1170,8905,0,35,5,0,false,3,13357,277,-15440352,0,1,254,1001,false,false,none,true,true,true,false,true
128,h700_e25000_s10000_k10_y50000,700,25000,10000,10,50000,133,1202,1642,2326,0,2664,1011,8904,-264,34,5,1,false,0,13256,164,-4914724,0,1,537,1000,false,false,none,true,true,true,false,true
129,h1000_e10000_s2500_k20_y50000,1000,10000,2500,20,50000,67,394,443,1637,0,1064,1034,8901,0,35,5,0,false,15,13144,151,-2172599,0,6,877,1020,false,false,none,true,true,true,false,true
130,h1500_e15000_s10000_k5_y50000,1500,15000,10000,5,50000,204,917,1380,3193,0,3292,1055,8898,0,35,5,0,false,3,13252,164,-9780641,0,1,1274,1005,false,false,none,true,true,true,false,true
131,h100_e100000_s5000_k20_y50000,100,100000,5000,20,50000,80,533,622,1809,0,1432,1000,8897,5800,6,33,1,false,0,13249,155,-2280966,0,0,34,1000,false,false,none,true,true,true,false,true
132,h500_e70000_s5000_k5_y50000,500,70000,5000,5,50000,142,973,1437,3024,0,3222,1000,8896,0,17,23,0,false,0,13249,155,-9123851,0,0,239,1000,false,false,none,true,true,true,false,true
133,h700_e100000_s2500_k10_y50000,700,100000,2500,10,50000,88,760,934,1987,0,1857,1000,8895,0,17,23,0,false,0,13245,151,-4369479,0,0,244,1000,false,false,none,true,true,true,false,true
134,h1000_e15000_s2500_k10_y30000,1000,15000,2500,10,30000,77,412,466,1670,0,1146,1009,8890,0,35,5,0,false,12,7943,91,-2614255,0,1,849,1003,false,false,none,true,true,true,false,true
135,h1500_e50000_s2500_k5_y50000,1500,50000,2500,5,50000,137,929,1230,2362,0,2443,1000,8876,0,27,13,0,false,0,13245,151,-8738621,0,0,885,1000,false,false,none,true,true,true,false,true
136,h100_e50000_s5000_k20_y10000,100,50000,5000,20,10000,36,122,127,1230,0,378,1000,8863,0,17,23,0,false,0,2650,32,-456192,0,0,59,1000,false,false,none,true,true,true,false,true
137,h100_e50000_s5000_k40_y20000,100,50000,5000,40,20000,36,122,127,1230,0,378,1000,8863,0,17,23,0,false,0,5300,63,-456192,0,0,59,1000,false,false,none,true,true,true,false,true
138,h700_e10000_s2500_k10_y20000,700,10000,2500,10,20000,67,229,248,1487,0,745,1024,8852,0,35,5,0,false,19,5227,61,-1740973,0,5,614,1014,false,false,none,true,true,true,false,true
139,h500_e15000_s2500_k40_y50000,500,15000,2500,40,50000,49,233,247,1311,0,573,1004,8852,0,35,5,0,false,30,13243,151,-1090788,0,1,424,1001,false,false,none,true,true,true,false,true
140,h1000_e10000_s2500_k5_y20000,1000,10000,2500,5,20000,107,304,342,1717,0,1064,1034,8848,0,36,4,0,false,9,5197,61,-3476158,0,6,877,1020,false,false,none,true,true,true,false,true
141,h1000_e100000_s2500_k5_y50000,1000,100000,2500,5,50000,127,581,791,2864,0,2653,1000,8846,0,17,23,0,false,0,13245,151,-8738958,0,0,348,1000,false,false,none,true,true,true,false,true
142,h1000_e10000_s5000_k20_y50000,1000,10000,5000,20,50000,86,482,555,1740,0,1251,1047,8839,0,35,5,0,false,15,13148,155,-2267273,0,6,877,1020,false,false,none,true,true,true,false,true
143,h1500_e15000_s5000_k10_y50000,1500,15000,5000,10,50000,105,936,1206,2169,0,2206,1026,8834,0,35,5,0,false,7,13244,155,-4539964,0,1,1274,1005,false,false,none,true,true,true,false,true
144,h100_e70000_s5000_k40_y30000,100,70000,5000,40,30000,42,261,279,1344,0,644,1000,8829,0,15,23,2,false,0,7950,94,-684290,0,0,47,1000,false,false,none,true,true,true,false,true
145,h1000_e15000_s2500_k20_y50000,1000,15000,2500,20,50000,65,500,566,1591,0,1146,1009,8809,0,35,5,0,false,15,13241,151,-2178546,0,1,849,1003,false,false,none,true,true,true,false,true
146,h700_e10000_s5000_k10_y20000,700,10000,5000,10,20000,90,284,313,1565,0,876,1033,8798,0,35,5,0,false,19,5229,63,-1817103,0,5,614,1014,false,false,none,true,true,true,false,true
147,h100_e40000_s2500_k10_y5000,100,40000,2500,10,5000,30,56,57,1082,0,147,1000,8787,0,17,23,0,false,0,1325,16,-436944,0,1,65,1000,false,false,none,true,true,true,false,true
148,h100_e40000_s2500_k20_y10000,100,40000,2500,20,10000,30,56,57,1082,0,147,1000,8787,0,17,23,0,false,0,2649,31,-436944,0,1,65,1000,false,false,none,true,true,true,false,true
149,h100_e40000_s2500_k40_y20000,100,40000,2500,40,20000,30,56,57,1082,0,147,1000,8787,0,17,23,0,false,0,5298,61,-436944,0,1,65,1000,false,false,none,true,true,true,false,true
150,h100_e15000_s5000_k20_y5000,100,15000,5000,20,5000,23,53,54,1085,0,147,1001,8770,0,35,5,0,false,151,1324,16,-228020,0,1,84,1000,false,false,none,true,true,true,false,true
151,h100_e15000_s5000_k40_y10000,100,15000,5000,40,10000,23,53,54,1085,0,147,1001,8770,0,35,5,0,false,151,2649,32,-228020,0,1,84,1000,false,false,none,true,true,true,false,true
152,h700_e10000_s2500_k20_y30000,700,10000,2500,20,30000,51,301,326,1423,0,745,1024,8754,0,35,5,0,false,25,7876,91,-1305730,0,5,614,1014,false,false,none,true,true,true,false,true
153,h1500_e20000_s2500_k10_y50000,1500,20000,2500,10,50000,90,713,872,1998,0,1817,1004,8748,0,35,5,0,false,0,13244,151,-4359721,0,1,1213,1001,false,false,none,true,true,true,false,true
154,h700_e20000_s20000_k5_y50000,700,20000,20000,5,50000,231,1822,3281,3360,0,4386,1053,8735,0,35,5,0,false,0,13270,180,-11051124,0,1,566,1000,false,false,none,true,true,true,false,true
155,h100_e50000_s2500_k10_y5000,100,50000,2500,10,5000,30,59,60,1092,0,162,1000,8729,0,17,23,0,false,0,1325,16,-436947,0,0,59,1000,false,false,none,true,true,true,false,true
156,h100_e50000_s2500_k20_y10000,100,50000,2500,20,10000,30,59,60,1092,0,162,1000,8729,0,17,23,0,false,0,2649,31,-436947,0,0,59,1000,false,false,none,true,true,true,false,true
157,h100_e50000_s2500_k40_y20000,100,50000,2500,40,20000,30,59,60,1092,0,162,1000,8729,0,17,23,0,false,0,5298,61,-436947,0,0,59,1000,false,false,none,true,true,true,false,true
158,h300_e15000_s5000_k40_y30000,300,15000,5000,40,30000,50,172,180,1247,0,441,1005,8726,0,35,5,0,false,50,7949,94,-683636,0,1,254,1001,false,false,none,true,true,true,false,true
159,h100_e70000_s2500_k10_y5000,100,70000,2500,10,5000,29,76,77,1109,0,197,1000,8721,0,17,23,0,false,0,1325,16,-436948,0,0,47,1000,false,false,none,true,true,true,false,true
160,h100_e70000_s2500_k20_y10000,100,70000,2500,20,10000,29,76,77,1109,0,197,1000,8721,0,17,23,0,false,0,2649,31,-436948,0,0,47,1000,false,false,none,true,true,true,false,true
161,h100_e70000_s2500_k40_y20000,100,70000,2500,40,20000,29,76,77,1109,0,197,1000,8721,0,17,23,0,false,0,5298,61,-436948,0,0,47,1000,false,false,none,true,true,true,false,true
162,h1000_e20000_s2500_k10_y30000,1000,20000,2500,10,30000,75,499,568,1644,0,1211,1003,8720,0,35,5,0,false,0,7946,91,-2617782,0,1,809,1000,false,false,none,true,true,true,false,true
163,h700_e50000_s5000_k10_y50000,700,50000,5000,10,50000,88,1504,2047,2030,0,2649,1000,8713,-6936,25,14,1,false,0,13249,155,-4561825,0,1,413,1000,false,false,none,true,true,true,false,true
164,h1000_e25000_s5000_k5_y30000,1000,25000,5000,5,30000,144,569,707,2238,0,1941,1003,8712,0,35,5,0,false,0,7949,94,-5469378,0,1,768,1000,false,false,none,true,true,true,false,true
165,h100_e10000_s10000_k20_y5000,100,10000,10000,20,5000,34,51,52,1107,0,162,1007,8709,0,35,5,0,false,152,1315,17,-245768,0,1,87,1002,false,false,none,true,true,true,false,true
166,h100_e10000_s10000_k40_y10000,100,10000,10000,40,10000,34,51,52,1107,0,162,1007,8709,0,35,5,0,false,152,2641,33,-245768,0,1,87,1002,false,false,none,true,true,true,false,true
167,h2000_e15000_s2500_k10_y50000,2000,15000,2500,10,50000,72,1067,1389,2122,0,2293,1019,8705,0,35,5,0,false,7,13238,151,-4344509,0,1,1699,1007,false,false,none,true,true,true,false,true
168,h100_e100000_s2500_k10_y5000,100,100000,2500,10,5000,27,126,129,1125,0,265,1000,8704,0,8,32,0,false,0,1325,16,-436948,0,0,34,1000,false,false,none,true,true,true,false,true
169,h100_e100000_s2500_k20_y10000,100,100000,2500,20,10000,27,126,129,1125,0,265,1000,8704,0,8,32,0,false,0,2649,31,-436948,0,0,34,1000,false,false,none,true,true,true,false,true
170,h100_e100000_s2500_k40_y20000,100,100000,2500,40,20000,27,126,129,1125,0,265,1000,8704,0,8,32,0,false,0,5298,61,-436948,0,0,34,1000,false,false,none,true,true,true,false,true
171,h300_e30000_s10000_k10_y20000,300,30000,10000,10,20000,96,468,551,1928,0,1496,1003,8702,-2648,25,14,1,false,0,5302,66,-1967186,0,1,218,1000,false,false,none,true,true,true,false,true
172,h300_e20000_s10000_k40_y50000,300,20000,10000,40,50000,91,278,305,1538,0,869,1007,8690,0,35,5,0,false,0,13256,164,-1228934,0,1,242,1000,false,false,none,true,true,true,false,true
173,h1000_e20000_s10000_k10_y50000,1000,20000,10000,10,50000,120,1374,1943,2394,0,2898,1023,8688,0,35,5,0,false,0,13256,164,-4908134,0,1,809,1000,false,false,none,true,true,true,false,true
174,h2000_e10000_s10000_k5_y50000,2000,10000,10000,5,50000,199,935,1421,3236,0,3260,1143,8670,0,35,5,0,false,3,13056,164,-9702212,0,8,1755,1040,false,false,none,true,true,true,false,true
175,h300_e30000_s20000_k5_y50000,300,30000,20000,5,50000,208,2260,4347,3286,0,4776,1022,8669,0,26,14,0,false,0,13270,180,-11071657,0,1,218,1000,false,false,none,true,true,true,false,true
176,h500_e40000_s5000_k20_y50000,500,40000,5000,20,50000,79,680,795,1693,0,1449,1000,8660,-59,25,14,1,false,0,13249,155,-2280831,0,1,328,1000,false,false,none,true,true,true,false,true
177,h500_e10000_s2500_k20_y20000,500,10000,2500,20,20000,40,220,233,1297,0,532,1017,8651,0,35,5,0,false,38,5247,61,-871488,0,4,438,1010,false,false,none,true,true,true,false,true
178,h700_e10000_s5000_k20_y30000,700,10000,5000,20,30000,68,356,392,1501,0,876,1033,8643,0,35,5,0,false,25,7879,94,-1362828,0,5,614,1014,false,false,none,true,true,true,false,true
179,h1000_e70000_s2500_k10_y50000,1000,70000,2500,10,50000,83,882,1100,1987,0,1979,1000,8639,0,17,23,0,false,0,13245,151,-4369471,0,0,478,1000,false,false,none,true,true,true,false,true
180,h700_e15000_s2500_k20_y30000,700,15000,2500,20,30000,49,371,404,1395,0,802,1006,8636,0,35,5,0,false,25,7944,91,-1308171,0,1,594,1002,false,false,none,true,true,true,false,true
181,h1000_e20000_s2500_k20_y50000,1000,20000,2500,20,50000,62,588,670,1563,0,1211,1003,8628,0,35,5,0,false,0,13244,151,-2181485,0,1,809,1000,false,false,none,true,true,true,false,true
182,h1500_e25000_s2500_k10_y50000,1500,25000,2500,10,50000,86,782,968,2018,0,1912,1001,8627,0,35,5,0,false,0,13244,151,-4364329,0,1,1152,1000,false,false,none,true,true,true,false,true
183,h1000_e15000_s5000_k20_y50000,1000,15000,5000,20,50000,77,672,790,1736,0,1471,1017,8613,0,35,5,0,false,15,13245,155,-2273675,0,1,849,1003,false,false,none,true,true,true,false,true
184,h100_e50000_s10000_k20_y30000,100,50000,10000,20,30000,74,655,768,1725,0,1461,1000,8613,-5268,14,24,2,false,0,7954,98,-1475626,0,0,59,1000,false,false,none,true,true,true,false,true
185,h1500_e20000_s5000_k10_y50000,1500,20000,5000,10,50000,92,1270,1707,2155,0,2541,1011,8608,0,35,5,0,false,0,13248,155,-4550220,0,1,1213,1001,false,false,none,true,true,true,false,true
186,h700_e100000_s2500_k5_y30000,700,100000,2500,5,30000,106,545,670,2180,0,1857,1000,8601,0,17,23,0,false,0,7947,91,-5243375,0,0,244,1000,false,false,none,true,true,true,false,true
187,h2000_e30000_s2500_k5_y50000,2000,30000,2500,5,50000,126,1138,1555,2387,0,2679,1001,8600,0,36,4,0,false,0,13244,151,-8732070,0,1,1457,1000,false,false,none,true,true,true,false,true
188,h500_e25000_s20000_k5_y50000,500,25000,20000,5,50000,195,2461,4962,3321,0,5000,1036,8578,0,35,5,0,false,0,13270,180,-11064863,0,1,384,1000,false,false,none,true,true,true,false,true
189,h300_e25000_s2500_k40_y30000,300,25000,2500,40,30000,35,178,185,1184,0,382,1000,8563,0,30,10,0,false,0,7946,91,-655245,0,1,230,1000,false,false,none,true,true,true,false,true
190,h1000_e25000_s10000_k5_y50000,1000,25000,10000,5,50000,174,1396,2260,3184,0,3806,1015,8557,0,35,5,0,false,0,13256,164,-9825661,0,1,768,1000,false,false,none,true,true,true,false,true
191,h1500_e10000_s5000_k5_y30000,1500,10000,5000,5,30000,143,528,657,2285,0,1878,1070,8548,0,35,5,0,false,6,7799,94,-5424997,0,7,1316,1030,false,false,none,true,true,true,false,true
192,h1500_e30000_s2500_k10_y50000,1500,30000,2500,10,50000,82,883,1106,2013,0,2009,1000,8543,0,35,5,0,false,0,13244,151,-4366832,0,1,1093,1000,false,false,none,true,true,true,false,true
193,h500_e100000_s2500_k5_y20000,500,100000,2500,5,20000,93,446,514,1792,0,1326,1000,8542,0,17,23,0,false,0,5298,61,-3495583,0,0,174,1000,false,false,none,true,true,true,false,true
194,h500_e100000_s2500_k20_y50000,500,100000,2500,20,50000,58,773,891,1497,0,1326,1000,8524,0,17,23,0,false,0,13245,151,-2184740,0,0,174,1000,false,false,none,true,true,true,false,true
195,h2000_e10000_s2500_k10_y50000,2000,10000,2500,10,50000,76,860,1104,2209,0,2130,1067,8520,0,35,5,0,false,7,13044,151,-4321408,0,8,1755,1040,false,false,none,true,true,true,false,true
196,h100_e20000_s5000_k20_y5000,100,20000,5000,20,5000,22,66,67,1093,0,169,1000,8515,0,34,6,0,false,0,1324,16,-228063,0,1,80,1000,false,false,none,true,true,true,false,true
197,h100_e20000_s5000_k40_y10000,100,20000,5000,40,10000,22,66,67,1093,0,169,1000,8515,0,34,6,0,false,0,2649,32,-228063,0,1,80,1000,false,false,none,true,true,true,false,true
198,h500_e10000_s160000_k5_y50000,500,10000,160000,5,50000,642,3317,10806,4251,0,6516,1372,8514,0,35,5,0,false,3,13423,404,-17973932,0,4,438,1010,false,false,none,true,true,true,false,true
199,h700_e20000_s2500_k20_y30000,700,20000,2500,20,30000,48,428,468,1379,0,848,1002,8505,0,35,5,0,false,0,7946,91,-1309507,0,1,566,1000,false,false,none,true,true,true,false,true
200,h500_e40000_s10000_k5_y50000,500,40000,10000,5,50000,152,1899,3318,3137,0,4271,1003,8477,0,26,14,0,false,0,13257,164,-9836709,0,1,328,1000,false,false,none,true,true,true,false,true
201,h300_e20000_s5000_k40_y30000,300,20000,5000,40,30000,47,215,226,1266,0,508,1002,8465,0,35,5,0,false,0,7949,94,-683946,0,1,242,1000,false,false,none,true,true,true,false,true
202,h500_e20000_s2500_k20_y20000,500,20000,2500,20,20000,39,307,327,1269,0,605,1001,8460,0,35,5,0,false,0,5297,61,-873245,0,1,404,1000,false,false,none,true,true,true,false,true
203,h1000_e25000_s2500_k20_y50000,1000,25000,2500,20,50000,60,668,766,1546,0,1274,1001,8451,0,35,5,0,false,0,13244,151,-2183065,0,1,768,1000,false,false,none,true,true,true,false,true
204,h500_e25000_s5000_k20_y30000,500,25000,5000,20,30000,65,436,483,1482,0,970,1002,8441,0,35,5,0,false,0,7949,94,-1367962,0,1,384,1000,false,false,none,true,true,true,false,true
205,h1500_e15000_s5000_k5_y30000,1500,15000,5000,5,30000,126,729,939,2356,0,2206,1026,8440,0,35,5,0,false,6,7945,94,-5447957,0,1,1274,1005,false,false,none,true,true,true,false,true
206,h300_e30000_s5000_k10_y10000,300,30000,5000,10,10000,55,271,290,1355,0,666,1000,8440,0,26,14,0,false,0,2649,32,-912271,0,1,218,1000,false,false,none,true,true,true,false,true
207,h300_e30000_s5000_k20_y20000,300,30000,5000,20,20000,55,271,290,1355,0,666,1000,8440,0,26,14,0,false,0,5299,63,-912271,0,1,218,1000,false,false,none,true,true,true,false,true
208,h700_e10000_s2500_k40_y50000,700,10000,2500,40,50000,42,336,365,1391,0,745,1024,8434,0,35,5,0,false,30,13174,151,-1088108,0,5,614,1014,false,false,none,true,true,true,false,true
209,h300_e40000_s5000_k40_y50000,300,40000,5000,40,50000,58,347,380,1470,0,869,1000,8424,0,26,14,0,false,0,13249,155,-1140443,0,1,196,1000,false,false,none,true,true,true,false,true
210,h2000_e20000_s2500_k10_y50000,2000,20000,2500,10,50000,69,1239,1637,2072,0,2423,1006,8412,0,35,5,0,false,0,13244,151,-4356477,0,1,1618,1001,false,false,none,true,true,true,false,true
211,h700_e15000_s40000_k5_y50000,700,15000,40000,5,50000,265,2864,6979,3729,0,5730,1149,8394,0,35,5,0,false,3,13297,212,-12923173,0,1,594,1002,false,false,none,true,true,true,false,true
212,h500_e25000_s10000_k20_y50000,500,25000,10000,20,50000,96,781,966,2017,0,1902,1008,8394,-129,34,5,1,false,0,13256,164,-2457957,0,1,384,1000,false,false,none,true,true,true,false,true
213,h500_e50000_s5000_k10_y30000,500,50000,5000,10,30000,74,991,1222,1810,0,1892,1000,8391,-6219,16,23,1,false,0,7950,94,-2737114,0,1,295,1000,false,false,none,true,true,true,false,true
214,h300_e50000_s10000_k5_y50000,300,50000,10000,5,50000,147,2021,3600,3128,0,4384,1001,8386,0,17,23,0,false,0,13257,164,-9837397,0,1,177,1000,false,false,none,true,true,true,false,true
215,h2000_e10000_s5000_k10_y50000,2000,10000,5000,10,50000,90,1093,1479,2365,0,2506,1093,8385,0,35,5,0,false,7,13048,155,-4507426,0,8,1755,1040,false,false,none,true,true,true,false,true
216,h300_e50000_s5000_k20_y30000,300,50000,5000,20,30000,58,459,517,1608,0,1135,1000,8380,-3002,16,23,1,false,0,7950,94,-1368566,0,1,177,1000,false,false,none,true,true,true,false,true
217,h2000_e20000_s5000_k5_y50000,2000,20000,5000,5,50000,134,1178,1787,3004,0,3388,1015,8375,0,35,5,0,false,0,13248,155,-9093140,0,1,1618,1001,false,false,none,true,true,true,false,true
218,h700_e15000_s2500_k40_y50000,700,15000,2500,40,50000,41,405,441,1364,0,802,1006,8354,0,35,5,0,false,30,13242,151,-1090143,0,1,594,1002,false,false,none,true,true,true,false,true
219,h100_e40000_s20000_k10_y50000,100,40000,20000,10,50000,132,1649,2764,3144,0,4023,1008,8351,0,26,14,0,false,0,13271,180,-5537640,0,1,65,1000,false,false,none,true,true,true,false,true
220,h1500_e30000_s5000_k5_y50000,1500,30000,5000,5,50000,137,1051,1577,3053,0,3330,1003,8351,0,35,5,0,false,0,13248,155,-9117113,0,1,1093,1000,false,false,none,true,true,true,false,true
221,h1000_e20000_s5000_k20_y50000,1000,20000,5000,20,50000,68,861,1038,1756,0,1694,1007,8324,0,35,5,0,false,0,13248,155,-2277059,0,1,809,1000,false,false,none,true,true,true,false,true
222,h1500_e15000_s10000_k10_y50000,1500,15000,10000,10,50000,102,1653,2487,2530,0,3292,1055,8322,0,35,5,0,false,7,13252,164,-4890321,0,1,1274,1005,false,false,none,true,true,true,false,true
223,h1000_e15000_s2500_k10_y20000,1000,15000,2500,10,20000,52,567,641,1531,0,1146,1009,8307,0,35,5,0,false,18,5294,61,-1742837,0,1,849,1003,false,false,none,true,true,true,false,true
224,h100_e15000_s10000_k20_y5000,100,15000,10000,20,5000,32,80,82,1128,0,219,1003,8299,0,35,5,0,false,150,1325,17,-245851,0,1,84,1000,false,false,none,true,true,true,false,true
225,h100_e15000_s10000_k40_y10000,100,15000,10000,40,10000,32,80,82,1128,0,219,1003,8299,0,35,5,0,false,150,2651,33,-245851,0,1,84,1000,false,false,none,true,true,true,false,true
226,h300_e10000_s2500_k40_y20000,300,10000,2500,40,20000,25,144,149,1168,0,319,1010,8297,0,35,5,0,false,76,5267,61,-436220,0,3,263,1006,false,false,none,true,true,true,false,true
227,h1500_e70000_s2500_k5_y50000,1500,70000,2500,5,50000,114,952,1354,2815,0,2969,1000,8294,0,17,23,0,false,0,13245,151,-8738934,0,0,717,1000,false,false,none,true,true,true,false,true
228,h100_e40000_s2500_k20_y5000,100,40000,2500,20,5000,15,73,74,1066,0,147,1000,8294,0,17,23,0,false,0,1325,16,-218472,0,1,65,1000,false,false,none,true,true,true,false,true
229,h100_e40000_s2500_k40_y10000,100,40000,2500,40,10000,15,73,74,1066,0,147,1000,8294,0,17,23,0,false,0,2649,31,-218472,0,1,65,1000,false,false,none,true,true,true,false,true
230,h1000_e50000_s5000_k5_y50000,1000,50000,5000,5,50000,119,1531,2464,3027,0,3784,1000,8278,0,26,14,0,false,0,13249,155,-9123558,0,1,590,1000,false,false,none,true,true,true,false,true
231,h100_e50000_s10000_k40_y50000,100,50000,10000,40,50000,62,743,871,1646,0,1461,1000,8244,-7319,14,24,2,false,0,13257,164,-1229688,0,0,59,1000,false,false,none,true,true,true,false,true
232,h300_e40000_s2500_k40_y30000,300,40000,2500,40,30000,34,235,245,1187,0,443,1000,8242,0,26,14,0,false,0,7947,91,-655403,0,1,196,1000,false,false,none,true,true,true,false,true
233,h2000_e15000_s5000_k10_y50000,2000,15000,5000,10,50000,78,1529,2179,2306,0,2942,1034,8233,0,35,5,0,false,7,13242,155,-4532842,0,1,1699,1007,false,false,none,true,true,true,false,true
234,h500_e25000_s2500_k20_y20000,500,25000,2500,20,20000,38,342,366,1265,0,637,1000,8232,0,35,5,0,false,0,5297,61,-873536,0,1,384,1000,false,false,none,true,true,true,false,true
235,h700_e70000_s2500_k5_y20000,700,70000,2500,5,20000,90,504,586,1792,0,1385,1000,8226,0,17,23,0,false,0,5298,61,-3495579,0,0,334,1000,false,false,none,true,true,true,false,true
236,h1000_e70000_s2500_k5_y30000,1000,70000,2500,5,30000,100,667,832,2180,0,1979,1000,8220,0,17,23,0,false,0,7947,91,-5243366,0,0,478,1000,false,false,none,true,true,true,false,true
237,h700_e10000_s5000_k40_y50000,700,10000,5000,40,50000,57,392,431,1469,0,876,1033,8219,0,35,5,0,false,30,13178,155,-1135690,0,5,614,1014,false,false,none,true,true,true,false,true
238,h100_e25000_s5000_k20_y5000,100,25000,5000,20,5000,22,77,79,1105,0,194,1000,8201,0,26,14,0,false,0,1324,16,-228079,0,1,76,1000,false,false,none,true,true,true,false,true
239,h100_e25000_s5000_k40_y10000,100,25000,5000,40,10000,22,77,79,1105,0,194,1000,8201,0,26,14,0,false,0,2649,32,-228079,0,1,76,1000,false,false,none,true,true,true,false,true
240,h700_e20000_s2500_k40_y50000,700,20000,2500,40,50000,40,461,504,1349,0,848,1002,8185,0,35,5,0,false,0,13244,151,-1091256,0,1,566,1000,false,false,none,true,true,true,false,true
241,h1000_e20000_s2500_k10_y20000,1000,20000,2500,10,20000,50,652,742,1506,0,1211,1003,8181,0,35,5,0,false,0,5297,61,-1745188,0,1,809,1000,false,false,none,true,true,true,false,true
242,h1500_e20000_s10000_k5_y50000,1500,20000,10000,5,50000,147,1892,3371,3243,0,4348,1034,8180,0,35,5,0,false,0,13256,164,-9805868,0,1,1213,1001,false,false,none,true,true,true,false,true
243,h2000_e10000_s20000_k5_y50000,2000,10000,20000,5,50000,195,2056,4146,3684,0,4779,1234,8178,0,35,5,0,false,3,13070,180,-10889891,0,8,1755,1040,false,false,none,true,true,true,false,true
244,h2000_e15000_s10000_k5_y50000,2000,15000,10000,5,50000,143,1875,3392,3337,0,4391,1072,8173,0,35,5,0,false,3,13250,164,-9761769,0,1,1699,1007,false,false,none,true,true,true,false,true
245,h500_e50000_s5000_k20_y50000,500,50000,5000,20,50000,62,992,1223,1810,0,1892,1000,8167,-6235,16,23,1,false,0,13249,155,-2280928,0,1,295,1000,false,false,none,true,true,true,false,true
246,h300_e30000_s10000_k20_y30000,300,30000,10000,20,30000,72,693,815,1726,0,1496,1003,8165,-2567,24,14,2,false,0,7953,98,-1475390,0,1,218,1000,false,false,none,true,true,true,false,true
247,h1500_e30000_s2500_k5_y30000,1500,30000,2500,5,30000,99,832,1042,2059,0,2009,1000,8162,0,35,5,0,false,0,7946,91,-5240198,0,1,1093,1000,false,false,none,true,true,true,false,true
248,h1500_e15000_s2500_k10_y30000,1500,15000,2500,10,30000,56,888,1075,1762,0,1720,1014,8157,0,35,5,0,false,12,7942,91,-2610475,0,1,1274,1005,false,false,none,true,true,true,false,true
249,h700_e30000_s10000_k10_y50000,700,30000,10000,10,50000,97,1859,2860,2477,0,3491,1008,8149,-3914,25,14,1,false,0,13256,164,-4916440,0,1,510,1000,false,false,none,true,true,true,false,true
250,h1500_e15000_s2500_k20_y50000,1500,15000,2500,20,50000,47,951,1151,1706,0,1720,1014,8149,0,35,5,0,false,15,13240,151,-2175396,0,1,1274,1005,false,false,none,true,true,true,false,true
251,h2000_e25000_s2500_k10_y50000,2000,25000,2500,10,50000,66,1395,1873,2041,0,2549,1002,8138,0,35,5,0,false,0,13244,151,-4362786,0,1,1536,1000,false,false,none,true,true,true,false,true
252,h3000_e15000_s2500_k5_y50000,3000,15000,2500,5,50000,98,1359,2083,2901,0,3441,1028,8131,0,36,4,0,false,3,13235,151,-8664492,0,1,2549,1010,false,false,none,true,true,true,false,true
253,h1500_e20000_s5000_k5_y30000,1500,20000,5000,5,30000,110,1092,1467,2316,0,2541,1011,8129,0,35,5,0,false,0,7949,94,-5460264,0,1,1213,1001,false,false,none,true,true,true,false,true
254,h1500_e10000_s40000_k5_y50000,1500,10000,40000,5,50000,245,2840,7495,4032,0,5865,1310,8120,0,35,5,0,false,3,13149,212,-12783910,0,7,1316,1030,false,false,none,true,true,true,false,true
255,h300_e20000_s2500_k20_y10000,300,20000,2500,20,10000,24,193,201,1153,0,363,1000,8098,0,35,5,0,false,0,2648,31,-436743,0,1,242,1000,false,false,none,true,true,true,false,true
256,h300_e20000_s2500_k40_y20000,300,20000,2500,40,20000,24,193,201,1153,0,363,1000,8098,0,35,5,0,false,0,5297,61,-436743,0,1,242,1000,false,false,none,true,true,true,false,true
257,h1000_e100000_s2500_k10_y50000,1000,100000,2500,10,50000,64,1556,2118,1987,0,2653,1000,8097,0,17,23,0,false,0,13245,151,-4369479,0,0,348,1000,false,false,none,true,true,true,false,true
258,h300_e10000_s5000_k40_y20000,300,10000,5000,40,20000,35,164,170,1204,0,375,1014,8097,0,35,5,0,false,76,5269,63,-455367,0,3,263,1006,false,false,none,true,true,true,false,true
259,h1000_e10000_s2500_k10_y20000,1000,10000,2500,10,20000,54,464,521,1574,0,1064,1034,8092,0,35,5,0,false,19,5197,61,-1738079,0,6,877,1020,false,false,none,true,true,true,false,true
260,h1000_e25000_s5000_k10_y30000,1000,25000,5000,10,30000,72,1018,1264,1834,0,1941,1003,8090,0,35,5,0,false,0,7949,94,-2734689,0,1,768,1000,false,false,none,true,true,true,false,true
261,h300_e70000_s5000_k10_y30000,300,70000,5000,10,30000,73,1008,1250,1832,0,1933,1000,8087,0,15,23,2,false,0,7950,94,-2737157,0,0,143,1000,false,false,none,true,true,true,false,true
262,h500_e25000_s5000_k40_y50000,500,25000,5000,40,50000,54,463,513,1458,0,970,1002,8087,0,35,5,0,false,0,13248,155,-1139969,0,1,384,1000,false,false,none,true,true,true,false,true
263,h100_e50000_s2500_k20_y5000,100,50000,2500,20,5000,15,84,86,1070,0,162,1000,8087,0,17,23,0,false,0,1325,16,-218474,0,0,59,1000,false,false,none,true,true,true,false,true
264,h100_e50000_s2500_k40_y10000,100,50000,2500,40,10000,15,84,86,1070,0,162,1000,8087,0,17,23,0,false,0,2649,31,-218474,0,0,59,1000,false,false,none,true,true,true,false,true
265,h300_e100000_s5000_k5_y50000,300,100000,5000,5,50000,103,2049,3593,3023,0,4297,1000,8082,0,17,23,0,false,0,13249,155,-9123863,0,0,104,1000,false,false,none,true,true,true,false,true
266,h1500_e10000_s2500_k20_y50000,1500,10000,2500,20,50000,49,792,949,1774,0,1597,1050,8078,0,35,5,0,false,15,13094,151,-2166637,0,7,1316,1030,false,false,none,true,true,true,false,true
267,h3000_e10000_s2500_k5_y50000,3000,10000,2500,5,50000,103,1065,1591,3017,0,3196,1099,8072,0,36,4,0,false,3,12944,151,-8595703,0,9,2633,1060,false,false,none,true,true,true,false,true
268,h500_e15000_s2500_k40_y30000,500,15000,2500,40,30000,30,304,322,1247,0,573,1004,8050,0,35,5,0,false,50,7945,91,-654473,0,1,424,1001,false,false,none,true,true,true,false,true
269,h500_e30000_s2500_k20_y20000,500,30000,2500,20,20000,37,376,403,1264,0,669,1000,8045,0,26,14,0,false,0,5297,61,-873737,0,1,364,1000,false,false,none,true,true,true,false,true
270,h2000_e15000_s2500_k5_y30000,2000,15000,2500,5,30000,87,859,1118,2310,0,2293,1019,8043,0,35,5,0,false,6,7940,91,-5213410,0,1,1699,1007,false,false,none,true,true,true,false,true
271,h100_e30000_s5000_k20_y5000,100,30000,5000,20,5000,21,93,96,1115,0,222,1000,8043,0,26,14,0,false,0,1324,16,-228087,0,1,72,1000,false,false,none,true,true,true,false,true
272,h100_e30000_s5000_k40_y10000,100,30000,5000,40,10000,21,93,96,1115,0,222,1000,8043,0,26,14,0,false,0,2649,32,-228087,0,1,72,1000,false,false,none,true,true,true,false,true
273,h100_e20000_s10000_k20_y5000,100,20000,10000,20,5000,30,127,131,1148,0,289,1002,8042,0,34,6,0,false,0,1325,17,-245885,0,1,80,1000,false,false,none,true,true,true,false,true
274,h100_e20000_s10000_k40_y10000,100,20000,10000,40,10000,30,127,131,1148,0,289,1002,8042,0,34,6,0,false,0,2651,33,-245885,0,1,80,1000,false,false,none,true,true,true,false,true
275,h100_e70000_s5000_k40_y20000,100,70000,5000,40,20000,28,360,385,1255,0,644,1000,8032,0,15,23,2,false,0,5300,63,-456194,0,0,47,1000,false,false,none,true,true,true,false,true
276,h700_e15000_s5000_k40_y50000,700,15000,5000,40,50000,52,509,568,1480,0,1029,1012,8028,0,35,5,0,false,30,13246,155,-1137923,0,1,594,1002,false,false,none,true,true,true,false,true
277,h500_e10000_s2500_k40_y30000,500,10000,2500,40,30000,30,256,271,1264,0,532,1017,8020,0,35,5,0,false,50,7896,91,-653616,0,4,438,1010,false,false,none,true,true,true,false,true
278,h1000_e15000_s2500_k20_y30000,1000,15000,2500,20,30000,39,633,716,1471,0,1146,1009,8008,0,35,5,0,false,25,7943,91,-1307128,0,1,849,1003,false,false,none,true,true,true,false,true
279,h1000_e10000_s80000_k5_y50000,1000,10000,80000,5,50000,333,3705,14144,4306,0,6958,1379,8004,0,35,5,0,false,3,13257,277,-15283687,0,6,877,1020,false,false,none,true,true,true,false,true
280,h700_e25000_s2500_k40_y50000,700,25000,2500,40,50000,39,512,562,1343,0,892,1000,8003,0,35,5,0,false,0,13244,151,-1091765,0,1,537,1000,false,false,none,true,true,true,false,true
281,h2000_e25000_s5000_k5_y50000,2000,25000,5000,5,50000,115,1575,2579,3083,0,3882,1007,7997,0,35,5,0,false,0,13248,155,-9107408,0,1,1536,1000,false,false,none,true,true,true,false,true
282,h3000_e20000_s2500_k5_y50000,3000,20000,2500,5,50000,93,1560,2456,2877,0,3635,1009,7990,0,35,5,0,false,0,13244,151,-8700516,0,1,2427,1002,false,false,none,true,true,true,false,true
283,h500_e20000_s10000_k20_y30000,500,20000,10000,20,30000,74,650,762,1729,0,1448,1011,7976,0,35,5,0,false,0,7953,98,-1474069,0,1,404,1000,false,false,none,true,true,true,false,true
284,h500_e20000_s5000_k20_y20000,500,20000,5000,20,20000,47,413,452,1393,0,847,1003,7974,0,35,5,0,false,0,5299,63,-911605,0,1,404,1000,false,false,none,true,true,true,false,true
285,h1000_e25000_s5000_k20_y50000,1000,25000,5000,20,50000,60,1062,1318,1795,0,1941,1003,7973,0,35,5,0,false,0,13248,155,-2278908,0,1,768,1000,false,false,none,true,true,true,false,true
286,h1500_e20000_s2500_k20_y50000,1500,20000,2500,20,50000,45,1082,1324,1666,0,1817,1004,7964,0,35,5,0,false,0,13244,151,-2179861,0,1,1213,1001,false,false,none,true,true,true,false,true
287,h300_e50000_s5000_k40_y50000,300,50000,5000,40,50000,48,500,564,1571,0,1135,1000,7961,-2917,15,23,2,false,0,13249,155,-1140472,0,1,177,1000,false,false,none,true,true,true,false,true
288,h300_e15000_s5000_k20_y10000,300,15000,5000,20,10000,34,208,218,1214,0,441,1005,7960,0,35,5,0,false,75,2649,32,-455758,0,1,254,1001,false,false,none,true,true,true,false,true
289,h300_e15000_s5000_k40_y20000,300,15000,5000,40,20000,34,208,218,1214,0,441,1005,7960,0,35,5,0,false,75,5299,63,-455758,0,1,254,1001,false,false,none,true,true,true,false,true
290,h1500_e10000_s2500_k10_y30000,1500,10000,2500,10,30000,59,726,869,1834,0,1597,1050,7955,0,35,5,0,false,12,7796,91,-2599964,0,7,1316,1030,false,false,none,true,true,true,false,true
291,h300_e40000_s5000_k20_y20000,300,40000,5000,20,20000,47,362,397,1456,0,869,1000,7950,0,26,14,0,false,0,5300,63,-912354,0,1,196,1000,false,false,none,true,true,true,false,true
292,h300_e70000_s5000_k20_y50000,300,70000,5000,20,50000,61,963,1195,1872,0,1933,1000,7946,0,15,23,2,false,0,13249,155,-2280964,0,0,143,1000,false,false,none,true,true,true,false,true
293,h700_e70000_s5000_k5_y50000,700,70000,5000,5,50000,98,2262,4123,3024,0,4511,1000,7943,0,17,23,0,false,0,13249,155,-9123846,0,0,334,1000,false,false,none,true,true,true,false,true
294,h700_e15000_s2500_k20_y20000,700,15000,2500,20,20000,33,440,478,1333,0,802,1006,7941,0,35,5,0,false,37,5295,61,-872114,0,1,594,1002,false,false,none,true,true,true,false,true
295,h2000_e20000_s2500_k5_y30000,2000,20000,2500,5,30000,83,1030,1361,2260,0,2423,1006,7936,0,35,5,0,false,0,7946,91,-5227773,0,1,1618,1001,false,false,none,true,true,true,false,true
296,h1000_e30000_s10000_k5_y50000,1000,30000,10000,5,50000,124,2587,5175,3171,0,4987,1011,7929,0,35,5,0,false,0,13256,164,-9831255,0,1,728,1000,false,false,none,true,true,true,false,true
297,h1000_e10000_s5000_k10_y20000,1000,10000,5000,10,20000,69,551,634,1678,0,1251,1047,7926,0,35,5,0,false,19,5199,63,-1813819,0,6,877,1020,false,false,none,true,true,true,false,true
298,h2000_e10000_s2500_k5_y30000,2000,10000,2500,5,30000,91,680,872,2372,0,2130,1067,7921,0,35,5,0,false,6,7746,91,-5185689,0,8,1755,1040,false,false,none,true,true,true,false,true
299,h100_e100000_s5000_k10_y20000,100,100000,5000,10,20000,64,424,494,1907,0,1432,1000,7905,162,6,32,2,false,0,5300,63,-1824773,0,0,34,1000,false,false,none,true,true,true,false,true
300,h2000_e30000_s2500_k10_y50000,2000,30000,2500,10,50000,63,1543,2109,2022,0,2679,1001,7900,0,35,5,0,false,0,13244,151,-4366035,0,1,1457,1000,false,false,none,true,true,true,false,true
301,h3000_e10000_s5000_k5_y50000,3000,10000,5000,5,50000,115,1304,2143,3349,0,3762,1137,7887,0,35,5,0,false,3,12948,155,-8961135,0,9,2633,1060,false,false,none,true,true,true,false,true
302,h500_e20000_s2500_k40_y30000,500,20000,2500,40,30000,29,342,364,1238,0,605,1001,7881,0,35,5,0,false,0,7946,91,-654934,0,1,404,1000,false,false,none,true,true,true,false,true
303,h300_e30000_s5000_k40_y30000,300,30000,5000,40,30000,41,298,319,1331,0,666,1000,7874,0,26,14,0,false,0,7949,94,-684204,0,1,218,1000,false,false,none,true,true,true,false,true
304,h1500_e10000_s5000_k20_y50000,1500,10000,5000,20,50000,60,939,1167,1916,0,1878,1070,7866,0,35,5,0,false,15,13098,155,-2260416,0,7,1316,1030,false,false,none,true,true,true,false,true
305,h700_e40000_s5000_k20_y50000,700,40000,5000,20,50000,58,1118,1403,1820,0,2029,1000,7863,-1525,25,14,1,false,0,13249,155,-2280777,0,1,459,1000,false,false,none,true,true,true,false,true
306,h500_e40000_s5000_k10_y20000,500,40000,5000,10,20000,63,704,824,1670,0,1449,1000,7838,-414,25,14,1,false,0,5300,63,-1824665,0,1,328,1000,false,false,none,true,true,true,false,true
307,h1000_e20000_s2500_k20_y30000,1000,20000,2500,20,30000,38,715,814,1450,0,1211,1003,7825,0,35,5,0,false,0,7946,91,-1308891,0,1,809,1000,false,false,none,true,true,true,false,true
308,h700_e30000_s2500_k40_y50000,700,30000,2500,40,50000,38,560,618,1340,0,937,1000,7811,0,26,14,0,false,0,13244,151,-1092027,0,1,510,1000,false,false,none,true,true,true,false,true
309,h3000_e15000_s5000_k5_y50000,3000,15000,5000,5,50000,99,1988,3597,3235,0,4415,1051,7803,0,35,5,0,false,3,13239,155,-9036817,0,1,2549,1010,false,false,none,true,true,true,false,true
310,h1500_e25000_s2500_k20_y50000,1500,25000,2500,20,50000,43,1201,1485,1641,0,1912,1001,7801,0,35,5,0,false,0,13244,151,-2182165,0,1,1152,1000,false,false,none,true,true,true,false,true
311,h500_e30000_s10000_k20_y50000,500,30000,10000,20,50000,72,1166,1554,2200,0,2493,1005,7797,-4578,24,14,2,false,0,13256,164,-2458602,0,1,364,1000,false,false,none,true,true,true,false,true
312,h1500_e15000_s20000_k5_y50000,1500,15000,20000,5,50000,153,3122,7807,3590,0,5860,1126,7795,0,35,5,0,false,3,13266,180,-10989717,0,1,1274,1005,false,false,none,true,true,true,false,true
313,h2000_e10000_s5000_k5_y30000,2000,10000,5000,5,30000,107,958,1297,2485,0,2506,1093,7784,0,35,5,0,false,6,7749,94,-5408911,0,8,1755,1040,false,false,none,true,true,true,false,true
314,h3000_e25000_s2500_k5_y50000,3000,25000,2500,5,50000,89,1696,2748,2919,0,3824,1003,7781,0,35,5,0,false,0,13244,151,-8718890,0,1,2304,1000,false,false,none,true,true,true,false,true
315,h100_e100000_s5000_k20_y30000,100,100000,5000,20,30000,48,671,784,1684,0,1432,1000,7781,-5568,5,32,3,false,0,7950,94,-1368580,0,0,34,1000,false,false,none,true,true,true,false,true
316,h1500_e15000_s5000_k20_y50000,1500,15000,5000,20,50000,53,1226,1580,1908,0,2206,1026,7770,0,35,5,0,false,15,13244,155,-2269982,0,1,1274,1005,false,false,none,true,true,true,false,true
317,h1500_e10000_s5000_k10_y30000,1500,10000,5000,10,30000,72,874,1087,1974,0,1878,1070,7766,0,35,5,0,false,12,7799,94,-2712499,0,7,1316,1030,false,false,none,true,true,true,false,true
318,h1000_e10000_s2500_k20_y30000,1000,10000,2500,20,30000,40,533,599,1512,0,1064,1034,7765,0,35,5,0,false,25,7846,91,-1303559,0,6,877,1020,false,false,none,true,true,true,false,true
319,h2000_e25000_s2500_k5_y30000,2000,25000,2500,5,30000,79,1184,1590,2230,0,2549,1002,7764,0,35,5,0,false,0,7946,91,-5235343,0,1,1536,1000,false,false,none,true,true,true,false,true
320,h700_e20000_s2500_k20_y20000,700,20000,2500,20,20000,32,494,540,1320,0,848,1002,7754,0,35,5,0,false,0,5297,61,-873005,0,1,566,1000,false,false,none,true,true,true,false,true
321,h300_e30000_s2500_k20_y10000,300,30000,2500,20,10000,23,231,241,1153,0,401,1000,7753,0,26,14,0,false,0,2648,31,-436901,0,1,218,1000,false,false,none,true,true,true,false,true
322,h300_e30000_s2500_k40_y20000,300,30000,2500,40,20000,23,231,241,1153,0,401,1000,7753,0,26,14,0,false,0,5297,61,-436901,0,1,218,1000,false,false,none,true,true,true,false,true
323,h2000_e15000_s5000_k5_y30000,2000,15000,5000,5,30000,93,1415,2016,2409,0,2942,1034,7746,0,35,5,0,false,6,7943,94,-5439410,0,1,1699,1007,false,false,none,true,true,true,false,true
324,h1500_e100000_s2500_k5_y50000,1500,100000,2500,5,50000,85,1823,3029,2940,0,3979,1000,7737,0,17,23,0,false,0,13245,151,-8738958,0,0,523,1000,false,false,none,true,true,true,false,true
325,h100_e70000_s2500_k20_y5000,100,70000,2500,20,5000,15,109,111,1079,0,197,1000,7735,0,17,23,0,false,0,1325,16,-218474,0,0,47,1000,false,false,none,true,true,true,false,true
326,h100_e70000_s2500_k40_y10000,100,70000,2500,40,10000,15,109,111,1079,0,197,1000,7735,0,17,23,0,false,0,2649,31,-218474,0,0,47,1000,false,false,none,true,true,true,false,true
327,h100_e40000_s5000_k20_y5000,100,40000,5000,20,5000,20,147,151,1128,0,289,1000,7721,0,17,23,0,false,0,1325,16,-228094,0,1,65,1000,false,false,none,true,true,true,false,true
328,h100_e40000_s5000_k40_y10000,100,40000,5000,40,10000,20,147,151,1128,0,289,1000,7721,0,17,23,0,false,0,2650,32,-228094,0,1,65,1000,false,false,none,true,true,true,false,true
329,h100_e15000_s2500_k40_y5000,100,15000,2500,40,5000,8,62,63,1048,0,114,1000,7717,0,35,5,0,false,302,1324,16,-109202,0,1,84,1000,false,false,none,true,true,true,false,true
330,h1500_e10000_s2500_k5_y20000,1500,10000,2500,5,20000,78,581,696,1964,0,1597,1050,7712,0,35,5,0,false,9,5147,61,-3466619,0,7,1316,1030,false,false,none,true,true,true,false,true
331,h100_e40000_s10000_k40_y20000,100,40000,10000,40,20000,37,372,407,1434,0,854,1000,7694,-1238,14,25,1,false,0,5303,66,-491870,0,1,65,1000,false,false,none,true,true,true,false,true
332,h2000_e20000_s5000_k10_y50000,2000,20000,5000,10,50000,67,1975,2996,2287,0,3388,1015,7690,0,35,5,0,false,0,13248,155,-4546570,0,1,1618,1001,false,false,none,true,true,true,false,true
333,h500_e15000_s5000_k40_y30000,500,15000,5000,40,30000,39,371,401,1336,0,735,1008,7671,0,35,5,0,false,50,7948,94,-683177,0,1,424,1001,false,false,none,true,true,true,false,true
334,h300_e40000_s10000_k20_y50000,300,40000,10000,20,50000,70,1232,1657,2199,0,2562,1002,7645,-9599,24,14,2,false,0,13257,164,-2459262,0,1,196,1000,false,false,none,true,true,true,false,true
335,h1000_e25000_s2500_k20_y30000,1000,25000,2500,20,30000,36,788,904,1438,0,1274,1001,7639,0,35,5,0,false,0,7946,91,-1309839,0,1,768,1000,false,false,none,true,true,true,false,true
336,h100_e25000_s10000_k20_y5000,100,25000,10000,20,5000,28,181,189,1180,0,380,1001,7625,0,26,14,0,false,0,1325,17,-245915,0,1,76,1000,false,false,none,true,true,true,false,true
337,h100_e25000_s10000_k40_y10000,100,25000,10000,40,10000,28,181,189,1180,0,380,1001,7625,0,26,14,0,false,0,2651,33,-245915,0,1,76,1000,false,false,none,true,true,true,false,true
338,h1500_e15000_s5000_k10_y30000,1500,15000,5000,10,30000,63,1171,1508,1958,0,2206,1026,7618,0,35,5,0,false,12,7945,94,-2723979,0,1,1274,1005,false,false,none,true,true,true,false,true
339,h700_e10000_s2500_k20_y20000,700,10000,2500,20,20000,34,372,403,1359,0,745,1024,7614,0,35,5,0,false,38,5227,61,-870487,0,5,614,1014,false,false,none,true,true,true,false,true
340,h300_e20000_s5000_k20_y10000,300,20000,5000,20,10000,32,253,266,1232,0,508,1002,7612,0,35,5,0,false,0,2649,32,-455964,0,1,242,1000,false,false,none,true,true,true,false,true
341,h300_e20000_s5000_k40_y20000,300,20000,5000,40,20000,32,253,266,1232,0,508,1002,7612,0,35,5,0,false,0,5299,63,-455964,0,1,242,1000,false,false,none,true,true,true,false,true
342,h3000_e30000_s2500_k5_y50000,3000,30000,2500,5,50000,85,1825,3053,2975,0,4018,1001,7595,0,35,5,0,false,0,13244,151,-8728372,0,1,2186,1000,false,false,none,true,true,true,false,true
343,h1000_e15000_s5000_k20_y30000,1000,15000,5000,20,30000,46,794,933,1627,0,1471,1017,7588,0,35,5,0,false,25,7946,94,-1364205,0,1,849,1003,false,false,none,true,true,true,false,true
344,h2000_e70000_s2500_k5_y50000,2000,70000,2500,5,50000,86,1803,2985,2940,0,3959,1000,7581,0,17,23,0,false,0,13245,151,-8738926,0,0,956,1000,false,false,none,true,true,true,false,true
345,h1000_e15000_s2500_k40_y50000,1000,15000,2500,40,50000,33,666,753,1442,0,1146,1009,7580,0,35,5,0,false,30,13241,151,-1089273,0,1,849,1003,false,false,none,true,true,true,false,true
346,h100_e10000_s2500_k40_y5000,100,10000,2500,40,5000,8,53,54,1051,0,106,1003,7578,0,34,6,0,false,306,1314,16,-109175,0,1,87,1002,false,false,none,true,true,true,false,true
347,h2000_e30000_s2500_k5_y30000,2000,30000,2500,5,30000,76,1332,1820,2212,0,2679,1001,7572,0,35,5,0,false,0,7946,91,-5239242,0,1,1457,1000,false,false,none,true,true,true,false,true
348,h700_e25000_s2500_k20_y20000,700,25000,2500,20,20000,31,543,597,1314,0,892,1000,7566,0,35,5,0,false,0,5297,61,-873412,0,1,537,1000,false,false,none,true,true,true,false,true
349,h1000_e10000_s5000_k20_y30000,1000,10000,5000,20,30000,52,619,712,1616,0,1251,1047,7560,0,34,6,0,false,25,7849,94,-1360364,0,6,877,1020,false,false,none,true,true,true,false,true
350,h1500_e30000_s2500_k20_y50000,1500,30000,2500,20,50000,41,1314,1645,1625,0,2009,1000,7558,0,35,5,0,false,0,13244,151,-2183416,0,1,1093,1000,false,false,none,true,true,true,false,true
351,h700_e25000_s10000_k20_y50000,700,25000,10000,20,50000,67,1340,1830,2202,0,2664,1011,7543,-1067,34,5,1,false,0,13256,164,-2457362,0,1,537,1000,false,false,none,true,true,true,false,true
352,h3000_e10000_s10000_k5_y50000,3000,10000,10000,5,50000,120,2279,4680,3565,0,4899,1207,7527,0,35,5,0,false,3,12956,164,-9635927,0,9,2633,1060,false,false,none,true,true,true,false,true
353,h300_e40000_s10000_k10_y30000,300,40000,10000,10,30000,84,975,1312,2430,0,2562,1002,7527,-9539,24,14,2,false,0,7954,98,-2951115,0,1,196,1000,false,false,none,true,true,true,false,true
354,h100_e25000_s20000_k40_y20000,100,25000,20000,40,20000,53,452,502,1500,0,999,1007,7519,-4523,24,14,2,false,0,5308,72,-553686,0,1,76,1000,false,false,none,true,true,true,false,true
355,h1500_e70000_s2500_k10_y50000,1500,70000,2500,10,50000,57,1872,2662,1988,0,2969,1000,7486,0,17,23,0,false,0,13245,151,-4369467,0,0,717,1000,false,false,none,true,true,true,false,true
356,h2000_e40000_s2500_k10_y50000,2000,40000,2500,10,50000,58,1840,2612,2002,0,2954,1000,7479,0,26,14,0,false,0,13245,151,-4368375,0,1,1312,1000,false,false,none,true,true,true,false,true
357,h500_e25000_s10000_k10_y20000,500,25000,10000,10,20000,77,838,1037,1965,0,1902,1008,7457,-337,34,5,1,false,0,5302,66,-1966366,0,1,384,1000,false,false,none,true,true,true,false,true
358,h700_e25000_s10000_k10_y30000,700,25000,10000,10,30000,80,1292,1764,2245,0,2664,1011,7454,-1033,34,5,1,false,0,7953,98,-2948835,0,1,537,1000,false,false,none,true,true,true,false,true
359,h300_e40000_s2500_k20_y10000,300,40000,2500,20,10000,23,267,279,1158,0,443,1000,7432,0,26,14,0,false,0,2649,31,-436936,0,1,196,1000,false,false,none,true,true,true,false,true
360,h300_e40000_s2500_k40_y20000,300,40000,2500,40,20000,23,267,279,1158,0,443,1000,7432,0,26,14,0,false,0,5298,61,-436936,0,1,196,1000,false,false,none,true,true,true,false,true
361,h1000_e10000_s2500_k40_y50000,1000,10000,2500,40,50000,34,568,638,1480,0,1064,1034,7419,0,34,6,0,false,30,13144,151,-1086300,0,6,877,1020,false,false,none,true,true,true,false,true
362,h700_e10000_s5000_k20_y20000,700,10000,5000,20,20000,45,427,470,1437,0,876,1033,7417,0,34,6,0,false,38,5229,63,-908552,0,5,614,1014,false,false,none,true,true,true,false,true
363,h3000_e20000_s5000_k5_y50000,3000,20000,5000,5,50000,85,2708,5538,3160,0,5083,1023,7410,0,35,5,0,false,0,13248,155,-9077598,0,1,2427,1002,false,false,none,true,true,true,false,true
364,h1000_e20000_s2500_k40_y50000,1000,20000,2500,40,50000,31,746,849,1422,0,1211,1003,7401,0,35,5,0,false,0,13244,151,-1090743,0,1,809,1000,false,false,none,true,true,true,false,true
365,h100_e100000_s5000_k40_y50000,100,100000,5000,40,50000,40,797,930,1571,0,1432,1000,7398,-8491,5,33,2,false,0,13249,155,-1140483,0,0,34,1000,false,false,none,true,true,true,false,true
366,h2000_e20000_s5000_k5_y30000,2000,20000,5000,5,30000,81,1877,2847,2375,0,3388,1015,7374,0,35,5,0,false,0,7949,94,-5455884,0,1,1618,1001,false,false,none,true,true,true,false,true
367,h100_e15000_s5000_k40_y5000,100,15000,5000,40,5000,12,81,82,1061,0,147,1001,7366,0,35,5,0,false,302,1324,16,-114010,0,1,84,1000,false,false,none,true,true,true,false,true
368,h100_e30000_s10000_k40_y10000,100,30000,10000,40,10000,25,244,257,1229,0,498,1001,7353,0,26,14,0,false,0,2651,33,-245926,0,1,72,1000,false,false,none,true,true,true,false,true
369,h2000_e15000_s2500_k20_y50000,2000,15000,2500,20,50000,36,1406,1830,1817,0,2293,1019,7351,0,35,5,0,false,15,13238,151,-2172255,0,1,1699,1007,false,false,none,true,true,true,false,true
370,h700_e30000_s2500_k20_y20000,700,30000,2500,20,20000,30,589,650,1313,0,937,1000,7351,0,26,14,0,false,0,5297,61,-873622,0,1,510,1000,false,false,none,true,true,true,false,true
371,h700_e30000_s5000_k20_y30000,700,30000,5000,20,30000,45,839,994,1644,0,1554,1001,7338,0,26,14,0,false,0,7949,94,-1368102,0,1,510,1000,false,false,none,true,true,true,false,true
372,h2000_e20000_s10000_k5_y50000,2000,20000,10000,5,50000,102,3310,7973,3283,0,5798,1045,7334,0,35,5,0,false,0,13256,164,-9795042,0,1,1618,1001,false,false,none,true,true,true,false,true
373,h700_e25000_s5000_k40_y50000,700,25000,5000,40,50000,42,736,852,1562,0,1358,1002,7312,0,35,5,0,false,0,13248,155,-1139787,0,1,537,1000,false,false,none,true,true,true,false,true
374,h100_e50000_s5000_k40_y10000,100,50000,5000,40,10000,18,212,220,1149,0,378,1000,7311,0,17,23,0,false,0,2650,32,-228096,0,0,59,1000,false,false,none,true,true,true,false,true
375,h100_e10000_s5000_k40_y5000,100,10000,5000,40,5000,12,62,63,1060,0,125,1004,7309,0,34,6,0,false,306,1314,16,-113982,0,1,87,1002,false,false,none,true,true,true,false,true
376,h1500_e20000_s5000_k20_y50000,1500,20000,5000,20,50000,46,1514,2033,1936,0,2541,1011,7303,0,35,5,0,false,0,13248,155,-2275110,0,1,1213,1001,false,false,none,true,true,true,false,true
377,h1000_e20000_s10000_k20_y50000,1000,20000,10000,20,50000,60,1582,2236,2207,0,2898,1023,7290,0,35,5,0,false,0,13256,164,-2454067,0,1,809,1000,false,false,none,true,true,true,false,true
378,h500_e25000_s20000_k10_y50000,500,25000,20000,10,50000,98,2701,5447,3104,0,5000,1036,7269,-146,34,5,1,false,0,13270,180,-5532432,0,1,384,1000,false,false,none,true,true,true,false,true
379,h3000_e40000_s2500_k5_y50000,3000,40000,2500,5,50000,77,2261,4062,2953,0,4432,1000,7262,0,26,14,0,false,0,13245,151,-8735903,0,1,1968,1000,false,false,none,true,true,true,false,true
380,h3000_e15000_s2500_k10_y50000,3000,15000,2500,10,50000,49,2058,3153,2273,0,3441,1028,7257,0,35,5,0,false,7,13235,151,-4332246,0,1,2549,1010,false,false,none,true,true,true,false,true
381,h100_e30000_s20000_k40_y30000,100,30000,20000,40,30000,56,770,917,1746,0,1591,1007,7253,-2432,23,16,1,false,0,7962,108,-830574,0,1,72,1000,false,false,none,true,true,true,false,true
382,h700_e15000_s2500_k40_y30000,700,15000,2500,40,30000,25,474,516,1302,0,802,1006,7253,0,35,5,0,false,50,7944,91,-654086,0,1,594,1002,false,false,none,true,true,true,false,true
383,h500_e40000_s10000_k10_y50000,500,40000,10000,10,50000,76,2449,4279,2642,0,4271,1003,7222,-1306,25,14,1,false,0,13257,164,-4918355,0,1,328,1000,false,false,none,true,true,true,false,true
384,h100_e70000_s10000_k10_y50000,100,70000,10000,10,50000,76,2310,4035,2768,0,4275,1000,7203,-248,16,23,1,false,0,13257,164,-4918776,0,0,47,1000,false,false,none,true,true,true,false,true
385,h1000_e25000_s2500_k40_y50000,1000,25000,2500,40,50000,30,817,937,1412,0,1274,1001,7203,0,35,5,0,false,0,13244,151,-1091533,0,1,768,1000,false,false,none,true,true,true,false,true
386,h1500_e20000_s10000_k10_y50000,1500,20000,10000,10,50000,74,2533,4513,2667,0,4348,1034,7187,0,35,5,0,false,0,13256,164,-4902934,0,1,1213,1001,false,false,none,true,true,true,false,true
387,h1000_e10000_s5000_k40_y50000,1000,10000,5000,40,50000,43,653,751,1586,0,1251,1047,7179,0,34,6,0,false,30,13148,155,-1133637,0,6,877,1020,false,false,none,true,true,true,false,true
388,h1000_e20000_s5000_k20_y30000,1000,20000,5000,20,30000,41,963,1161,1665,0,1694,1007,7176,0,35,5,0,false,0,7949,94,-1366236,0,1,809,1000,false,false,none,true,true,true,false,true
389,h1000_e15000_s5000_k40_y50000,1000,15000,5000,40,50000,39,841,989,1584,0,1471,1017,7176,0,35,5,0,false,30,13245,155,-1136838,0,1,849,1003,false,false,none,true,true,true,false,true
390,h100_e100000_s2500_k20_y5000,100,100000,2500,20,5000,14,153,157,1101,0,265,1000,7172,0,8,32,0,false,0,1325,16,-218474,0,0,34,1000,false,false,none,true,true,true,false,true
391,h100_e100000_s2500_k40_y10000,100,100000,2500,40,10000,14,153,157,1101,0,265,1000,7172,0,8,32,0,false,0,2649,31,-218474,0,0,34,1000,false,false,none,true,true,true,false,true
392,h700_e20000_s10000_k10_y20000,700,20000,10000,10,20000,71,969,1219,1969,0,2028,1016,7165,0,35,5,0,false,0,5302,66,-1964556,0,1,566,1000,false,false,none,true,true,true,false,true
393,h1500_e20000_s5000_k10_y30000,1500,20000,5000,10,30000,55,1470,1974,1975,0,2541,1011,7152,0,35,5,0,false,0,7949,94,-2730132,0,1,1213,1001,false,false,none,true,true,true,false,true
394,h1000_e20000_s10000_k10_y30000,1000,20000,10000,10,30000,72,1510,2135,2271,0,2898,1023,7129,0,35,5,0,false,0,7953,98,-2944881,0,1,809,1000,false,false,none,true,true,true,false,true
395,h300_e50000_s2500_k20_y10000,300,50000,2500,20,10000,22,303,319,1166,0,488,1000,7128,0,17,23,0,false,0,2649,31,-436945,0,1,177,1000,false,false,none,true,true,true,false,true
396,h300_e50000_s2500_k40_y20000,300,50000,2500,40,20000,22,303,319,1166,0,488,1000,7128,0,17,23,0,false,0,5298,61,-436945,0,1,177,1000,false,false,none,true,true,true,false,true
397,h500_e40000_s2500_k40_y30000,500,40000,2500,40,30000,26,470,507,1241,0,738,1000,7121,0,26,14,0,false,0,7947,91,-655391,0,1,328,1000,false,false,none,true,true,true,false,true
398,h2000_e15000_s10000_k10_y50000,2000,15000,10000,10,50000,72,2526,4571,2750,0,4391,1072,7109,0,35,5,0,false,7,13250,164,-4880885,0,1,1699,1007,false,false,none,true,true,true,false,true
399,h700_e20000_s2500_k40_y30000,700,20000,2500,40,30000,24,527,576,1290,0,848,1002,7108,0,35,5,0,false,0,7946,91,-654754,0,1,566,1000,false,false,none,true,true,true,false,true
400,h500_e15000_s2500_k40_y20000,500,15000,2500,40,20000,20,339,360,1215,0,573,1004,7105,0,35,5,0,false,75,5296,61,-436315,0,1,424,1001,false,false,none,true,true,true,false,true
401,h2000_e15000_s2500_k5_y20000,2000,15000,2500,5,20000,58,1227,1597,1978,0,2293,1019,7100,0,35,5,0,false,9,5291,61,-3475607,0,1,1699,1007,false,false,none,true,true,true,false,true
402,h2000_e20000_s2500_k20_y50000,2000,20000,2500,20,50000,35,1580,2088,1765,0,2423,1006,7096,0,35,5,0,false,0,13244,151,-2178239,0,1,1618,1001,false,false,none,true,true,true,false,true
403,h3000_e20000_s2500_k10_y50000,3000,20000,2500,10,50000,47,2342,3687,2173,0,3635,1009,7069,0,35,5,0,false,0,13244,151,-4350258,0,1,2427,1002,false,false,none,true,true,true,false,true
404,h2000_e15000_s2500_k10_y30000,2000,15000,2500,10,30000,44,1348,1754,1870,0,2293,1019,7068,0,35,5,0,false,12,7940,91,-2606705,0,1,1699,1007,false,false,none,true,true,true,false,true
405,h100_e20000_s5000_k40_y5000,100,20000,5000,40,5000,11,98,100,1064,0,169,1000,7067,0,34,6,0,false,0,1324,16,-114032,0,1,80,1000,false,false,none,true,true,true,false,true
406,h300_e50000_s10000_k10_y50000,300,50000,10000,10,50000,74,2491,4438,2705,0,4384,1001,7045,-727,16,23,1,false,0,13257,164,-4918699,0,1,177,1000,false,false,none,true,true,true,false,true
407,h2000_e25000_s5000_k10_y50000,2000,25000,5000,10,50000,58,2456,4021,2290,0,3882,1007,7044,0,35,5,0,false,0,13248,155,-4553704,0,1,1536,1000,false,false,none,true,true,true,false,true
408,h1000_e30000_s2500_k40_y50000,1000,30000,2500,40,50000,29,885,1022,1408,0,1339,1000,7028,0,34,6,0,false,0,13244,151,-1091907,0,1,728,1000,false,false,none,true,true,true,false,true
409,h3000_e10000_s2500_k10_y50000,3000,10000,2500,10,50000,52,1713,2560,2434,0,3196,1099,7018,0,35,5,0,false,7,12944,151,-4297852,0,9,2633,1060,false,false,none,true,true,true,false,true
410,h2000_e20000_s2500_k5_y20000,2000,20000,2500,5,20000,56,1413,1867,1915,0,2423,1006,7000,0,35,5,0,false,0,5297,61,-3485182,0,1,1618,1001,false,false,none,true,true,true,false,true
411,h100_e10000_s10000_k40_y5000,100,10000,10000,40,5000,17,88,90,1073,0,162,1007,6992,0,34,6,0,false,306,1315,17,-122884,0,1,87,1002,false,false,none,true,true,true,false,true
412,h500_e25000_s5000_k40_y30000,500,25000,5000,40,30000,33,588,651,1345,0,970,1002,6975,0,35,5,0,false,0,7949,94,-683981,0,1,384,1000,false,false,none,true,true,true,false,true
413,h100_e50000_s10000_k40_y30000,100,50000,10000,40,30000,37,721,845,1666,0,1461,1000,6970,-6806,13,25,2,false,0,7954,98,-737813,0,0,59,1000,false,false,none,true,true,true,false,true
414,h1000_e40000_s2500_k20_y30000,1000,40000,2500,20,30000,32,997,1170,1431,0,1477,1000,6959,0,26,14,0,false,0,7947,91,-1310717,0,1,656,1000,false,false,none,true,true,true,false,true
415,h2000_e10000_s20000_k10_y50000,2000,10000,20000,10,50000,98,2624,5290,3174,0,4779,1234,6955,0,35,5,0,false,7,13070,180,-5444946,0,8,1755,1040,false,false,none,true,true,true,false,true
416,h2000_e10000_s2500_k5_y20000,2000,10000,2500,5,20000,61,1117,1433,1978,0,2130,1067,6953,0,35,5,0,false,9,5097,61,-3457126,0,8,1755,1040,false,false,none,true,true,true,false,true
417,h3000_e50000_s2500_k5_y50000,3000,50000,2500,5,50000,69,2725,5329,2945,0,4886,1000,6946,0,26,14,0,false,0,13245,151,-8738283,0,0,1771,1000,false,false,none,true,true,true,false,true
418,h700_e40000_s2500_k20_y20000,700,40000,2500,20,20000,28,680,759,1318,0,1034,1000,6931,0,26,14,0,false,0,5298,61,-873837,0,1,459,1000,false,false,none,true,true,true,false,true
419,h2000_e10000_s2500_k20_y50000,2000,10000,2500,20,50000,38,1195,1534,1908,0,2130,1067,6924,0,34,6,0,false,15,13044,151,-2160704,0,8,1755,1040,false,false,none,true,true,true,false,true
420,h700_e50000_s5000_k20_y50000,700,50000,5000,20,50000,44,1556,2116,1984,0,2649,1000,6919,-7522,24,14,2,false,0,13249,155,-2280913,0,1,413,1000,false,false,none,true,true,true,false,true
421,h700_e10000_s2500_k40_y30000,700,10000,2500,40,30000,26,408,442,1327,0,745,1024,6915,0,34,6,0,false,51,7876,91,-652865,0,5,614,1014,false,false,none,true,true,true,false,true
422,h700_e25000_s2500_k40_y30000,700,25000,2500,40,30000,23,574,631,1286,0,892,1000,6887,0,35,5,0,false,0,7946,91,-655059,0,1,537,1000,false,false,none,true,true,true,false,true
423,h1500_e50000_s5000_k5_y50000,1500,50000,5000,5,50000,77,3421,7915,3030,0,5676,1000,6866,0,26,14,0,false,0,13249,155,-9123406,0,0,885,1000,false,false,none,true,true,true,false,true
424,h3000_e25000_s5000_k5_y50000,3000,25000,5000,5,50000,72,3488,8377,3113,0,5823,1011,6812,0,35,5,0,false,0,13248,155,-9099199,0,1,2304,1000,false,false,none,true,true,true,false,true
425,h2000_e25000_s2500_k20_y50000,2000,25000,2500,20,50000,33,1737,2332,1733,0,2549,1002,6792,0,35,5,0,false,0,13244,151,-2181393,0,1,1536,1000,false,false,none,true,true,true,false,true
426,h700_e10000_s160000_k5_y50000,700,10000,160000,5,50000,470,5557,186501,4729,0,9159,1488,6781,0,35,5,0,false,3,13402,404,-17913235,0,5,614,1014,false,false,none,true,true,true,false,true
427,h700_e15000_s5000_k40_y30000,700,15000,5000,40,30000,31,649,724,1354,0,1029,1012,6780,0,35,5,0,false,50,7947,94,-682754,0,1,594,1002,false,false,none,true,true,true,false,true
428,h3000_e25000_s2500_k10_y50000,3000,25000,2500,10,50000,45,2600,4214,2105,0,3824,1003,6775,0,35,5,0,false,0,13244,151,-4359445,0,1,2304,1000,false,false,none,true,true,true,false,true
429,h2000_e100000_s2500_k5_y50000,2000,100000,2500,5,50000,66,3150,6712,2940,0,5306,1000,6768,0,17,23,0,false,0,13245,151,-8738958,0,0,697,1000,false,false,none,true,true,true,false,true
430,h2000_e10000_s2500_k10_y30000,2000,10000,2500,10,30000,46,1131,1452,1965,0,2130,1067,6766,0,35,5,0,false,12,7746,91,-2592845,0,8,1755,1040,false,false,none,true,true,true,false,true
431,h1000_e20000_s5000_k40_y50000,1000,20000,5000,40,50000,34,1061,1279,1577,0,1694,1007,6751,0,35,5,0,false,0,13248,155,-1138530,0,1,809,1000,false,false,none,true,true,true,false,true
432,h100_e25000_s5000_k40_y5000,100,25000,5000,40,5000,11,117,119,1069,0,194,1000,6751,0,26,14,0,false,0,1324,16,-114040,0,1,76,1000,false,false,none,true,true,true,false,true
433,h1500_e15000_s10000_k20_y50000,1500,15000,10000,20,50000,51,1994,3001,2223,0,3292,1055,6738,0,35,5,0,false,15,13252,164,-2445161,0,1,1274,1005,false,false,none,true,true,true,false,true
434,h3000_e10000_s5000_k10_y50000,3000,10000,5000,10,50000,58,2076,3412,2654,0,3762,1137,6735,0,35,5,0,false,7,12948,155,-4480568,0,9,2633,1060,false,false,none,true,true,true,false,true
435,h3000_e15000_s10000_k5_y50000,3000,15000,10000,5,50000,85,3931,11942,3499,0,6590,1105,6734,0,35,5,0,false,3,13247,164,-9724175,0,1,2549,1010,false,false,none,true,true,true,false,true
436,h1000_e15000_s2500_k20_y20000,1000,15000,2500,20,20000,26,699,790,1412,0,1146,1009,6733,0,35,5,0,false,37,5294,61,-871419,0,1,849,1003,false,false,none,true,true,true,false,true
437,h1000_e25000_s5000_k10_y20000,1000,25000,5000,10,20000,48,1101,1367,1759,0,1941,1003,6730,0,35,5,0,false,0,5299,63,-1823126,0,1,768,1000,false,false,none,true,true,true,false,true
438,h500_e25000_s2500_k40_y20000,500,25000,2500,40,20000,19,409,436,1206,0,637,1000,6723,0,35,5,0,false,0,5297,61,-436768,0,1,384,1000,false,false,none,true,true,true,false,true
439,h100_e15000_s10000_k40_y5000,100,15000,10000,40,5000,16,127,130,1086,0,219,1003,6705,0,34,6,0,false,302,1325,17,-122926,0,1,84,1000,false,false,none,true,true,true,false,true
440,h1000_e15000_s10000_k10_y20000,1000,15000,10000,10,20000,65,1147,1477,1980,0,2194,1037,6699,0,35,5,0,false,18,5299,66,-1959913,0,1,849,1003,false,false,none,true,true,true,false,true
441,h700_e10000_s5000_k40_y30000,700,10000,5000,40,30000,34,505,556,1367,0,876,1033,6699,0,34,6,0,false,51,7879,94,-681414,0,5,614,1014,false,false,none,true,true,true,false,true
442,h2000_e15000_s5000_k20_y50000,2000,15000,5000,20,50000,39,1791,2552,2071,0,2942,1034,6694,0,35,5,0,false,15,13242,155,-2266421,0,1,1699,1007,false,false,none,true,true,true,false,true
443,h500_e10000_s2500_k40_y20000,500,10000,2500,40,20000,20,293,310,1232,0,532,1017,6689,0,34,6,0,false,76,5247,61,-435744,0,4,438,1010,false,false,none,true,true,true,false,true
444,h1000_e10000_s80000_k10_y50000,1000,10000,80000,10,50000,167,4163,15892,3894,0,6958,1379,6682,0,34,6,0,false,7,13257,277,-7641844,0,6,877,1020,false,false,none,true,true,true,false,true
445,h700_e30000_s2500_k40_y30000,700,30000,2500,40,30000,23,619,683,1287,0,937,1000,6677,0,26,14,0,false,0,7946,91,-655216,0,1,510,1000,false,false,none,true,true,true,false,true
446,h2000_e10000_s5000_k20_y50000,2000,10000,5000,20,50000,45,1404,1900,2085,0,2506,1093,6663,0,34,6,0,false,15,13048,155,-2253713,0,8,1755,1040,false,false,none,true,true,true,false,true
447,h2000_e10000_s40000_k5_y50000,2000,10000,40000,5,50000,161,4508,26212,4394,0,7841,1394,6657,0,35,5,0,false,3,13099,212,-12715303,0,8,1755,1040,false,false,none,true,true,true,false,true
448,h1000_e10000_s160000_k5_y50000,1000,10000,160000,5,50000,398,5144,NA,5369,0,9286,1641,6649,0,34,6,0,false,3,13372,404,-17822206,0,6,877,1020,false,false,none,true,true,true,false,true
449,h300_e30000_s10000_k40_y30000,300,30000,10000,40,30000,36,906,1066,1534,0,1496,1003,6641,-2459,24,14,2,false,0,7953,98,-737695,0,1,218,1000,false,false,none,true,true,true,false,true
450,h5000_e15000_s2500_k5_y50000,5000,15000,2500,5,50000,58,3501,8313,3057,0,5736,1046,6617,0,35,5,0,false,3,13229,151,-8615814,0,1,4249,1017,false,false,none,true,true,true,false,true
451,h1000_e20000_s2500_k20_y20000,1000,20000,2500,20,20000,25,777,884,1394,0,1211,1003,6604,0,35,5,0,false,0,5297,61,-872594,0,1,809,1000,false,false,none,true,true,true,false,true
452,h1500_e20000_s2500_k10_y20000,1500,20000,2500,10,20000,36,1140,1395,1614,0,1817,1004,6603,0,35,5,0,false,0,5297,61,-1743889,0,1,1213,1001,false,false,none,true,true,true,false,true
453,h3000_e15000_s5000_k10_y50000,3000,15000,5000,10,50000,50,2733,4945,2564,0,4415,1051,6591,0,35,5,0,false,7,13239,155,-4518409,0,1,2549,1010,false,false,none,true,true,true,false,true
454,h5000_e10000_s2500_k5_y50000,5000,10000,2500,5,50000,61,3225,7186,3058,0,5332,1161,6578,0,35,5,0,false,3,12744,151,-8503357,0,10,4389,1099,false,false,none,true,true,true,false,true
455,h1500_e15000_s2500_k20_y30000,1500,15000,2500,20,30000,28,1075,1301,1595,0,1720,1014,6574,0,35,5,0,false,25,7942,91,-1305238,0,1,1274,1005,false,false,none,true,true,true,false,true
456,h300_e15000_s2500_k40_y10000,300,15000,2500,40,10000,13,221,229,1113,0,344,1002,6539,0,34,6,0,false,151,2648,31,-218287,0,1,254,1001,false,false,none,true,true,true,false,true
457,h3000_e10000_s20000_k5_y50000,3000,10000,20000,5,50000,110,4075,16703,4135,0,7189,1333,6538,0,35,5,0,false,3,12970,180,-10798538,0,9,2633,1060,false,false,none,true,true,true,false,true
458,h500_e50000_s5000_k10_y20000,500,50000,5000,10,20000,50,974,1202,1825,0,1892,1000,6534,-5941,15,23,2,false,0,5300,63,-1824743,0,1,295,1000,false,false,none,true,true,true,false,true
459,h300_e20000_s2500_k40_y10000,300,20000,2500,40,10000,12,240,249,1111,0,363,1000,6514,0,35,5,0,false,0,2648,31,-218372,0,1,242,1000,false,false,none,true,true,true,false,true
460,h500_e30000_s2500_k40_y20000,500,30000,2500,40,20000,19,439,470,1207,0,669,1000,6513,0,26,14,0,false,0,5297,61,-436869,0,1,364,1000,false,false,none,true,true,true,false,true
461,h2000_e30000_s2500_k20_y50000,2000,30000,2500,20,50000,32,1887,2578,1713,0,2679,1001,6506,0,35,5,0,false,0,13244,151,-2183018,0,1,1457,1000,false,false,none,true,true,true,false,true
462,h1000_e30000_s10000_k10_y50000,1000,30000,10000,10,50000,62,3058,6118,2747,0,4987,1011,6490,-1047,34,5,1,false,0,13256,164,-4915628,0,1,728,1000,false,false,none,true,true,true,false,true
463,h2000_e10000_s5000_k10_y30000,2000,10000,5000,10,30000,54,1343,1817,2139,0,2506,1093,6489,0,34,6,0,false,12,7749,94,-2704456,0,8,1755,1040,false,false,none,true,true,true,false,true
464,h1000_e25000_s5000_k20_y30000,1000,25000,5000,20,30000,36,1182,1467,1687,0,1941,1003,6489,0,35,5,0,false,0,7949,94,-1367345,0,1,768,1000,false,false,none,true,true,true,false,true
465,h100_e30000_s5000_k40_y5000,100,30000,5000,40,5000,11,138,141,1075,0,222,1000,6482,0,26,14,0,false,0,1324,16,-114044,0,1,72,1000,false,false,none,true,true,true,false,true
466,h100_e50000_s2500_k40_y5000,100,50000,2500,40,5000,8,102,104,1054,0,162,1000,6477,0,17,23,0,false,0,1325,16,-109237,0,0,59,1000,false,false,none,true,true,true,false,true
467,h500_e15000_s160000_k5_y50000,500,15000,160000,5,50000,385,4735,NA,5738,0,9396,1543,6451,0,34,6,0,false,3,13472,404,-17956021,0,1,424,1001,false,false,none,true,true,true,false,true
468,h1000_e40000_s5000_k20_y50000,1000,40000,5000,20,50000,40,1782,2510,2006,0,2899,1000,6443,-2435,25,14,1,false,0,13249,155,-2280695,0,1,656,1000,false,false,none,true,true,true,false,true
469,h2000_e15000_s5000_k10_y30000,2000,15000,5000,10,30000,47,1742,2482,2115,0,2942,1034,6437,0,35,5,0,false,12,7943,94,-2719705,0,1,1699,1007,false,false,none,true,true,true,false,true
470,h1500_e20000_s2500_k20_y30000,1500,20000,2500,20,30000,27,1197,1464,1563,0,1817,1004,6436,0,35,5,0,false,0,7946,91,-1307917,0,1,1213,1001,false,false,none,true,true,true,false,true
471,h5000_e20000_s2500_k5_y50000,5000,20000,2500,5,50000,56,3790,9664,3057,0,6059,1016,6433,0,35,5,0,false,0,13244,151,-8674714,0,1,4046,1003,false,false,none,true,true,true,false,true
472,h100_e20000_s10000_k40_y5000,100,20000,10000,40,5000,15,170,175,1109,0,289,1002,6419,0,34,6,0,false,0,1325,17,-122943,0,1,80,1000,false,false,none,true,true,true,false,true
473,h1500_e15000_s20000_k10_y50000,1500,15000,20000,10,50000,77,3495,8739,3254,0,5860,1126,6415,0,35,5,0,false,7,13266,180,-5494859,0,1,1274,1005,false,false,none,true,true,true,false,true
474,h1500_e15000_s2500_k40_y50000,1500,15000,2500,40,50000,24,1117,1352,1556,0,1720,1014,6409,0,34,6,0,false,30,13240,151,-1087698,0,1,1274,1005,false,false,none,true,true,true,false,true
475,h500_e50000_s5000_k20_y30000,500,50000,5000,20,30000,37,1131,1395,1684,0,1892,1000,6402,-5842,15,23,2,false,0,7950,94,-1368557,0,1,295,1000,false,false,none,true,true,true,false,true
476,h1500_e10000_s2500_k10_y20000,1500,10000,2500,10,20000,39,859,1029,1715,0,1597,1050,6351,0,34,6,0,false,19,5147,61,-1733310,0,7,1316,1030,false,false,none,true,true,true,false,true
477,h1500_e20000_s2500_k40_y50000,1500,20000,2500,40,50000,23,1224,1497,1538,0,1817,1004,6335,0,35,5,0,false,0,13244,151,-1089931,0,1,1213,1001,false,false,none,true,true,true,false,true
478,h1500_e10000_s160000_k5_y50000,1500,10000,160000,5,50000,372,4275,NA,6152,0,9042,1861,6322,0,34,6,0,false,3,13321,404,-17670920,0,7,1316,1030,false,false,none,true,true,true,false,true
479,h1500_e10000_s40000_k5_y30000,1500,10000,40000,5,30000,147,3276,8645,3640,0,5865,1310,6319,0,35,5,0,false,6,7829,128,-7670346,0,7,1316,1030,false,false,none,true,true,true,false,true
480,h1000_e25000_s2500_k20_y20000,1000,25000,2500,20,20000,24,846,970,1386,0,1274,1001,6280,0,35,5,0,false,0,5297,61,-873226,0,1,768,1000,false,false,none,true,true,true,false,true
481,h500_e70000_s2500_k40_y30000,500,70000,2500,40,30000,22,678,753,1280,0,989,1000,6254,0,17,23,0,false,0,7947,91,-655422,0,0,239,1000,false,false,none,true,true,true,false,true
482,h700_e40000_s5000_k10_y20000,700,40000,5000,10,20000,46,1122,1408,1816,0,2029,1000,6237,-1567,25,14,1,false,0,5300,63,-1824621,0,1,459,1000,false,false,none,true,true,true,false,true
483,h700_e40000_s2500_k40_y30000,700,40000,2500,40,30000,21,705,787,1295,0,1034,1000,6237,0,26,14,0,false,0,7947,91,-655378,0,1,459,1000,false,false,none,true,true,true,false,true
484,h700_e15000_s160000_k5_y50000,700,15000,160000,5,50000,372,4245,NA,6178,0,9251,1674,6213,0,34,6,0,false,3,13471,404,-17888147,0,1,594,1002,false,false,none,true,true,true,false,true
485,h300_e40000_s10000_k40_y50000,300,40000,10000,40,50000,35,1713,2304,1766,0,2562,1002,6197,-7575,24,14,2,false,0,13257,164,-1229631,0,1,196,1000,false,false,none,true,true,true,false,true
486,h300_e15000_s5000_k40_y10000,300,15000,5000,40,10000,17,294,307,1137,0,441,1005,6179,0,34,6,0,false,151,2649,32,-227879,0,1,254,1001,false,false,none,true,true,true,false,true
487,h1000_e10000_s2500_k20_y20000,1000,10000,2500,20,20000,27,602,676,1450,0,1064,1034,6151,0,34,6,0,false,38,5197,61,-869040,0,6,877,1020,false,false,none,true,true,true,false,true
488,h1000_e15000_s2500_k40_y30000,1000,15000,2500,40,30000,20,781,884,1338,0,1146,1009,6148,0,34,6,0,false,50,7943,91,-653564,0,1,849,1003,false,false,none,true,true,true,false,true
489,h3000_e10000_s10000_k10_y50000,3000,10000,10000,10,50000,60,2852,5857,3049,0,4899,1207,6143,0,34,6,0,false,7,12956,164,-4817964,0,9,2633,1060,false,false,none,true,true,true,false,true
490,h5000_e10000_s5000_k5_y50000,5000,10000,5000,5,50000,64,3913,11262,3350,0,6281,1219,6142,0,35,5,0,false,3,12748,155,-8855732,0,10,4389,1099,false,false,none,true,true,true,false,true
491,h1000_e20000_s2500_k40_y30000,1000,20000,2500,40,30000,19,846,963,1332,0,1211,1003,6127,0,35,5,0,false,0,7946,91,-654446,0,1,809,1000,false,false,none,true,true,true,false,true
492,h1500_e10000_s80000_k5_y50000,1500,10000,80000,5,50000,248,5647,NA,4917,0,9416,1525,6126,0,35,5,0,false,3,13206,277,-15178630,0,7,1316,1030,false,false,none,true,true,true,false,true
493,h1000_e20000_s20000_k10_y50000,1000,20000,20000,10,50000,71,3784,10369,3309,0,6268,1073,6109,-163,34,5,1,false,0,13270,180,-5520265,0,1,809,1000,false,false,none,true,true,true,false,true
494,h700_e15000_s10000_k40_y30000,700,15000,10000,40,30000,35,1028,1219,1483,0,1535,1026,6104,0,34,6,0,false,50,7951,98,-735828,0,1,594,1002,false,false,none,true,true,true,false,true
495,h500_e40000_s2500_k40_y20000,500,40000,2500,40,20000,18,498,538,1216,0,738,1000,6097,0,26,14,0,false,0,5298,61,-436927,0,1,328,1000,false,false,none,true,true,true,false,true
496,h3000_e20000_s5000_k10_y50000,3000,20000,5000,10,50000,43,3403,6959,2534,0,5083,1023,6091,0,35,5,0,false,0,13248,155,-4538799,0,1,2427,1002,false,false,none,true,true,true,false,true
497,h1500_e25000_s2500_k40_y50000,1500,25000,2500,40,50000,22,1331,1646,1524,0,1912,1001,6080,0,35,5,0,false,0,13244,151,-1091083,0,1,1152,1000,false,false,none,true,true,true,false,true
498,h500_e25000_s5000_k40_y20000,500,25000,5000,40,20000,22,670,742,1271,0,970,1002,6080,0,35,5,0,false,0,5299,63,-455988,0,1,384,1000,false,false,none,true,true,true,false,true
499,h1500_e10000_s5000_k10_y20000,1500,10000,5000,10,20000,48,1003,1247,1858,0,1878,1070,6074,0,34,6,0,false,19,5149,63,-1808333,0,7,1316,1030,false,false,none,true,true,true,false,true
500,h700_e20000_s2500_k40_y20000,700,20000,2500,40,20000,16,603,659,1222,0,848,1002,6059,0,35,5,0,false,0,5297,61,-436503,0,1,566,1000,false,false,none,true,true,true,false,true
501,h100_e100000_s5000_k20_y20000,100,100000,5000,20,20000,32,923,1077,1458,0,1432,1000,6058,-11415,5,33,2,false,0,5300,63,-912387,0,0,34,1000,false,false,none,true,true,true,false,true
502,h2000_e20000_s5000_k20_y50000,2000,20000,5000,20,50000,34,2177,3302,2105,0,3388,1015,6051,0,35,5,0,false,0,13248,155,-2273285,0,1,1618,1001,false,false,none,true,true,true,false,true
503,h700_e15000_s2500_k40_y20000,700,15000,2500,40,20000,17,558,607,1226,0,802,1006,6049,0,34,6,0,false,75,5295,61,-436057,0,1,594,1002,false,false,none,true,true,true,false,true
504,h300_e20000_s5000_k40_y10000,300,20000,5000,40,10000,16,348,367,1146,0,508,1002,6047,0,35,5,0,false,0,2649,32,-227982,0,1,242,1000,false,false,none,true,true,true,false,true
505,h2000_e10000_s80000_k5_y50000,2000,10000,80000,5,50000,213,5043,NA,5460,0,9273,1654,6038,0,34,6,0,false,3,13156,277,-15074512,0,8,1755,1040,false,false,none,true,true,true,false,true
506,h2000_e10000_s10000_k20_y50000,2000,10000,10000,20,50000,50,2005,3048,2272,0,3260,1143,6036,0,34,6,0,false,15,13056,164,-2425553,0,8,1755,1040,false,false,none,true,true,true,false,true
507,h1000_e15000_s5000_k20_y20000,1000,15000,5000,20,20000,31,967,1136,1470,0,1471,1017,6033,0,34,6,0,false,37,5296,63,-909470,0,1,849,1003,false,false,none,true,true,true,false,true
508,h1500_e10000_s2500_k20_y30000,1500,10000,2500,20,30000,30,924,1107,1656,0,1597,1050,6025,0,34,6,0,false,25,7796,91,-1299982,0,7,1316,1030,false,false,none,true,true,true,false,true
509,h700_e40000_s5000_k20_y30000,700,40000,5000,20,30000,35,1269,1592,1684,0,2029,1000,6022,-1463,24,14,2,false,0,7950,94,-1368466,0,1,459,1000,false,false,none,true,true,true,false,true
510,h300_e10000_s2500_k40_y10000,300,10000,2500,40,10000,13,197,204,1119,0,319,1010,6015,0,34,6,0,false,154,2618,31,-218110,0,3,263,1006,false,false,none,true,true,true,false,true
511,h1000_e15000_s80000_k5_y50000,1000,15000,80000,5,50000,242,5021,NA,5480,0,9515,1435,6013,0,35,5,0,false,3,13354,277,-15311947,0,1,849,1003,false,false,none,true,true,true,false,true
512,h100_e40000_s5000_k40_y5000,100,40000,5000,40,5000,10,186,192,1092,0,289,1000,5990,0,17,23,0,false,0,1325,16,-114047,0,1,65,1000,false,false,none,true,true,true,false,true
513,h100_e70000_s2500_k40_y5000,100,70000,2500,40,5000,8,136,139,1055,0,197,1000,5986,0,17,23,0,false,0,1325,16,-109237,0,0,47,1000,false,false,none,true,true,true,false,true
514,h2000_e20000_s5000_k10_y30000,2000,20000,5000,10,30000,41,2143,3250,2136,0,3388,1015,5980,0,35,5,0,false,0,7949,94,-2727942,0,1,1618,1001,false,false,none,true,true,true,false,true
515,h1000_e30000_s2500_k20_y20000,1000,30000,2500,20,20000,23,912,1053,1385,0,1339,1000,5962,0,34,6,0,false,0,5297,61,-873526,0,1,728,1000,false,false,none,true,true,true,false,true
516,h700_e25000_s10000_k40_y50000,700,25000,10000,40,50000,34,1846,2521,1747,0,2664,1011,5941,-1033,33,5,2,false,0,13256,164,-1228681,0,1,537,1000,false,false,none,true,true,true,false,true
517,h2000_e20000_s10000_k10_y50000,2000,20000,10000,10,50000,51,3718,8955,2917,0,5798,1045,5935,-265,34,5,1,false,0,13256,164,-4897521,0,1,1618,1001,false,false,none,true,true,true,false,true
518,h1000_e25000_s10000_k20_y50000,1000,25000,10000,20,50000,44,2486,4025,2203,0,3806,1015,5927,-1460,33,5,2,false,0,13256,164,-2456416,0,1,768,1000,false,false,none,true,true,true,false,true
519,h2000_e10000_s10000_k10_y30000,2000,10000,10000,10,30000,60,1800,2735,2457,0,3260,1143,5924,0,34,6,0,false,12,7753,98,-2910664,0,8,1755,1040,false,false,none,true,true,true,false,true
520,h300_e70000_s5000_k10_y20000,300,70000,5000,10,20000,49,925,1147,1907,0,1933,1000,5924,0,15,23,2,false,0,5300,63,-1824772,0,0,143,1000,false,false,none,true,true,true,false,true
521,h1500_e15000_s20000_k5_y30000,1500,15000,20000,5,30000,92,3444,8611,3300,0,5860,1126,5916,0,35,5,0,false,6,7958,108,-6593830,0,1,1274,1005,false,false,none,true,true,true,false,true
522,h1500_e15000_s5000_k40_y50000,1500,15000,5000,40,50000,27,1568,2019,1601,0,2206,1026,5908,0,34,6,0,false,30,13244,155,-1134991,0,1,1274,1005,false,false,none,true,true,true,false,true
523,h1000_e25000_s2500_k40_y30000,1000,25000,2500,40,30000,18,909,1042,1329,0,1274,1001,5902,0,35,5,0,false,0,7946,91,-654920,0,1,768,1000,false,false,none,true,true,true,false,true
524,h1500_e25000_s10000_k10_y50000,1500,25000,10000,10,50000,52,3657,8575,2870,0,5709,1023,5899,-851,34,5,1,false,0,13256,164,-4909971,0,1,1152,1000,false,false,none,true,true,true,false,true
525,h1500_e30000_s5000_k20_y50000,1500,30000,5000,20,50000,35,2144,3216,2070,0,3330,1003,5896,-499,34,5,1,false,0,13248,155,-2279279,0,1,1093,1000,false,false,none,true,true,true,false,true
526,h1000_e10000_s5000_k20_y20000,1000,10000,5000,20,20000,35,758,872,1491,0,1251,1047,5893,0,34,6,0,false,38,5199,63,-906910,0,6,877,1020,false,false,none,true,true,true,false,true
527,h1500_e10000_s2500_k40_y50000,1500,10000,2500,40,50000,25,1003,1202,1585,0,1597,1050,5890,0,34,6,0,false,30,13094,151,-1083319,0,7,1316,1030,false,false,none,true,true,true,false,true
528,h300_e100000_s2500_k40_y20000,300,100000,2500,40,20000,17,551,599,1219,0,795,1000,5877,-18,7,32,1,false,0,5298,61,-436948,0,0,104,1000,false,false,none,true,true,true,false,true
529,h1500_e30000_s5000_k10_y30000,1500,30000,5000,10,30000,41,2135,3203,2078,0,3330,1003,5854,-455,34,5,1,false,0,7949,94,-2735134,0,1,1093,1000,false,false,none,true,true,true,false,true
530,h100_e70000_s5000_k40_y10000,100,70000,5000,40,10000,14,410,438,1210,0,644,1000,5853,-287,14,24,2,false,0,2650,32,-228097,0,0,47,1000,false,false,none,true,true,true,false,true
531,h100_e25000_s10000_k40_y5000,100,25000,10000,40,5000,14,245,255,1123,0,380,1001,5851,0,26,14,0,false,0,1325,17,-122958,0,1,76,1000,false,false,none,true,true,true,false,true
532,h1000_e25000_s10000_k10_y30000,1000,25000,10000,10,30000,53,2226,3605,2437,0,3806,1015,5848,-1454,33,5,2,false,0,7953,98,-2947699,0,1,768,1000,false,false,none,true,true,true,false,true
533,h1500_e15000_s5000_k20_y30000,1500,15000,5000,20,30000,32,1455,1874,1702,0,2206,1026,5846,0,34,6,0,false,25,7945,94,-1361990,0,1,1274,1005,false,false,none,true,true,true,false,true
534,h700_e20000_s80000_k5_y50000,700,20000,80000,5,50000,230,4881,NA,5606,0,9518,1432,5844,0,35,5,0,false,0,13357,277,-15383995,0,1,566,1000,false,false,none,true,true,true,false,true
535,h2000_e40000_s2500_k20_y50000,2000,40000,2500,20,50000,29,2188,3106,1689,0,2954,1000,5822,0,26,14,0,false,0,13245,151,-2184188,0,1,1312,1000,false,false,none,true,true,true,false,true
536,h1500_e30000_s2500_k40_y50000,1500,30000,2500,40,50000,21,1431,1792,1520,0,2009,1000,5821,0,35,5,0,false,0,13244,151,-1091708,0,1,1093,1000,false,false,none,true,true,true,false,true
537,h1500_e15000_s80000_k5_y50000,1500,15000,80000,5,50000,207,4547,NA,5907,0,9362,1573,5791,0,34,6,0,false,3,13353,277,-15220700,0,1,1274,1005,false,false,none,true,true,true,false,true
538,h5000_e15000_s5000_k5_y50000,5000,15000,5000,5,50000,60,4843,19023,3349,0,7361,1083,5757,0,35,5,0,false,3,13233,155,-8979531,0,1,4249,1017,false,false,none,true,true,true,false,true
539,h1500_e10000_s5000_k20_y30000,1500,10000,5000,20,30000,36,1143,1421,1732,0,1878,1070,5735,0,34,6,0,false,25,7799,94,-1356250,0,7,1316,1030,false,false,none,true,true,true,false,true
540,h1000_e15000_s5000_k40_y30000,1000,15000,5000,40,30000,23,1049,1233,1397,0,1471,1017,5734,0,34,6,0,false,50,7946,94,-682103,0,1,849,1003,false,false,none,true,true,true,false,true
541,h500_e70000_s5000_k20_y50000,500,70000,5000,20,50000,36,1972,2910,2125,0,3222,1000,5686,-5477,15,23,2,false,0,13249,155,-2280963,0,0,239,1000,false,false,none,true,true,true,false,true
542,h1500_e20000_s5000_k10_y20000,1500,20000,5000,10,20000,37,1554,2087,1899,0,2541,1011,5662,0,35,5,0,false,0,5299,63,-1820088,0,1,1213,1001,false,false,none,true,true,true,false,true
543,h300_e25000_s5000_k40_y10000,300,25000,5000,40,10000,15,407,433,1158,0,582,1001,5642,0,34,6,0,false,0,2649,32,-228030,0,1,230,1000,false,false,none,true,true,true,false,true
544,h700_e30000_s2500_k40_y20000,700,30000,2500,40,20000,15,693,765,1220,0,937,1000,5634,0,26,14,0,false,0,5297,61,-436811,0,1,510,1000,false,false,none,true,true,true,false,true
545,h1000_e20000_s80000_k5_y50000,1000,20000,80000,5,50000,207,4411,NA,6029,0,9404,1536,5599,0,34,6,0,false,0,13357,277,-15336373,0,1,809,1000,false,false,none,true,true,true,false,true
546,h1000_e20000_s10000_k40_y50000,1000,20000,10000,40,50000,30,2073,2929,1765,0,2898,1023,5592,-32,34,5,1,false,0,13256,164,-1227034,0,1,809,1000,false,false,none,true,true,true,false,true
547,h2000_e15000_s2500_k10_y20000,2000,15000,2500,10,20000,29,1464,1906,1765,0,2293,1019,5590,0,35,5,0,false,18,5291,61,-1737804,0,1,1699,1007,false,false,none,true,true,true,false,true
548,h3000_e20000_s5000_k5_y30000,3000,20000,5000,5,30000,51,3344,6837,2588,0,5083,1023,5579,0,35,5,0,false,0,7949,94,-5446559,0,1,2427,1002,false,false,none,true,true,true,false,true
549,h3000_e10000_s40000_k5_y50000,3000,10000,40000,5,50000,134,5502,NA,5047,0,9394,1545,5570,0,34,6,0,false,3,12998,212,-12579707,0,9,2633,1060,false,false,none,true,true,true,false,true
550,h2000_e15000_s40000_k5_y50000,2000,15000,40000,5,50000,148,5499,NA,5050,0,9610,1350,5552,0,35,5,0,false,3,13293,212,-12795580,0,1,1699,1007,false,false,none,true,true,true,false,true
551,h100_e40000_s10000_k40_y10000,100,40000,10000,40,10000,19,588,643,1240,0,854,1000,5552,-1057,13,25,2,false,0,2652,33,-245935,0,1,65,1000,false,false,none,true,true,true,false,true
552,h2000_e10000_s160000_k5_y50000,2000,10000,160000,5,50000,372,5888,NA,6555,0,8889,2050,5543,0,34,6,0,false,3,13270,404,-17520192,0,8,1755,1040,false,false,none,true,true,true,false,true
553,h2000_e20000_s2500_k10_y20000,2000,20000,2500,10,20000,28,1633,2157,1718,0,2423,1006,5518,0,35,5,0,false,0,5297,61,-1742591,0,1,1618,1001,false,false,none,true,true,true,false,true
554,h1500_e20000_s5000_k40_y50000,1500,20000,5000,40,50000,23,1884,2531,1603,0,2541,1011,5515,0,35,5,0,false,0,13248,155,-1137555,0,1,1213,1001,false,false,none,true,true,true,false,true
555,h1000_e10000_s2500_k40_y30000,1000,10000,2500,40,30000,20,702,789,1359,0,1064,1034,5498,0,33,7,0,false,51,7846,91,-651780,0,6,877,1020,false,false,none,true,true,true,false,true
556,h1500_e20000_s10000_k20_y50000,1500,20000,10000,20,50000,37,3040,5415,2211,0,4348,1034,5480,-220,33,5,2,false,0,13256,164,-2451467,0,1,1213,1001,false,false,none,true,true,true,false,true
557,h100_e50000_s10000_k40_y20000,100,50000,10000,40,20000,25,954,1118,1456,0,1461,1000,5474,-7365,13,25,2,false,0,5303,66,-491876,0,0,59,1000,false,false,none,true,true,true,false,true
558,h3000_e15000_s2500_k20_y50000,3000,15000,2500,20,50000,25,2329,3569,2028,0,3441,1028,5451,0,34,6,0,false,15,13235,151,-2166123,0,1,2549,1010,false,false,none,true,true,true,false,true
559,h1500_e20000_s40000_k5_y50000,1500,20000,40000,5,50000,153,5296,NA,5233,0,9671,1295,5434,0,35,5,0,false,0,13299,212,-12887686,0,1,1213,1001,false,false,none,true,true,true,false,true
560,h3000_e20000_s2500_k20_y50000,3000,20000,2500,20,50000,24,2587,4071,1953,0,3635,1009,5433,0,35,5,0,false,0,13244,151,-2175129,0,1,2427,1002,false,false,none,true,true,true,false,true
561,h3000_e15000_s2500_k10_y30000,3000,15000,2500,10,30000,30,2277,3489,2075,0,3441,1028,5432,0,35,5,0,false,12,7937,91,-2599348,0,1,2549,1010,false,false,none,true,true,true,false,true
562,h2000_e15000_s10000_k20_y50000,2000,15000,10000,20,50000,36,3104,5615,2231,0,4391,1072,5408,0,34,6,0,false,15,13250,164,-2440443,0,1,1699,1007,false,false,none,true,true,true,false,true
563,h3000_e25000_s5000_k10_y50000,3000,25000,5000,10,50000,36,4125,9907,2540,0,5823,1011,5401,-202,34,5,1,false,0,13248,155,-4549600,0,1,2304,1000,false,false,none,true,true,true,false,true
564,h3000_e10000_s80000_k5_y50000,3000,10000,80000,5,50000,207,4829,NA,6251,0,9024,1878,5396,0,34,6,0,false,3,13055,277,-14868418,0,9,2633,1060,false,false,none,true,true,true,false,true
565,h700_e40000_s10000_k10_y50000,700,40000,10000,10,50000,51,3804,9475,2962,0,5979,1004,5395,0,26,14,0,false,0,13257,164,-4918185,0,1,459,1000,false,false,none,true,true,true,false,true
566,h300_e50000_s2500_k40_y10000,300,50000,2500,40,10000,11,366,384,1110,0,488,1000,5387,0,17,23,0,false,0,2649,31,-218473,0,1,177,1000,false,false,none,true,true,true,false,true
567,h500_e40000_s10000_k20_y50000,500,40000,10000,20,50000,38,2942,5139,2199,0,4271,1003,5384,-1380,25,14,1,false,0,13257,164,-2459178,0,1,328,1000,false,false,none,true,true,true,false,true
568,h1000_e20000_s5000_k40_y30000,1000,20000,5000,40,30000,21,1248,1505,1408,0,1694,1007,5376,0,35,5,0,false,0,7949,94,-683118,0,1,809,1000,false,false,none,true,true,true,false,true
569,h2000_e20000_s40000_k5_y50000,2000,20000,40000,5,50000,134,5170,NA,5346,0,9600,1359,5371,0,35,5,0,false,0,13299,212,-12852962,0,1,1618,1001,false,false,none,true,true,true,false,true
570,h2000_e15000_s160000_k5_y50000,2000,15000,160000,5,50000,372,6706,NA,6646,0,9967,2221,5357,0,32,8,0,false,3,13467,404,-17449242,0,1,1699,1007,false,false,none,true,true,true,false,true
571,h700_e25000_s80000_k5_y50000,700,25000,80000,5,50000,207,4595,NA,6153,0,9393,1545,5357,0,34,6,0,false,0,13357,277,-15398910,0,1,537,1000,false,false,none,true,true,true,false,true
572,h300_e30000_s10000_k40_y20000,300,30000,10000,40,20000,24,992,1167,1456,0,1496,1003,5355,-1756,23,14,3,false,0,5302,66,-491797,0,1,218,1000,false,false,none,true,true,true,false,true
573,h2000_e25000_s5000_k20_y50000,2000,25000,5000,20,50000,29,2635,4314,2129,0,3882,1007,5354,-78,34,5,1,false,0,13248,155,-2276852,0,1,1536,1000,false,false,none,true,true,true,false,true
574,h700_e50000_s160000_k5_y50000,700,50000,160000,5,50000,372,6153,NA,6923,0,9999,2612,5352,0,23,17,0,false,0,13474,404,-17607850,0,1,413,1000,false,false,none,true,true,true,false,true
575,h1000_e40000_s2500_k20_y20000,1000,40000,2500,20,20000,22,1041,1221,1392,0,1477,1000,5339,0,26,14,0,false,0,5298,61,-873812,0,1,656,1000,false,false,none,true,true,true,false,true
576,h700_e10000_s2500_k40_y20000,700,10000,2500,40,20000,17,501,543,1242,0,745,1024,5337,0,33,7,0,false,77,5227,61,-435244,0,5,614,1014,false,false,none,true,true,true,false,true
577,h3000_e15000_s40000_k5_y50000,3000,15000,40000,5,50000,120,5170,NA,5346,0,9479,1468,5318,0,34,6,0,false,3,13290,212,-12698639,0,1,2549,1010,false,false,none,true,true,true,false,true
578,h2000_e25000_s5000_k10_y30000,2000,25000,5000,10,30000,35,2569,4205,2189,0,3882,1007,5307,-19,34,5,1,false,0,7949,94,-2732223,0,1,1536,1000,false,false,none,true,true,true,false,true
579,h1500_e40000_s2500_k40_y50000,1500,40000,2500,40,50000,19,1631,2096,1526,0,2216,1000,5304,0,26,14,0,false,0,13245,151,-1092211,0,1,984,1000,false,false,none,true,true,true,false,true
580,h700_e25000_s20000_k10_y50000,700,25000,20000,10,50000,70,4270,14507,3507,0,7001,1049,5297,0,35,5,0,false,0,13270,180,-5530315,0,1,537,1000,false,false,none,true,true,true,false,true
581,h1500_e10000_s10000_k40_y50000,1500,10000,10000,40,50000,35,1681,2261,1795,0,2443,1109,5297,0,31,9,0,false,30,13106,164,-1217004,0,7,1316,1030,false,false,none,true,true,true,false,true
582,h3000_e15000_s10000_k10_y50000,3000,15000,10000,10,50000,43,4319,13123,3149,0,6590,1105,5294,0,35,5,0,false,7,13247,164,-4862088,0,1,2549,1010,false,false,none,true,true,true,false,true
583,h100_e100000_s2500_k40_y5000,100,100000,2500,40,5000,7,203,209,1055,0,265,1000,5290,0,8,32,0,false,0,1325,16,-109237,0,0,34,1000,false,false,none,true,true,true,false,true
584,h1500_e20000_s10000_k10_y30000,1500,20000,10000,10,30000,44,2780,4953,2444,0,4348,1034,5286,-208,34,5,1,false,0,7953,98,-2941761,0,1,1213,1001,false,false,none,true,true,true,false,true
585,h5000_e10000_s10000_k5_y50000,5000,10000,10000,5,50000,66,5433,37470,3805,0,8188,1325,5285,0,35,5,0,false,3,12756,164,-9505648,0,10,4389,1099,false,false,none,true,true,true,false,true
586,h2000_e15000_s2500_k40_y50000,2000,15000,2500,40,50000,18,1691,2200,1561,0,2293,1019,5275,0,34,6,0,false,30,13238,151,-1086128,0,1,1699,1007,false,false,none,true,true,true,false,true
587,h2000_e10000_s40000_k10_y50000,2000,10000,40000,10,50000,81,5153,29961,3813,0,7841,1394,5262,0,34,6,0,false,7,13099,212,-6357652,0,8,1755,1040,false,false,none,true,true,true,false,true
588,h2000_e25000_s2500_k10_y20000,2000,25000,2500,10,20000,27,1784,2395,1691,0,2549,1002,5237,0,35,5,0,false,0,5297,61,-1745115,0,1,1536,1000,false,false,none,true,true,true,false,true
589,h2000_e20000_s2500_k20_y30000,2000,20000,2500,20,30000,21,1702,2249,1655,0,2423,1006,5225,0,35,5,0,false,0,7946,91,-1306944,0,1,1618,1001,false,false,none,true,true,true,false,true
590,h2000_e15000_s10000_k10_y30000,2000,15000,10000,10,30000,43,2845,5147,2464,0,4391,1072,5198,0,35,5,0,false,12,7947,98,-2928531,0,1,1699,1007,false,false,none,true,true,true,false,true
591,h2000_e15000_s2500_k20_y30000,2000,15000,2500,20,30000,22,1574,2048,1666,0,2293,1019,5197,0,34,6,0,false,25,7940,91,-1303353,0,1,1699,1007,false,false,none,true,true,true,false,true
592,h700_e70000_s2500_k40_y30000,700,70000,2500,40,30000,17,1021,1185,1328,0,1385,1000,5182,-50,16,23,1,false,0,7947,91,-655421,0,0,334,1000,false,false,none,true,true,true,false,true
593,h700_e10000_s5000_k40_y20000,700,10000,5000,40,20000,23,592,652,1288,0,876,1033,5180,0,33,7,0,false,77,5229,63,-454276,0,5,614,1014,false,false,none,true,true,true,false,true
594,h3000_e25000_s2500_k20_y50000,3000,25000,2500,20,50000,23,2818,4567,1908,0,3824,1003,5172,0,35,5,0,false,0,13244,151,-2179723,0,1,2304,1000,false,false,none,true,true,true,false,true
595,h3000_e15000_s20000_k5_y50000,3000,15000,20000,5,50000,102,6280,NA,4347,0,9746,1227,5131,0,35,5,0,false,3,13261,180,-10904815,0,1,2549,1010,false,false,none,true,true,true,false,true
596,h100_e30000_s40000_k5_y30000,100,30000,40000,5,30000,142,3917,13487,3860,0,7039,1050,5127,0,26,14,0,false,0,7979,128,-7793434,0,1,72,1000,false,false,none,true,true,true,false,true
597,h1000_e40000_s2500_k40_y30000,1000,40000,2500,40,30000,16,1112,1305,1328,0,1477,1000,5124,0,26,14,0,false,0,7947,91,-655359,0,1,656,1000,false,false,none,true,true,true,false,true
598,h500_e40000_s10000_k10_y30000,500,40000,10000,10,30000,46,2682,4685,2433,0,4271,1003,5122,-955,25,14,1,false,0,7954,98,-2951013,0,1,328,1000,false,false,none,true,true,true,false,true
599,h5000_e15000_s2500_k10_y50000,5000,15000,2500,10,50000,29,3995,9487,2612,0,5736,1046,5121,0,35,5,0,false,7,13229,151,-4307907,0,1,4249,1017,false,false,none,true,true,true,false,true
600,h700_e40000_s2500_k40_y20000,700,40000,2500,40,20000,14,789,881,1219,0,1034,1000,5115,0,26,14,0,false,0,5298,61,-436919,0,1,459,1000,false,false,none,true,true,true,false,true
601,h2000_e10000_s2500_k10_y20000,2000,10000,2500,10,20000,31,1258,1614,1851,0,2130,1067,5107,0,34,6,0,false,19,5097,61,-1728563,0,8,1755,1040,false,false,none,true,true,true,false,true
602,h2000_e10000_s20000_k20_y50000,2000,10000,20000,20,50000,49,3376,6807,2497,0,4779,1234,5089,0,34,6,0,false,15,13070,180,-2722473,0,8,1755,1040,false,false,none,true,true,true,false,true
603,h100_e50000_s5000_k40_y5000,100,50000,5000,40,5000,9,260,271,1105,0,378,1000,5059,0,17,23,0,false,0,1325,16,-114048,0,0,59,1000,false,false,none,true,true,true,false,true
604,h3000_e20000_s20000_k5_y50000,3000,20000,20000,5,50000,102,6154,NA,4461,0,9790,1188,5044,0,35,5,0,false,0,13270,180,-10970269,0,1,2427,1002,false,false,none,true,true,true,false,true
605,h100_e30000_s10000_k40_y5000,100,30000,10000,40,5000,13,351,370,1133,0,498,1001,5036,0,26,14,0,false,0,1325,17,-122963,0,1,72,1000,false,false,none,true,true,true,false,true
606,h2000_e25000_s2500_k20_y30000,2000,25000,2500,20,30000,20,1829,2456,1650,0,2549,1002,5020,0,35,5,0,false,0,7946,91,-1308836,0,1,1536,1000,false,false,none,true,true,true,false,true
607,h2000_e15000_s20000_k10_y50000,2000,15000,20000,10,50000,58,5146,25741,3568,0,7820,1162,4990,-3,34,5,1,false,7,13264,180,-5480672,0,1,1699,1007,false,false,none,true,true,true,false,true
608,h5000_e20000_s2500_k10_y50000,5000,20000,2500,10,50000,28,4459,11370,2455,0,6059,1016,4987,0,35,5,0,false,0,13244,151,-4337357,0,1,4046,1003,false,false,none,true,true,true,false,true
609,h3000_e10000_s2500_k10_y30000,3000,10000,2500,10,30000,31,1954,2920,2217,0,3196,1099,4984,0,34,6,0,false,13,7646,91,-2578711,0,9,2633,1060,false,false,none,true,true,true,false,true
610,h3000_e10000_s20000_k10_y50000,3000,10000,20000,10,50000,55,4621,18940,3644,0,7189,1333,4956,0,34,6,0,false,7,12970,180,-5399269,0,9,2633,1060,false,false,none,true,true,true,false,true
611,h1500_e25000_s5000_k10_y20000,1500,25000,5000,10,20000,32,1905,2691,1911,0,2911,1005,4956,0,35,5,0,false,0,5299,63,-1822304,0,1,1152,1000,false,false,none,true,true,true,false,true
612,h2000_e25000_s2500_k40_y50000,2000,25000,2500,40,50000,17,1946,2613,1545,0,2549,1002,4954,0,35,5,0,false,0,13244,151,-1090697,0,1,1536,1000,false,false,none,true,true,true,false,true
613,h2000_e30000_s2500_k10_y20000,2000,30000,2500,10,20000,26,1928,2634,1676,0,2679,1001,4946,0,35,5,0,false,0,5297,61,-1746414,0,1,1457,1000,false,false,none,true,true,true,false,true
614,h1000_e50000_s5000_k20_y50000,1000,50000,5000,20,50000,30,2534,4077,2125,0,3784,1000,4917,-3767,24,14,2,false,0,13249,155,-2280890,0,1,590,1000,false,false,none,true,true,true,false,true
615,h3000_e10000_s2500_k20_y50000,3000,10000,2500,20,50000,26,2041,3050,2139,0,3196,1099,4914,0,34,6,0,false,15,12944,151,-2148926,0,9,2633,1060,false,false,none,true,true,true,false,true
616,h100_e100000_s40000_k5_y50000,100,100000,40000,5,50000,119,5394,NA,5185,0,9517,1433,4899,0,17,23,0,false,0,13300,212,-12992631,0,0,34,1000,false,false,none,true,true,true,false,true
617,h5000_e15000_s20000_k5_y50000,5000,15000,20000,5,50000,82,6154,NA,4461,0,9621,1340,4889,0,35,5,0,false,3,13255,180,-10792989,0,1,4249,1017,false,false,none,true,true,true,false,true
618,h1500_e20000_s2500_k20_y20000,1500,20000,2500,20,20000,18,1332,1629,1441,0,1817,1004,4881,0,35,5,0,false,0,5297,61,-871945,0,1,1213,1001,false,false,none,true,true,true,false,true
619,h5000_e10000_s20000_k5_y50000,5000,10000,20000,5,50000,82,6153,NA,4462,0,9436,1507,4877,0,34,6,0,false,3,12770,180,-10620698,0,10,4389,1099,false,false,none,true,true,true,false,true
620,h2000_e10000_s40000_k5_y30000,2000,10000,40000,5,30000,97,4936,28699,4009,0,7841,1394,4869,0,34,6,0,false,6,7779,128,-7629182,0,8,1755,1040,false,false,none,true,true,true,false,true
621,h500_e20000_s2500_k40_y10000,500,20000,2500,40,10000,10,468,499,1124,0,605,1001,4854,0,34,6,0,false,0,2648,31,-218312,0,1,404,1000,false,false,none,true,true,true,false,true
622,h1500_e15000_s2500_k20_y20000,1500,15000,2500,20,20000,19,1235,1495,1450,0,1720,1014,4851,0,34,6,0,false,37,5293,61,-870159,0,1,1274,1005,false,false,none,true,true,true,false,true
623,h3000_e20000_s40000_k5_y50000,3000,20000,40000,5,50000,119,5170,NA,5346,0,9482,1465,4844,0,34,6,0,false,0,13299,212,-12783910,0,1,2427,1002,false,false,none,true,true,true,false,true
624,h1500_e25000_s5000_k20_y30000,1500,25000,5000,20,30000,24,2153,3040,1688,0,2911,1005,4818,0,35,5,0,false,0,7949,94,-1366728,0,1,1152,1000,false,false,none,true,true,true,false,true
625,h3000_e30000_s2500_k20_y50000,3000,30000,2500,20,50000,22,3040,5085,1881,0,4018,1001,4817,0,35,5,0,false,0,13244,151,-2182093,0,1,2186,1000,false,false,none,true,true,true,false,true
626,h1000_e50000_s2500_k20_y20000,1000,50000,2500,20,20000,20,1175,1404,1407,0,1628,1000,4815,0,26,14,0,false,0,5298,61,-873874,0,1,590,1000,false,false,none,true,true,true,false,true
627,h100_e40000_s20000_k40_y50000,100,40000,20000,40,50000,33,2664,4465,2231,0,4023,1008,4812,0,26,14,0,false,0,13271,180,-1384410,0,1,65,1000,false,false,none,true,true,true,false,true
628,h2000_e15000_s5000_k10_y20000,2000,15000,5000,10,20000,31,1947,2774,1930,0,2942,1034,4810,0,34,6,0,false,18,5293,63,-1813137,0,1,1699,1007,false,false,none,true,true,true,false,true
629,h2000_e10000_s5000_k10_y20000,2000,10000,5000,10,20000,36,1534,2076,1967,0,2506,1093,4805,0,34,6,0,false,19,5099,63,-1802971,0,8,1755,1040,false,false,none,true,true,true,false,true
630,h700_e25000_s5000_k40_y20000,700,25000,5000,40,20000,17,1014,1174,1312,0,1358,1002,4780,0,35,5,0,false,0,5299,63,-455915,0,1,537,1000,false,false,none,true,true,true,false,true
631,h3000_e15000_s5000_k20_y50000,3000,15000,5000,20,50000,25,3184,5761,2158,0,4415,1051,4772,0,34,6,0,false,15,13239,155,-2259205,0,1,2549,1010,false,false,none,true,true,true,false,true
632,h500_e15000_s2500_k40_y10000,500,15000,2500,40,10000,10,435,462,1128,0,573,1004,4749,0,34,6,0,false,151,2647,31,-218158,0,1,424,1001,false,false,none,true,true,true,false,true
633,h5000_e10000_s2500_k10_y50000,5000,10000,2500,10,50000,31,3430,7645,2873,0,5332,1161,4734,0,34,6,0,false,7,12744,151,-4251679,0,10,4389,1099,false,false,none,true,true,true,false,true
634,h3000_e20000_s80000_k5_y50000,3000,20000,80000,5,50000,207,7376,NA,6274,0,9995,1945,4708,0,34,6,0,false,0,13357,277,-15022714,0,1,2427,1002,false,false,none,true,true,true,false,true
635,h1000_e15000_s10000_k40_y30000,1000,15000,10000,40,30000,25,1572,2025,1597,0,2194,1037,4701,0,34,6,0,false,50,7950,98,-734968,0,1,849,1003,false,false,none,true,true,true,false,true
636,h10000_e50000_s80000_k5_y50000,10000,50000,80000,5,50000,207,7330,NA,6334,0,9999,2452,4672,0,32,8,0,false,0,13358,277,-14834944,0,0,5904,1000,false,false,none,true,true,true,false,true
637,h2000_e30000_s2500_k20_y30000,2000,30000,2500,20,30000,19,1965,2685,1643,0,2679,1001,4671,0,35,5,0,false,0,7946,91,-1309811,0,1,1457,1000,false,false,none,true,true,true,false,true
638,h1000_e20000_s2500_k40_y20000,1000,20000,2500,40,20000,13,949,1080,1239,0,1211,1003,4666,0,34,6,0,false,0,5297,61,-436297,0,1,809,1000,false,false,none,true,true,true,false,true
639,h3000_e10000_s5000_k10_y30000,3000,10000,5000,10,30000,35,2333,3835,2423,0,3762,1137,4648,0,34,6,0,false,13,7649,94,-2688341,0,9,2633,1060,false,false,none,true,true,true,false,true
640,h5000_e10000_s160000_k5_y50000,5000,10000,160000,5,50000,372,6152,NA,6923,0,9726,2877,4639,0,31,9,0,false,3,12966,404,-16630029,0,10,4389,1099,false,false,none,true,true,true,false,true
641,h5000_e10000_s40000_k5_y50000,5000,10000,40000,5,50000,119,5623,NA,5347,0,9110,1800,4637,0,34,6,0,false,3,12798,212,-12315113,0,10,4389,1099,false,false,none,true,true,true,false,true
642,h2000_e15000_s5000_k40_y50000,2000,15000,5000,40,50000,20,2247,3202,1660,0,2942,1034,4633,0,34,6,0,false,30,13242,155,-1133211,0,1,1699,1007,false,false,none,true,true,true,false,true
643,h3000_e15000_s5000_k10_y30000,3000,15000,5000,10,30000,30,2947,5332,2372,0,4415,1051,4632,0,34,6,0,false,12,7940,94,-2711046,0,1,2549,1010,false,false,none,true,true,true,false,true
644,h3000_e10000_s5000_k20_y50000,3000,10000,5000,20,50000,29,2556,4200,2222,0,3762,1137,4625,0,34,6,0,false,15,12948,155,-2240284,0,9,2633,1060,false,false,none,true,true,true,false,true
645,h2000_e30000_s2500_k40_y50000,2000,30000,2500,40,50000,16,2076,2836,1543,0,2679,1001,4625,0,35,5,0,false,0,13244,151,-1091509,0,1,1457,1000,false,false,none,true,true,true,false,true
646,h2000_e15000_s5000_k20_y30000,2000,15000,5000,20,30000,24,2176,3101,1724,0,2942,1034,4596,0,34,6,0,false,25,7943,94,-1359853,0,1,1699,1007,false,false,none,true,true,true,false,true
647,h2000_e10000_s2500_k20_y30000,2000,10000,2500,20,30000,23,1419,1820,1707,0,2130,1067,4590,0,33,7,0,false,25,7746,91,-1296423,0,8,1755,1040,false,false,none,true,true,true,false,true
648,h1000_e15000_s2500_k40_y20000,1000,15000,2500,40,20000,13,880,996,1249,0,1146,1009,4576,0,34,6,0,false,75,5294,61,-435710,0,1,849,1003,false,false,none,true,true,true,false,true
649,h2000_e10000_s2500_k40_y50000,2000,10000,2500,40,50000,19,1528,1961,1608,0,2130,1067,4573,0,32,8,0,false,31,13044,151,-1080352,0,8,1755,1040,false,false,none,true,true,true,false,true
650,h1500_e15000_s80000_k10_y50000,1500,15000,80000,10,50000,104,6146,NA,4468,0,9362,1573,4532,0,34,6,0,false,7,13353,277,-7610350,0,1,1274,1005,false,false,none,true,true,true,false,true
651,h1500_e20000_s2500_k40_y30000,1500,20000,2500,40,30000,14,1439,1759,1345,0,1817,1004,4513,0,34,6,0,false,0,7946,91,-653959,0,1,1213,1001,false,false,none,true,true,true,false,true
652,h300_e25000_s20000_k20_y20000,300,25000,20000,20,20000,38,1922,2756,1991,0,2999,1022,4511,-1361,32,5,3,false,0,5308,72,-1106910,0,1,230,1000,false,false,none,true,true,true,false,true
653,h1000_e50000_s2500_k40_y30000,1000,50000,2500,40,30000,15,1264,1510,1328,0,1628,1000,4511,0,26,14,0,false,0,7947,91,-655405,0,1,590,1000,false,false,none,true,true,true,false,true
654,h2000_e25000_s10000_k10_y50000,2000,25000,10000,10,50000,46,5239,22271,3167,0,7613,1031,4508,-135,34,5,1,false,0,13256,164,-4906893,0,1,1536,1000,false,false,none,true,true,true,false,true
655,h1000_e40000_s5000_k10_y20000,1000,40000,5000,10,20000,32,1891,2664,1907,0,2899,1000,4485,-2254,24,14,2,false,0,5300,63,-1824556,0,1,656,1000,false,false,none,true,true,true,false,true
656,h1000_e25000_s2500_k40_y20000,1000,25000,2500,40,20000,12,1016,1165,1233,0,1274,1001,4478,0,35,5,0,false,0,5297,61,-436613,0,1,768,1000,false,false,none,true,true,true,false,true
657,h5000_e10000_s80000_k5_y50000,5000,10000,80000,5,50000,207,7329,NA,6335,0,9844,2242,4456,0,32,8,0,false,3,12854,277,-14465532,0,10,4389,1099,false,false,none,true,true,true,false,true
658,h1000_e30000_s10000_k10_y30000,1000,30000,10000,10,30000,38,3405,6810,2435,0,4987,1011,4446,-1112,33,5,2,false,0,7953,98,-2949377,0,1,728,1000,false,false,none,true,true,true,false,true
659,h1500_e15000_s2500_k40_y30000,1500,15000,2500,40,30000,14,1333,1614,1362,0,1720,1014,4438,0,34,6,0,false,50,7942,91,-652619,0,1,1274,1005,false,false,none,true,true,true,false,true
660,h10000_e30000_s10000_k5_y50000,10000,30000,10000,5,50000,63,6884,NA,3804,0,9891,1097,4396,0,35,5,0,false,0,13256,164,-9771293,0,1,7289,1000,false,false,none,true,true,true,false,true
661,h1500_e30000_s2500_k20_y20000,1500,30000,2500,20,20000,17,1525,1908,1436,0,2009,1000,4392,0,35,5,0,false,0,5297,61,-873367,0,1,1093,1000,false,false,none,true,true,true,false,true
662,h1500_e30000_s10000_k10_y50000,1500,30000,10000,10,50000,48,5103,20418,3156,0,7481,1017,4390,0,35,5,0,false,0,13256,164,-4913833,0,1,1093,1000,false,false,none,true,true,true,false,true
663,h2000_e10000_s5000_k20_y30000,2000,10000,5000,20,30000,27,1761,2383,1763,0,2506,1093,4360,0,33,7,0,false,25,7749,94,-1352228,0,8,1755,1040,false,false,none,true,true,true,false,true
664,h10000_e20000_s5000_k5_y50000,10000,20000,5000,5,50000,52,7389,NA,3349,0,9918,1072,4355,0,35,5,0,false,3,13247,155,-8970955,0,1,8092,1006,false,false,none,true,true,true,false,true
665,h5000_e10000_s5000_k10_y50000,5000,10000,5000,10,50000,32,4087,11763,3193,0,6281,1219,4354,0,34,6,0,false,7,12748,155,-4427866,0,10,4389,1099,false,false,none,true,true,true,false,true
666,h2000_e10000_s5000_k40_y50000,2000,10000,5000,40,50000,23,1813,2454,1716,0,2506,1093,4352,0,31,9,0,false,31,13048,155,-1126857,0,8,1755,1040,false,false,none,true,true,true,false,true
667,h1000_e20000_s80000_k10_y50000,1000,20000,80000,10,50000,104,6053,NA,4552,0,9404,1536,4349,0,34,6,0,false,0,13357,277,-7668187,0,1,809,1000,false,false,none,true,true,true,false,true
668,h5000_e15000_s5000_k10_y50000,5000,15000,5000,10,50000,30,5201,20431,3026,0,7361,1083,4339,0,35,5,0,false,7,13233,155,-4489766,0,1,4249,1017,false,false,none,true,true,true,false,true
669,h3000_e20000_s5000_k20_y50000,3000,20000,5000,20,50000,22,3842,7856,2140,0,5083,1023,4334,0,35,5,0,false,0,13248,155,-2269400,0,1,2427,1002,false,false,none,true,true,true,false,true
670,h10000_e25000_s10000_k5_y50000,10000,25000,10000,5,50000,60,6884,NA,3804,0,9854,1130,4330,0,35,5,0,false,0,13256,164,-9719489,0,1,7682,1001,false,false,none,true,true,true,false,true
671,h1500_e25000_s2500_k40_y30000,1500,25000,2500,40,30000,13,1541,1906,1335,0,1912,1001,4319,0,35,5,0,false,0,7946,91,-654650,0,1,1152,1000,false,false,none,true,true,true,false,true
672,h500_e30000_s10000_k40_y30000,500,30000,10000,40,30000,22,1745,2327,1679,0,2493,1005,4315,-2784,23,14,3,false,0,7953,98,-737581,0,1,364,1000,false,false,none,true,true,true,false,true
673,h300_e40000_s10000_k20_y20000,300,40000,10000,20,20000,28,1702,2289,1776,0,2562,1002,4312,-4529,24,14,2,false,0,5303,66,-983705,0,1,196,1000,false,false,none,true,true,true,false,true
674,h500_e40000_s5000_k40_y20000,500,40000,5000,40,20000,16,1079,1262,1333,0,1449,1000,4312,-650,24,14,2,false,0,5300,63,-456167,0,1,328,1000,false,false,none,true,true,true,false,true
675,h1000_e25000_s10000_k40_y50000,1000,25000,10000,40,50000,22,2856,4624,1870,0,3806,1015,4294,-1065,32,5,3,false,0,13256,164,-1228208,0,1,768,1000,false,false,none,true,true,true,false,true
676,h2000_e20000_s10000_k20_y50000,2000,20000,10000,20,50000,26,4471,10769,2239,0,5798,1045,4281,-311,33,5,2,false,0,13256,164,-2448761,0,1,1618,1001,false,false,none,true,true,true,false,true
677,h300_e40000_s10000_k40_y30000,300,40000,10000,40,30000,21,1810,2435,1678,0,2562,1002,4276,-1099,23,14,3,false,0,7954,98,-737779,0,1,196,1000,false,false,none,true,true,true,false,true
678,h2000_e20000_s5000_k40_y50000,2000,20000,5000,40,50000,17,2669,4048,1662,0,3388,1015,4257,0,34,6,0,false,0,13248,155,-1136643,0,1,1618,1001,false,false,none,true,true,true,false,true
679,h500_e15000_s5000_k40_y10000,500,15000,5000,40,10000,13,542,586,1182,0,735,1008,4236,0,34,6,0,false,151,2648,32,-227726,0,1,424,1001,false,false,none,true,true,true,false,true
680,h1500_e15000_s160000_k10_y50000,1500,15000,160000,10,50000,186,7779,NA,5793,0,9975,2049,4227,0,32,8,0,false,7,13469,404,-8808729,0,1,1274,1005,false,false,none,true,true,true,false,true
681,h1000_e20000_s160000_k10_y50000,1000,20000,160000,10,50000,186,7941,NA,5905,0,9994,2062,4225,0,32,8,0,false,0,13473,404,-8873248,0,1,809,1000,false,false,none,true,true,true,false,true
682,h700_e50000_s160000_k10_y50000,700,50000,160000,10,50000,186,7145,NA,6427,0,9999,2612,4221,0,23,17,0,false,0,13474,404,-8803925,0,1,413,1000,false,false,none,true,true,true,false,true
683,h2000_e20000_s5000_k20_y30000,2000,20000,5000,20,30000,21,2605,3951,1720,0,3388,1015,4209,0,35,5,0,false,0,7949,94,-1363971,0,1,1618,1001,false,false,none,true,true,true,false,true
684,h1000_e40000_s160000_k10_y50000,1000,40000,160000,10,50000,186,7143,NA,6428,0,9999,2581,4208,0,32,8,0,false,0,13474,404,-8767123,0,1,656,1000,false,false,none,true,true,true,false,true
685,h10000_e20000_s10000_k5_y50000,10000,20000,10000,5,50000,56,6884,NA,3804,0,9793,1186,4207,0,35,5,0,false,3,13255,164,-9627906,0,1,8092,1006,false,false,none,true,true,true,false,true
686,h3000_e20000_s5000_k10_y30000,3000,20000,5000,10,30000,26,3604,7370,2353,0,5083,1023,4189,0,35,5,0,false,0,7949,94,-2723280,0,1,2427,1002,false,false,none,true,true,true,false,true
687,h300_e20000_s2500_k40_y5000,300,20000,2500,40,5000,6,288,299,1068,0,363,1000,4186,0,34,6,0,false,0,1324,16,-109186,0,1,242,1000,false,false,none,true,true,true,false,true
688,h500_e50000_s10000_k10_y50000,500,50000,10000,10,50000,52,4764,17715,3291,0,7308,1002,4176,0,26,14,0,false,0,13257,164,-4918646,0,1,295,1000,false,false,none,true,true,true,false,true
689,h10000_e15000_s5000_k5_y50000,10000,15000,5000,5,50000,48,7389,NA,3349,0,9826,1156,4172,0,35,5,0,false,3,13217,155,-8839824,0,1,8499,1035,false,false,none,true,true,true,false,true
690,h3000_e10000_s40000_k10_y50000,3000,10000,40000,10,50000,67,6732,NA,3941,0,9394,1545,4165,0,34,6,0,false,7,12998,212,-6289854,0,9,2633,1060,false,false,none,true,true,true,false,true
691,h500_e25000_s10000_k40_y20000,500,25000,10000,40,20000,20,1404,1736,1456,0,1902,1008,4158,-246,33,5,2,false,0,5302,66,-491592,0,1,384,1000,false,false,none,true,true,true,false,true
692,h1500_e10000_s2500_k20_y20000,1500,10000,2500,20,20000,20,1115,1336,1484,0,1597,1050,4155,0,33,7,0,false,38,5147,61,-866655,0,7,1316,1030,false,false,none,true,true,true,false,true
693,h700_e30000_s5000_k40_y20000,700,30000,5000,40,20000,15,1182,1399,1336,0,1554,1001,4155,0,26,14,0,false,0,5299,63,-456034,0,1,510,1000,false,false,none,true,true,true,false,true
694,h1000_e30000_s40000_k10_y50000,1000,30000,40000,10,50000,77,6656,NA,4009,0,9674,1292,4148,0,34,6,0,false,0,13299,212,-6478766,0,1,728,1000,false,false,none,true,true,true,false,true
695,h3000_e40000_s2500_k20_y50000,3000,40000,2500,20,50000,20,3486,6261,1851,0,4432,1000,4146,-243,25,14,1,false,0,13245,151,-2183976,0,1,1968,1000,false,false,none,true,true,true,false,true
696,h1500_e30000_s5000_k40_y50000,1500,30000,5000,40,50000,18,2642,3963,1622,0,3330,1003,4140,-504,33,5,2,false,0,13248,155,-1139640,0,1,1093,1000,false,false,none,true,true,true,false,true
697,h300_e100000_s5000_k10_y30000,300,100000,5000,10,30000,31,2808,4925,2340,0,4297,1000,4126,-2087,15,23,2,false,0,7950,94,-2737159,0,0,104,1000,false,false,none,true,true,true,false,true
698,h700_e25000_s10000_k40_y30000,700,25000,10000,40,30000,20,1921,2624,1679,0,2664,1011,4114,-572,32,6,2,false,0,7953,98,-737209,0,1,537,1000,false,false,none,true,true,true,false,true
699,h1000_e30000_s5000_k40_y30000,1000,30000,5000,40,30000,16,1724,2216,1448,0,2220,1002,4111,-106,33,5,2,false,0,7949,94,-683965,0,1,728,1000,false,false,none,true,true,true,false,true
700,h2000_e20000_s40000_k10_y50000,2000,20000,40000,10,50000,67,6637,NA,4026,0,9600,1359,4109,-56,32,6,2,false,0,13299,212,-6426481,0,1,1618,1001,false,false,none,true,true,true,false,true
701,h1500_e25000_s160000_k10_y50000,1500,25000,160000,10,50000,186,7129,NA,6435,0,9997,2432,4104,0,32,8,0,false,0,13473,404,-8745599,0,1,1152,1000,false,false,none,true,true,true,false,true
702,h3000_e10000_s10000_k20_y50000,3000,10000,10000,20,50000,30,3592,7377,2383,0,4899,1207,4090,0,33,7,0,false,15,12956,164,-2408982,0,9,2633,1060,false,false,none,true,true,true,false,true
703,h1500_e25000_s40000_k10_y50000,1500,25000,40000,10,50000,70,6608,NA,4052,0,9635,1327,4088,0,34,6,0,false,0,13299,212,-6459194,0,1,1152,1000,false,false,none,true,true,true,false,true
704,h1500_e30000_s5000_k20_y30000,1500,30000,5000,20,30000,21,2571,3856,1686,0,3330,1003,4088,-475,33,5,2,false,0,7949,94,-1367567,0,1,1093,1000,false,false,none,true,true,true,false,true
705,h100_e100000_s5000_k40_y20000,100,100000,5000,40,20000,16,993,1159,1395,0,1432,1000,4086,-13039,4,34,2,false,0,5300,63,-456194,0,0,34,1000,false,false,none,true,true,true,false,true
706,h3000_e20000_s10000_k10_y50000,3000,20000,10000,10,50000,42,6153,50124,3356,0,8699,1065,4066,-239,34,5,1,false,0,13256,164,-4886940,0,1,2427,1002,false,false,none,true,true,true,false,true
707,h2000_e20000_s160000_k10_y50000,2000,20000,160000,10,50000,186,7110,NA,6444,0,9989,2418,4056,0,32,8,0,false,0,13473,404,-8685024,0,1,1618,1001,false,false,none,true,true,true,false,true
708,h300_e30000_s20000_k40_y50000,300,30000,20000,40,50000,26,3432,6601,2231,0,4776,1022,4051,0,26,14,0,false,0,13270,180,-1383958,0,1,218,1000,false,false,none,true,true,true,false,true
709,h500_e20000_s5000_k40_y10000,500,20000,5000,40,10000,12,640,699,1190,0,847,1003,4048,0,34,6,0,false,0,2649,32,-227902,0,1,404,1000,false,false,none,true,true,true,false,true
710,h700_e25000_s80000_k10_y50000,700,25000,80000,10,50000,104,5939,NA,4654,0,9393,1545,4043,0,34,6,0,false,0,13357,277,-7699455,0,1,537,1000,false,false,none,true,true,true,false,true
711,h2000_e40000_s2500_k20_y30000,2000,40000,2500,20,30000,18,2238,3177,1644,0,2954,1000,4029,0,26,14,0,false,0,7947,91,-1310513,0,1,1312,1000,false,false,none,true,true,true,false,true
712,h500_e50000_s40000_k10_y50000,500,50000,40000,10,50000,73,6506,NA,4144,0,9603,1357,4024,0,26,14,0,false,0,13300,212,-6494112,0,1,295,1000,false,false,none,true,true,true,false,true
713,h2000_e15000_s80000_k10_y50000,2000,15000,80000,10,50000,104,6335,NA,4859,0,9234,1689,4011,0,32,8,0,false,7,13351,277,-7565133,0,1,1699,1007,false,false,none,true,true,true,false,true
714,h3000_e10000_s80000_k10_y50000,3000,10000,80000,10,50000,104,5737,NA,4836,0,9024,1878,4010,0,32,8,0,false,7,13055,277,-7434209,0,9,2633,1060,false,false,none,true,true,true,false,true
715,h2000_e40000_s2500_k40_y50000,2000,40000,2500,40,50000,15,2352,3339,1542,0,2954,1000,4005,-8,25,14,1,false,0,13245,151,-1092094,0,1,1312,1000,false,false,none,true,true,true,false,true
716,h3000_e10000_s10000_k10_y30000,3000,10000,10000,10,30000,36,3401,6983,2556,0,4899,1207,3995,0,34,6,0,false,13,7653,98,-2890778,0,9,2633,1060,false,false,none,true,true,true,false,true
717,h10000_e15000_s10000_k5_y50000,10000,15000,10000,5,50000,52,6883,NA,3804,0,9672,1295,3989,0,34,6,0,false,3,13225,164,-9467769,0,1,8499,1035,false,false,none,true,true,true,false,true
718,h1000_e20000_s10000_k20_y20000,1000,20000,10000,20,20000,24,2117,2993,1725,0,2898,1023,3987,-38,32,6,2,false,0,5302,66,-981627,0,1,809,1000,false,false,none,true,true,true,false,true
719,h500_e25000_s20000_k40_y50000,500,25000,20000,40,50000,25,3671,7403,2231,0,5000,1036,3982,0,35,5,0,false,0,13270,180,-1383108,0,1,384,1000,false,false,none,true,true,true,false,true
720,h300_e15000_s2500_k40_y5000,300,15000,2500,40,5000,7,267,277,1071,0,344,1002,3981,0,34,6,0,false,302,1324,16,-109144,0,1,254,1001,false,false,none,true,true,true,false,true
721,h1500_e10000_s5000_k20_y20000,1500,10000,5000,20,20000,24,1328,1651,1566,0,1878,1070,3978,0,31,9,0,false,38,5149,63,-904167,0,7,1316,1030,false,false,none,true,true,true,false,true
722,h3000_e15000_s40000_k10_y50000,3000,15000,40000,10,50000,60,6532,NA,4120,0,9479,1468,3967,0,34,6,0,false,7,13290,212,-6349320,0,1,2549,1010,false,false,none,true,true,true,false,true
723,h3000_e15000_s20000_k10_y50000,3000,15000,20000,10,50000,51,7121,NA,3590,0,9746,1227,3961,0,34,6,0,false,7,13261,180,-5452408,0,1,2549,1010,false,false,none,true,true,true,false,true
724,h300_e40000_s5000_k40_y10000,300,40000,5000,40,10000,12,635,696,1210,0,869,1000,3951,0,26,14,0,false,0,2650,32,-228089,0,1,196,1000,false,false,none,true,true,true,false,true
725,h3000_e10000_s160000_k10_y50000,3000,10000,160000,10,50000,186,7055,NA,6107,0,9834,2370,3936,0,31,9,0,false,7,13169,404,-8610248,0,9,2633,1060,false,false,none,true,true,true,false,true
726,h500_e10000_s2500_k40_y10000,500,10000,2500,40,10000,10,383,406,1150,0,532,1017,3927,0,30,10,0,false,156,2598,31,-257745,0,4,438,1010,false,false,none,true,true,true,false,true
727,h1500_e15000_s5000_k40_y30000,1500,15000,5000,40,30000,16,1697,2186,1484,0,2206,1026,3898,0,34,6,0,false,50,7945,94,-680995,0,1,1274,1005,false,false,none,true,true,true,false,true
728,h3000_e15000_s160000_k10_y50000,3000,15000,160000,10,50000,186,7058,NA,6470,0,9951,2497,3894,0,31,9,0,false,7,13464,404,-8557541,0,1,2549,1010,false,false,none,true,true,true,false,true
729,h1000_e70000_s2500_k20_y20000,1000,70000,2500,20,20000,17,1496,1865,1435,0,1979,1000,3880,-429,16,23,1,false,0,5298,61,-873895,0,0,478,1000,false,false,none,true,true,true,false,true
730,h300_e25000_s10000_k40_y10000,300,25000,10000,40,10000,16,866,979,1252,0,1141,1004,3878,0,34,6,0,false,0,2651,33,-245856,0,1,230,1000,false,false,none,true,true,true,false,true
731,h1500_e30000_s40000_k10_y50000,1500,30000,40000,10,50000,63,6458,NA,4187,0,9591,1368,3873,0,34,6,0,false,0,13299,212,-6470060,0,1,1093,1000,false,false,none,true,true,true,false,true
732,h500_e40000_s2500_k40_y10000,500,40000,2500,40,10000,9,604,653,1120,0,738,1000,3872,0,26,14,0,false,0,2649,31,-218464,0,1,328,1000,false,false,none,true,true,true,false,true
733,h1500_e20000_s10000_k40_y50000,1500,20000,10000,40,50000,19,3356,5978,1926,0,4348,1034,3856,-121,32,6,2,false,0,13256,164,-1225734,0,1,1213,1001,false,false,none,true,true,true,false,true
734,h700_e20000_s10000_k40_y20000,700,20000,10000,40,20000,18,1538,1934,1457,0,2028,1016,3851,0,34,6,0,false,0,5302,66,-491139,0,1,566,1000,false,false,none,true,true,true,false,true
735,h1000_e20000_s5000_k40_y20000,1000,20000,5000,40,20000,14,1314,1584,1349,0,1694,1007,3838,0,34,6,0,false,0,5299,63,-455412,0,1,809,1000,false,false,none,true,true,true,false,true
736,h500_e40000_s10000_k40_y50000,500,40000,10000,40,50000,19,3193,5578,1973,0,4271,1003,3819,-168,25,14,1,false,0,13257,164,-1229589,0,1,328,1000,false,false,none,true,true,true,false,true
737,h2000_e25000_s40000_k10_y50000,2000,25000,40000,10,50000,60,6427,NA,4215,0,9566,1389,3814,0,34,6,0,false,0,13299,212,-6446839,0,1,1536,1000,false,false,none,true,true,true,false,true
738,h3000_e20000_s2500_k10_y20000,3000,20000,2500,10,20000,19,2682,4222,1867,0,3635,1009,3812,0,35,5,0,false,0,5297,61,-1740104,0,1,2427,1002,false,false,none,true,true,true,false,true
739,h1000_e40000_s40000_k10_y50000,1000,40000,40000,10,50000,63,6380,NA,4257,0,9577,1379,3805,0,25,15,0,false,0,13300,212,-6487609,0,1,656,1000,false,false,none,true,true,true,false,true
740,h3000_e15000_s2500_k10_y20000,3000,15000,2500,10,20000,20,2490,3815,1884,0,3441,1028,3801,0,34,6,0,false,18,5288,61,-1732899,0,1,2549,1010,false,false,none,true,true,true,false,true
741,h1000_e20000_s10000_k40_y30000,1000,20000,10000,40,30000,18,2168,3064,1679,0,2898,1023,3796,-25,32,6,2,false,0,7953,98,-736221,0,1,809,1000,false,false,none,true,true,true,false,true
742,h1000_e10000_s2500_k40_y20000,1000,10000,2500,40,20000,14,778,874,1292,0,1064,1034,3787,0,30,10,0,false,78,5197,61,-513210,0,6,877,1020,false,false,none,true,true,true,false,true
743,h1500_e40000_s2500_k20_y20000,1500,40000,2500,20,20000,15,1732,2225,1435,0,2216,1000,3777,0,26,14,0,false,0,5298,61,-873769,0,1,984,1000,false,false,none,true,true,true,false,true
744,h3000_e25000_s5000_k20_y50000,3000,25000,5000,20,50000,18,4578,10996,2132,0,5823,1011,3768,-279,33,5,2,false,0,13248,155,-2274800,0,1,2304,1000,false,false,none,true,true,true,false,true
745,h300_e70000_s40000_k10_y50000,300,70000,40000,10,50000,63,6174,NA,4443,0,9539,1414,3764,0,26,14,0,false,0,13300,212,-6495980,0,0,143,1000,false,false,none,true,true,true,false,true
746,h2000_e25000_s5000_k10_y20000,2000,25000,5000,10,20000,23,2877,4710,1912,0,3882,1007,3759,-113,34,5,1,false,0,5299,63,-1821482,0,1,1536,1000,false,false,none,true,true,true,false,true
747,h2000_e20000_s2500_k20_y20000,2000,20000,2500,20,20000,14,1935,2557,1445,0,2423,1006,3745,0,34,6,0,false,0,5297,61,-871296,0,1,1618,1001,false,false,none,true,true,true,false,true
748,h2000_e100000_s20000_k10_y50000,2000,100000,20000,10,50000,58,6860,NA,3825,0,9772,1204,3732,0,17,23,0,false,0,13271,180,-5537810,0,0,697,1000,false,false,none,true,true,true,false,true
749,h2000_e25000_s5000_k40_y50000,2000,25000,5000,40,50000,15,3142,5143,1673,0,3882,1007,3720,-117,33,5,2,false,0,13248,155,-1138426,0,1,1536,1000,false,false,none,true,true,true,false,true
750,h2000_e25000_s5000_k20_y30000,2000,25000,5000,20,30000,18,3087,5053,1723,0,3882,1007,3705,-117,33,5,2,false,0,7949,94,-1366112,0,1,1536,1000,false,false,none,true,true,true,false,true
751,h700_e50000_s40000_k10_y50000,700,50000,40000,10,50000,61,6241,NA,4382,0,9553,1401,3702,0,25,15,0,false,0,13300,212,-6493280,0,1,413,1000,false,false,none,true,true,true,false,true
752,h5000_e10000_s10000_k10_y50000,5000,10000,10000,10,50000,33,5765,39763,3505,0,8188,1325,3689,0,34,6,0,false,7,12756,164,-4752824,0,10,4389,1099,false,false,none,true,true,true,false,true
753,h3000_e70000_s20000_k10_y50000,3000,70000,20000,10,50000,51,6860,NA,3825,0,9771,1205,3681,0,26,14,0,false,0,13271,180,-5537535,0,0,1434,1000,false,false,none,true,true,true,false,true
754,h1500_e20000_s5000_k40_y30000,1500,20000,5000,40,30000,14,2013,2704,1486,0,2541,1011,3681,0,34,6,0,false,0,7949,94,-682533,0,1,1213,1001,false,false,none,true,true,true,false,true
755,h1500_e10000_s2500_k40_y30000,1500,10000,2500,40,30000,15,1181,1415,1425,0,1597,1050,3665,0,30,10,0,false,52,7796,91,-766493,0,7,1316,1030,false,false,none,true,true,true,false,true
756,h3000_e15000_s10000_k20_y50000,3000,15000,10000,20,50000,22,5201,15801,2356,0,6590,1105,3654,0,34,6,0,false,15,13247,164,-2431044,0,1,2549,1010,false,false,none,true,true,true,false,true
757,h500_e25000_s5000_k40_y10000,500,25000,5000,40,10000,11,742,822,1207,0,970,1002,3653,0,35,5,0,false,0,2649,32,-227994,0,1,384,1000,false,false,none,true,true,true,false,true
758,h1000_e40000_s2500_k40_y20000,1000,40000,2500,40,20000,11,1229,1442,1223,0,1477,1000,3652,0,26,14,0,false,0,5298,61,-436906,0,1,656,1000,false,false,none,true,true,true,false,true
759,h1000_e10000_s5000_k40_y20000,1000,10000,5000,40,20000,18,893,1027,1370,0,1251,1047,3645,0,30,10,0,false,78,5199,63,-549333,0,6,877,1020,false,false,none,true,true,true,false,true
760,h3000_e50000_s20000_k10_y50000,3000,50000,20000,10,50000,51,6858,NA,3827,0,9804,1176,3641,0,26,14,0,false,0,13271,180,-5535060,0,0,1771,1000,false,false,none,true,true,true,false,true
761,h2000_e15000_s2500_k20_y20000,2000,15000,2500,20,20000,15,1793,2333,1469,0,2293,1019,3638,0,34,6,0,false,37,5291,61,-868902,0,1,1699,1007,false,false,none,true,true,true,false,true
762,h100_e70000_s10000_k40_y50000,100,70000,10000,40,50000,19,3050,5327,2102,0,4275,1000,3637,0,17,23,0,false,0,13257,164,-1229694,0,0,47,1000,false,false,none,true,true,true,false,true
763,h3000_e20000_s80000_k10_y50000,3000,20000,80000,10,50000,104,8134,NA,5664,0,9995,1945,3636,0,32,8,0,false,0,13357,277,-7511357,0,1,2427,1002,false,false,none,true,true,true,false,true
764,h3000_e25000_s2500_k10_y20000,3000,25000,2500,10,20000,18,2872,4654,1860,0,3824,1003,3633,0,35,5,0,false,0,5297,61,-1743778,0,1,2304,1000,false,false,none,true,true,true,false,true
765,h2000_e15000_s10000_k40_y50000,2000,15000,10000,40,50000,18,3385,6124,1978,0,4391,1072,3619,0,32,8,0,false,30,13250,164,-1220222,0,1,1699,1007,false,false,none,true,true,true,false,true
766,h2000_e15000_s20000_k20_y50000,2000,15000,20000,20,50000,29,6166,30843,2650,0,7820,1162,3611,-23,32,6,2,false,15,13264,180,-2740336,0,1,1699,1007,false,false,none,true,true,true,false,true
767,h3000_e20000_s2500_k20_y30000,3000,20000,2500,20,30000,14,2913,4586,1659,0,3635,1009,3611,0,34,6,0,false,0,7946,91,-1305078,0,1,2427,1002,false,false,none,true,true,true,false,true
768,h1500_e20000_s80000_k10_y50000,1500,20000,80000,10,50000,104,8000,NA,4963,0,9372,1670,3600,0,34,6,0,false,0,13357,277,-7628661,0,1,1213,1001,false,false,none,true,true,true,false,true
769,h3000_e25000_s80000_k10_y50000,3000,25000,80000,10,50000,104,8152,NA,5841,0,9998,2022,3598,0,32,8,0,false,0,13357,277,-7542620,0,1,2304,1000,false,false,none,true,true,true,false,true
770,h3000_e20000_s2500_k40_y50000,3000,20000,2500,40,50000,12,3013,4743,1569,0,3635,1009,3596,0,34,6,0,false,0,13244,151,-1087565,0,1,2427,1002,false,false,none,true,true,true,false,true
771,h3000_e20000_s40000_k10_y50000,3000,20000,40000,10,50000,60,6247,NA,4376,0,9482,1465,3593,0,34,6,0,false,0,13299,212,-6391955,0,1,2427,1002,false,false,none,true,true,true,false,true
772,h300_e15000_s5000_k40_y5000,300,15000,5000,40,5000,9,328,344,1106,0,441,1005,3589,0,32,8,0,false,302,1324,16,-113940,0,1,254,1001,false,false,none,true,true,true,false,true
773,h10000_e70000_s80000_k10_y50000,10000,70000,80000,10,50000,104,7529,NA,6110,0,9999,2432,3579,0,23,17,0,false,0,13358,277,-7560164,0,0,4782,1000,false,false,none,true,true,true,false,true
774,h100_e100000_s40000_k10_y50000,100,100000,40000,10,50000,60,6174,NA,4442,0,9517,1433,3578,0,17,23,0,false,0,13300,212,-6496316,0,0,34,1000,false,false,none,true,true,true,false,true
775,h3000_e25000_s5000_k10_y30000,3000,25000,5000,10,30000,22,4340,10425,2346,0,5823,1011,3572,-294,34,5,1,false,0,7949,94,-2729760,0,1,2304,1000,false,false,none,true,true,true,false,true
776,h10000_e20000_s20000_k5_y50000,10000,20000,20000,5,50000,74,8611,NA,4461,0,9997,1441,3534,0,34,6,0,false,3,13269,180,-10731263,0,1,8092,1006,false,false,none,true,true,true,false,true
777,h10000_e50000_s80000_k10_y50000,10000,50000,80000,10,50000,104,7528,NA,6112,0,9999,2452,3530,0,32,8,0,false,0,13358,277,-7417472,0,0,5904,1000,false,false,none,true,true,true,false,true
778,h5000_e15000_s20000_k10_y50000,5000,15000,20000,10,50000,41,7005,NA,3694,0,9621,1340,3528,0,34,6,0,false,7,13255,180,-5396495,0,1,4249,1017,false,false,none,true,true,true,false,true
779,h3000_e15000_s2500_k20_y30000,3000,15000,2500,20,30000,15,2720,4168,1676,0,3441,1028,3512,0,34,6,0,false,25,7937,91,-1299674,0,1,2549,1010,false,false,none,true,true,true,false,true
780,h700_e20000_s2500_k40_y10000,700,20000,2500,40,10000,8,692,756,1142,0,848,1002,3510,0,34,6,0,false,0,2648,31,-218252,0,1,566,1000,false,false,none,true,true,true,false,true
781,h300_e20000_s5000_k40_y5000,300,20000,5000,40,5000,8,392,413,1106,0,508,1002,3510,0,34,6,0,false,0,1324,16,-113991,0,1,242,1000,false,false,none,true,true,true,false,true
782,h5000_e30000_s80000_k10_y50000,5000,30000,80000,10,50000,104,7565,NA,6119,0,9999,2251,3508,0,32,8,0,false,0,13357,277,-7453449,0,1,3644,1000,false,false,none,true,true,true,false,true
783,h1500_e10000_s5000_k40_y30000,1500,10000,5000,40,30000,18,1364,1697,1533,0,1878,1070,3508,0,30,10,0,false,52,7799,94,-819982,0,7,1316,1030,false,false,none,true,true,true,false,true
784,h500_e70000_s5000_k20_y30000,500,70000,5000,20,30000,22,2462,3633,1684,0,3222,1000,3500,-6861,14,23,3,false,0,7950,94,-1368578,0,0,239,1000,false,false,none,true,true,true,false,true
785,h3000_e15000_s10000_k10_y30000,3000,15000,10000,10,30000,26,5064,15385,2479,0,6590,1105,3497,0,34,6,0,false,12,7944,98,-2917253,0,1,2549,1010,false,false,none,true,true,true,false,true
786,h5000_e25000_s80000_k10_y50000,5000,25000,80000,10,50000,104,7561,NA,6126,0,9998,2225,3494,0,32,8,0,false,0,13357,277,-7408969,0,1,3841,1000,false,false,none,true,true,true,false,true
787,h5000_e40000_s80000_k10_y50000,5000,40000,80000,10,50000,104,7527,NA,6113,0,9999,2284,3493,0,32,8,0,false,0,13358,277,-7525882,0,1,3280,1000,false,false,none,true,true,true,false,true
788,h1500_e40000_s2500_k40_y30000,1500,40000,2500,40,30000,12,1851,2378,1328,0,2216,1000,3488,0,26,14,0,false,0,7947,91,-655327,0,1,984,1000,false,false,none,true,true,true,false,true
789,h1500_e25000_s5000_k20_y20000,1500,25000,5000,20,20000,16,2297,3244,1558,0,2911,1005,3486,0,35,5,0,false,0,5299,63,-911152,0,1,1152,1000,false,false,none,true,true,true,false,true
790,h5000_e20000_s20000_k10_y50000,5000,20000,20000,10,50000,41,6942,NA,3751,0,9692,1276,3480,0,34,6,0,false,0,13270,180,-5450590,0,1,4046,1003,false,false,none,true,true,true,false,true
791,h5000_e20000_s80000_k10_y50000,5000,20000,80000,10,50000,104,7525,NA,6137,0,9992,2187,3476,0,32,8,0,false,0,13357,277,-7357925,0,1,4046,1003,false,false,none,true,true,true,false,true
792,h3000_e15000_s2500_k40_y50000,3000,15000,2500,40,50000,13,2793,4280,1611,0,3441,1028,3458,0,34,6,0,false,30,13235,151,-1083062,0,1,2549,1010,false,false,none,true,true,true,false,true
793,h2000_e50000_s2500_k20_y30000,2000,50000,2500,20,30000,16,2538,3764,1647,0,3257,1000,3454,-360,25,14,1,false,0,7947,91,-1310777,0,0,1180,1000,false,false,none,true,true,true,false,true
794,h2000_e50000_s2500_k40_y50000,2000,50000,2500,40,50000,13,2655,3938,1542,0,3257,1000,3443,-348,24,14,2,false,0,13245,151,-1092314,0,0,1180,1000,false,false,none,true,true,true,false,true
795,h2000_e20000_s2500_k40_y30000,2000,20000,2500,40,30000,11,2007,2652,1380,0,2423,1006,3426,0,34,6,0,false,0,7946,91,-653472,0,1,1618,1001,false,false,none,true,true,true,false,true
796,h1000_e25000_s5000_k40_y20000,1000,25000,5000,40,20000,12,1530,1900,1373,0,1941,1003,3421,0,35,5,0,false,0,5299,63,-455782,0,1,768,1000,false,false,none,true,true,true,false,true
797,h2000_e30000_s2500_k20_y20000,2000,30000,2500,20,20000,13,2194,2998,1436,0,2679,1001,3415,0,35,5,0,false,0,5297,61,-873207,0,1,1457,1000,false,false,none,true,true,true,false,true
798,h5000_e15000_s80000_k10_y50000,5000,15000,80000,10,50000,104,7461,NA,6073,0,9966,2163,3406,0,31,9,0,false,7,13341,277,-7299604,0,1,4249,1017,false,false,none,true,true,true,false,true
799,h700_e20000_s80000_k20_y50000,700,20000,80000,20,50000,58,6758,NA,3917,0,9518,1432,3406,0,34,6,0,false,0,13357,277,-3845999,0,1,566,1000,false,false,none,true,true,true,false,true
800,h5000_e20000_s2500_k20_y50000,5000,20000,2500,20,50000,14,4878,12437,2078,0,6059,1016,3404,0,34,6,0,false,0,13244,151,-2168679,0,1,4046,1003,false,false,none,true,true,true,false,true
801,h5000_e25000_s20000_k10_y50000,5000,25000,20000,10,50000,41,6820,NA,3861,0,9724,1248,3394,-120,32,6,2,false,0,13270,180,-5484169,0,1,3841,1000,false,false,none,true,true,true,false,true
802,h3000_e30000_s2500_k10_y20000,3000,30000,2500,10,20000,17,3067,5129,1857,0,4018,1001,3379,0,35,5,0,false,0,5297,61,-1745675,0,1,2186,1000,false,false,none,true,true,true,false,true
803,h1000_e30000_s10000_k40_y50000,1000,30000,10000,40,50000,16,3869,7740,2017,0,4987,1011,3370,-268,34,5,1,false,0,13256,164,-1228907,0,1,728,1000,false,false,none,true,true,true,false,true
804,h2000_e25000_s2500_k40_y30000,2000,25000,2500,40,30000,10,2144,2879,1367,0,2549,1002,3348,0,35,5,0,false,0,7946,91,-654418,0,1,1536,1000,false,false,none,true,true,true,false,true
805,h5000_e20000_s2500_k10_y30000,5000,20000,2500,10,30000,17,4655,11869,2279,0,6059,1016,3330,0,35,5,0,false,0,7946,91,-2602415,0,1,4046,1003,false,false,none,true,true,true,false,true
806,h5000_e15000_s2500_k20_y50000,5000,15000,2500,20,50000,15,4559,10824,2106,0,5736,1046,3324,0,34,6,0,false,15,13229,151,-2153954,0,1,4249,1017,false,false,none,true,true,true,false,true
807,h10000_e10000_s160000_k5_y50000,10000,10000,160000,5,50000,372,8829,NA,6924,0,9898,3790,3317,0,29,11,0,false,4,12458,404,-17517280,0,14,8783,1194,false,false,none,true,true,true,false,true
808,h5000_e15000_s160000_k10_y50000,5000,15000,160000,10,50000,186,6954,NA,6522,0,9919,2904,3290,0,29,11,0,false,7,13457,404,-8229132,0,1,4249,1017,false,false,none,true,true,true,false,true
809,h1500_e15000_s10000_k20_y20000,1500,15000,10000,20,20000,21,2463,3706,1801,0,3292,1055,3288,0,34,6,0,false,37,5298,66,-978065,0,1,1274,1005,false,false,none,true,true,true,false,true
810,h700_e15000_s2500_k40_y10000,700,15000,2500,40,10000,9,637,694,1155,0,802,1006,3288,0,32,8,0,false,151,2646,31,-218029,0,1,594,1002,false,false,none,true,true,true,false,true
811,h5000_e15000_s2500_k10_y30000,5000,15000,2500,10,30000,18,4336,10296,2306,0,5736,1046,3272,0,34,6,0,false,12,7931,91,-2584744,0,1,4249,1017,false,false,none,true,true,true,false,true
812,h3000_e30000_s2500_k20_y30000,3000,30000,2500,20,30000,13,3298,5516,1649,0,4018,1001,3264,0,35,5,0,false,0,7946,91,-1309256,0,1,2186,1000,false,false,none,true,true,true,false,true
813,h1500_e25000_s5000_k40_y30000,1500,25000,5000,40,30000,12,2349,3317,1511,0,2911,1005,3260,-5,33,6,1,false,0,7949,94,-683364,0,1,1152,1000,false,false,none,true,true,true,false,true
814,h3000_e10000_s20000_k20_y50000,3000,10000,20000,20,50000,28,5491,22504,2862,0,7189,1333,3258,0,31,9,0,false,15,12970,180,-2699635,0,9,2633,1060,false,false,none,true,true,true,false,true
815,h100_e25000_s20000_k40_y5000,100,25000,20000,40,5000,14,750,834,1231,0,999,1007,3257,-714,23,15,2,false,0,1327,18,-138422,0,1,76,1000,false,false,none,true,true,true,false,true
816,h2000_e10000_s80000_k20_y50000,2000,10000,80000,20,50000,54,6738,NA,3935,0,9273,1654,3250,0,31,9,0,false,15,13156,277,-3768628,0,8,1755,1040,false,false,none,true,true,true,false,true
817,h5000_e10000_s160000_k10_y50000,5000,10000,160000,10,50000,186,6773,NA,6613,0,9726,2877,3240,0,29,11,0,false,7,12966,404,-10340726,0,10,4389,1099,false,false,none,true,true,true,false,true
818,h3000_e30000_s2500_k40_y50000,3000,30000,2500,40,50000,11,3415,5712,1544,0,4018,1001,3240,0,35,5,0,false,0,13244,151,-1091047,0,1,2186,1000,false,false,none,true,true,true,false,true
819,h2000_e15000_s2500_k40_y30000,2000,15000,2500,40,30000,11,1859,2419,1410,0,2293,1019,3237,0,34,6,0,false,50,7940,91,-651677,0,1,1699,1007,false,false,none,true,true,true,false,true
820,h300_e25000_s5000_k40_y5000,300,25000,5000,40,5000,8,463,492,1108,0,582,1001,3227,0,33,7,0,false,0,1324,16,-114015,0,1,230,1000,false,false,none,true,true,true,false,true
821,h500_e30000_s5000_k40_y10000,500,30000,5000,40,10000,10,877,986,1210,0,1110,1001,3225,0,26,14,0,false,0,2649,32,-228037,0,1,364,1000,false,false,none,true,true,true,false,true
822,h300_e10000_s2500_k40_y5000,300,10000,2500,40,5000,7,232,240,1088,0,319,1010,3222,0,30,10,0,false,316,1294,16,-154914,0,3,263,1006,false,false,none,true,true,true,false,true
823,h5000_e100000_s20000_k10_y50000,5000,100000,20000,10,50000,41,6818,NA,3863,0,9713,1257,3220,0,17,23,0,false,0,13271,180,-5537795,0,0,1743,1000,false,false,none,true,true,true,false,true
824,h10000_e30000_s5000_k10_y50000,10000,30000,5000,10,50000,30,7586,NA,3172,0,9977,1020,3219,0,35,5,0,false,0,13248,155,-4540316,0,1,7289,1000,false,false,none,true,true,true,false,true
825,h5000_e10000_s40000_k10_y50000,5000,10000,40000,10,50000,60,5997,NA,4601,0,9110,1800,3216,0,31,9,0,false,7,12798,212,-6157557,0,10,4389,1099,false,false,none,true,true,true,false,true
826,h10000_e25000_s5000_k10_y50000,10000,25000,5000,10,50000,28,7575,NA,3181,0,9958,1037,3210,0,35,5,0,false,0,13248,155,-4521033,0,1,7682,1001,false,false,none,true,true,true,false,true
827,h1000_e50000_s2500_k40_y20000,1000,50000,2500,40,20000,10,1384,1654,1219,0,1628,1000,3167,0,26,14,0,false,0,5298,61,-436937,0,1,590,1000,false,false,none,true,true,true,false,true
828,h10000_e25000_s2500_k10_y50000,10000,25000,2500,10,50000,26,7907,NA,2883,0,9986,1012,3163,-66,34,5,1,false,0,13244,151,-4336446,0,1,7682,1001,false,false,none,true,true,true,false,true
829,h10000_e30000_s80000_k10_y50000,10000,30000,80000,10,50000,104,7514,NA,6128,0,9999,2502,3159,0,32,8,0,false,0,13357,277,-7171174,0,1,7289,1000,false,false,none,true,true,true,false,true
830,h2000_e30000_s5000_k40_y50000,2000,30000,5000,40,50000,13,3679,6623,1688,0,4440,1004,3156,-678,33,5,2,false,0,13248,155,-1139399,0,1,1457,1000,false,false,none,true,true,true,false,true
831,h5000_e10000_s80000_k10_y50000,5000,10000,80000,10,50000,104,7405,NA,5815,0,9844,2242,3146,0,31,9,0,false,7,12854,277,-7232766,0,10,4389,1099,false,false,none,true,true,true,false,true
832,h1500_e15000_s80000_k20_y50000,1500,15000,80000,20,50000,52,6741,NA,3932,0,9362,1573,3139,0,32,8,0,false,14,13353,277,-3805175,0,1,1274,1005,false,false,none,true,true,true,false,true
833,h1500_e15000_s20000_k20_y30000,1500,15000,20000,20,30000,23,4485,11215,2363,0,5860,1126,3136,-2,32,6,2,false,25,7958,108,-1648458,0,1,1274,1005,false,false,none,true,true,true,false,true
834,h2000_e15000_s5000_k20_y20000,2000,15000,5000,20,20000,16,2299,3276,1613,0,2942,1034,3136,0,34,6,0,false,37,5293,63,-906569,0,1,1699,1007,false,false,none,true,true,true,false,true
835,h1500_e20000_s2500_k40_y20000,1500,20000,2500,40,20000,9,1513,1851,1278,0,1817,1004,3133,0,34,6,0,false,0,5297,61,-435973,0,1,1213,1001,false,false,none,true,true,true,false,true
836,h1500_e10000_s10000_k40_y30000,1500,10000,10000,40,30000,21,1791,2409,1695,0,2443,1109,3129,0,30,10,0,false,52,7803,98,-926517,0,7,1316,1030,false,false,none,true,true,true,false,true
837,h300_e10000_s5000_k40_y5000,300,10000,5000,40,5000,10,270,281,1108,0,375,1014,3125,0,30,10,0,false,316,1294,16,-165926,0,3,263,1006,false,false,none,true,true,true,false,true
838,h2000_e10000_s20000_k40_y50000,2000,10000,20000,40,50000,25,3639,7336,2260,0,4779,1234,3121,0,31,9,0,false,31,13070,180,-1505170,0,8,1755,1040,false,false,none,true,true,true,false,true
839,h2000_e30000_s5000_k20_y30000,2000,30000,5000,20,30000,15,3634,6542,1729,0,4440,1004,3118,-752,33,5,2,false,0,7949,94,-1367279,0,1,1457,1000,false,false,none,true,true,true,false,true
840,h10000_e20000_s2500_k10_y50000,10000,20000,2500,10,50000,24,7771,NA,3005,0,9964,1031,3110,0,34,6,0,false,7,13243,151,-4305907,0,1,8092,1006,false,false,none,true,true,true,false,true
841,h5000_e15000_s40000_k10_y50000,5000,15000,40000,10,50000,60,7619,NA,4802,0,9268,1657,3105,0,32,8,0,false,7,13284,212,-6254003,0,1,4249,1017,false,false,none,true,true,true,false,true
842,h2000_e40000_s5000_k10_y30000,2000,40000,5000,10,30000,23,4311,10266,2340,0,5799,1001,3104,-1166,24,14,2,false,0,7950,94,-2736363,0,1,1312,1000,false,false,none,true,true,true,false,true
843,h2000_e10000_s20000_k20_y30000,2000,10000,20000,20,30000,30,3512,7081,2374,0,4779,1234,3102,0,31,9,0,false,25,7762,108,-1633484,0,8,1755,1040,false,false,none,true,true,true,false,true
844,h3000_e10000_s2500_k10_y20000,3000,10000,2500,10,20000,21,2254,3369,1947,0,3196,1099,3102,0,33,7,0,false,20,4997,61,-1719141,0,9,2633,1060,false,false,none,true,true,true,false,true
845,h1000_e20000_s20000_k20_y30000,1000,20000,20000,20,30000,22,4819,13206,2377,0,6268,1073,3089,-54,33,6,1,false,0,7962,108,-1656080,0,1,809,1000,false,false,none,true,true,true,false,true
846,h10000_e30000_s10000_k10_y50000,10000,30000,10000,10,50000,32,7385,NA,3352,0,9891,1097,3085,0,34,6,0,false,0,13256,164,-4885647,0,1,7289,1000,false,false,none,true,true,true,false,true
847,h700_e30000_s10000_k40_y30000,700,30000,10000,40,30000,15,2745,4224,1679,0,3491,1008,3085,-853,22,14,4,false,0,7953,98,-737466,0,1,510,1000,false,false,none,true,true,true,false,true
848,h500_e40000_s160000_k20_y50000,500,40000,160000,20,50000,93,8559,NA,5088,0,9999,2389,3084,0,32,8,0,false,0,13474,404,-4457324,0,1,328,1000,false,false,none,true,true,true,false,true
849,h10000_e20000_s5000_k10_y50000,10000,20000,5000,10,50000,26,7550,NA,3204,0,9918,1072,3084,-76,32,6,2,false,7,13247,155,-4485478,0,1,8092,1006,false,false,none,true,true,true,false,true
850,h2000_e15000_s40000_k20_y50000,2000,15000,40000,20,50000,37,7190,NA,3528,0,9610,1350,3079,0,32,8,0,false,15,13293,212,-3198895,0,1,1699,1007,false,false,none,true,true,true,false,true
851,h500_e50000_s160000_k20_y50000,500,50000,160000,20,50000,93,8560,NA,5324,0,9999,2535,3063,0,23,17,0,false,0,13474,404,-4438849,0,1,295,1000,false,false,none,true,true,true,false,true
852,h300_e70000_s160000_k20_y50000,300,70000,160000,20,50000,93,8561,NA,5458,0,9999,2625,3057,-43,21,17,2,false,0,13474,404,-4444620,0,0,143,1000,false,false,none,true,true,true,false,true
853,h1500_e50000_s5000_k10_y30000,1500,50000,5000,10,30000,24,4188,9689,2340,0,5676,1000,3057,-1001,24,14,2,false,0,7950,94,-2737022,0,0,885,1000,false,false,none,true,true,true,false,true
854,h10000_e25000_s10000_k10_y50000,10000,25000,10000,10,50000,30,7369,NA,3367,0,9854,1130,3049,0,34,6,0,false,0,13256,164,-4859745,0,1,7682,1001,false,false,none,true,true,true,false,true
855,h700_e40000_s160000_k20_y50000,700,40000,160000,20,50000,93,8558,NA,5252,0,9999,2480,3048,0,32,8,0,false,0,13474,404,-4427766,0,1,459,1000,false,false,none,true,true,true,false,true
856,h300_e30000_s10000_k40_y10000,300,30000,10000,40,10000,12,1199,1410,1270,0,1496,1003,3047,-567,23,14,3,false,0,2651,33,-245899,0,1,218,1000,false,false,none,true,true,true,false,true
857,h1500_e20000_s40000_k20_y50000,1500,20000,40000,20,50000,39,7087,NA,3621,0,9671,1295,3045,-3,32,6,2,false,0,13299,212,-3221922,0,1,1213,1001,false,false,none,true,true,true,false,true
858,h1500_e15000_s10000_k40_y30000,1500,15000,10000,40,30000,16,2595,3904,1683,0,3292,1055,3034,0,32,8,0,false,50,7949,98,-733549,0,1,1274,1005,false,false,none,true,true,true,false,true
859,h1000_e25000_s10000_k20_y20000,1000,25000,10000,20,20000,18,2868,4644,1859,0,3806,1015,3025,-708,32,5,3,false,0,5302,66,-982567,0,1,768,1000,false,false,none,true,true,true,false,true
860,h10000_e25000_s80000_k10_y50000,10000,25000,80000,10,50000,104,7498,NA,6141,0,9996,2529,3020,0,31,9,0,false,0,13357,277,-7086302,0,1,7682,1001,false,false,none,true,true,true,false,true
861,h100_e100000_s160000_k20_y50000,100,100000,160000,20,50000,93,8561,NA,5470,0,9999,2653,3017,0,23,17,0,false,0,13474,404,-4474885,0,0,34,1000,false,false,none,true,true,true,false,true
862,h10000_e30000_s40000_k10_y50000,10000,30000,40000,10,50000,60,8578,NA,5261,0,9999,1837,3016,0,32,8,0,false,0,13299,212,-6323572,0,1,7289,1000,false,false,none,true,true,true,false,true
863,h10000_e25000_s40000_k10_y50000,10000,25000,40000,10,50000,60,8375,NA,5261,0,9999,1854,3012,0,32,8,0,false,0,13299,212,-6254003,0,1,7682,1001,false,false,none,true,true,true,false,true
864,h700_e50000_s160000_k20_y50000,700,50000,160000,20,50000,93,8559,NA,5478,0,9999,2612,3011,0,23,17,0,false,0,13474,404,-4401963,0,1,413,1000,false,false,none,true,true,true,false,true
865,h3000_e15000_s5000_k20_y30000,3000,15000,5000,20,30000,15,3534,6394,1844,0,4415,1051,3007,0,34,6,0,false,25,7940,94,-1355523,0,1,2549,1010,false,false,none,true,true,true,false,true
866,h3000_e15000_s5000_k40_y50000,3000,15000,5000,40,50000,13,3565,6450,1815,0,4415,1051,2992,0,32,8,0,false,30,13239,155,-1129603,0,1,2549,1010,false,false,none,true,true,true,false,true
867,h700_e40000_s5000_k40_y20000,700,40000,5000,40,20000,12,1587,1991,1398,0,2029,1000,2990,-1123,24,14,2,false,0,5300,63,-456156,0,1,459,1000,false,false,none,true,true,true,false,true
868,h500_e50000_s5000_k40_y20000,500,50000,5000,40,20000,13,1453,1792,1395,0,1892,1000,2990,-4173,14,23,3,false,0,5300,63,-456186,0,1,295,1000,false,false,none,true,true,true,false,true
869,h500_e70000_s160000_k20_y50000,500,70000,160000,20,50000,93,8561,NA,5595,0,9999,2710,2986,0,23,17,0,false,0,13474,404,-4387026,0,0,239,1000,false,false,none,true,true,true,false,true
870,h1500_e30000_s5000_k20_y20000,1500,30000,5000,20,20000,14,2690,4036,1578,0,3330,1003,2985,-470,33,5,2,false,0,5299,63,-911712,0,1,1093,1000,false,false,none,true,true,true,false,true
871,h2000_e20000_s5000_k20_y20000,2000,20000,5000,20,20000,14,2729,4139,1608,0,3388,1015,2981,0,34,6,0,false,0,5299,63,-909314,0,1,1618,1001,false,false,none,true,true,true,false,true
872,h1500_e25000_s10000_k40_y50000,1500,25000,10000,40,50000,13,4544,10656,2072,0,5709,1023,2971,-186,34,5,1,false,0,13256,164,-1227493,0,1,1152,1000,false,false,none,true,true,true,false,true
873,h1000_e40000_s160000_k20_y50000,1000,40000,160000,20,50000,93,8556,NA,5414,0,9999,2581,2968,0,32,8,0,false,0,13474,404,-4383562,0,1,656,1000,false,false,none,true,true,true,false,true
874,h1000_e30000_s5000_k40_y20000,1000,30000,5000,40,20000,11,1770,2275,1407,0,2220,1002,2964,-99,33,5,2,false,0,5299,63,-455977,0,1,728,1000,false,false,none,true,true,true,false,true
875,h10000_e20000_s10000_k10_y50000,10000,20000,10000,10,50000,28,7296,NA,3433,0,9793,1186,2961,0,34,6,0,false,7,13255,164,-4813953,0,1,8092,1006,false,false,none,true,true,true,false,true
876,h100_e70000_s5000_k40_y5000,100,70000,5000,40,5000,7,526,563,1105,0,644,1000,2942,-340,13,25,2,false,0,1325,16,-114049,0,0,47,1000,false,false,none,true,true,true,false,true
877,h10000_e20000_s40000_k10_y50000,10000,20000,40000,10,50000,60,8182,NA,5261,0,9994,1892,2931,0,32,8,0,false,7,13298,212,-6157557,0,1,8092,1006,false,false,none,true,true,true,false,true
878,h1500_e15000_s2500_k40_y20000,1500,15000,2500,40,20000,10,1393,1685,1308,0,1720,1014,2927,0,32,8,0,false,75,5293,61,-435080,0,1,1274,1005,false,false,none,true,true,true,false,true
879,h2000_e10000_s2500_k20_y20000,2000,10000,2500,20,20000,16,1591,2041,1551,0,2130,1067,2924,0,30,10,0,false,39,5097,61,-1017597,0,8,1755,1040,false,false,none,true,true,true,false,true
880,h700_e15000_s5000_k40_y10000,700,15000,5000,40,10000,11,807,901,1212,0,1029,1012,2923,0,32,8,0,false,151,2647,32,-227585,0,1,594,1002,false,false,none,true,true,true,false,true
881,h300_e100000_s160000_k20_y50000,300,100000,160000,20,50000,93,8561,NA,5719,0,9999,2784,2907,-404,21,17,2,false,0,13474,404,-4362369,0,0,104,1000,false,false,none,true,true,true,false,true
882,h1000_e30000_s40000_k20_y50000,1000,30000,40000,20,50000,39,7046,NA,3657,0,9674,1292,2907,0,34,6,0,false,0,13299,212,-3239383,0,1,728,1000,false,false,none,true,true,true,false,true
883,h2000_e20000_s10000_k40_y50000,2000,20000,10000,40,50000,13,4648,11195,2080,0,5798,1045,2905,-85,32,6,2,false,0,13256,164,-1224381,0,1,1618,1001,false,false,none,true,true,true,false,true
884,h500_e20000_s10000_k40_y10000,500,20000,10000,40,10000,13,1165,1365,1266,0,1448,1011,2905,0,34,6,0,false,0,2651,33,-245679,0,1,404,1000,false,false,none,true,true,true,false,true
885,h100_e40000_s10000_k40_y5000,100,40000,10000,40,5000,10,668,731,1167,0,854,1000,2903,-1208,13,25,2,false,0,1326,17,-122968,0,1,65,1000,false,false,none,true,true,true,false,true
886,h1000_e25000_s10000_k40_y30000,1000,25000,10000,40,30000,14,3068,4968,1679,0,3806,1015,2895,-411,31,6,3,false,0,7953,98,-736925,0,1,768,1000,false,false,none,true,true,true,false,true
887,h3000_e20000_s10000_k20_y50000,3000,20000,10000,20,50000,21,7211,58742,2404,0,8699,1065,2882,-109,32,6,2,false,0,13256,164,-2443470,0,1,2427,1002,false,false,none,true,true,true,false,true
888,h10000_e20000_s80000_k10_y50000,10000,20000,80000,10,50000,104,7465,NA,6177,0,9984,2569,2881,0,31,9,0,false,7,13356,277,-6989847,0,1,8092,1006,false,false,none,true,true,true,false,true
889,h1000_e40000_s5000_k40_y30000,1000,40000,5000,40,30000,12,2340,3296,1503,0,2899,1000,2880,-1863,23,14,3,false,0,7950,94,-684209,0,1,656,1000,false,false,none,true,true,true,false,true
890,h1500_e30000_s160000_k20_y50000,1500,30000,160000,20,50000,93,8546,NA,5389,0,9999,2549,2879,0,32,8,0,false,0,13473,404,-4354213,0,1,1093,1000,false,false,none,true,true,true,false,true
891,h700_e20000_s5000_k40_y10000,700,20000,5000,40,10000,10,957,1086,1211,0,1185,1005,2878,0,34,6,0,false,0,2649,32,-227821,0,1,566,1000,false,false,none,true,true,true,false,true
892,h300_e30000_s5000_k40_y5000,300,30000,5000,40,5000,7,545,584,1109,0,666,1000,2876,0,26,14,0,false,0,1324,16,-114034,0,1,218,1000,false,false,none,true,true,true,false,true
893,h1000_e50000_s160000_k20_y50000,1000,50000,160000,20,50000,93,8559,NA,5595,0,9999,2695,2871,0,32,8,0,false,0,13474,404,-4346892,0,1,590,1000,false,false,none,true,true,true,false,true
894,h100_e50000_s10000_k40_y10000,100,50000,10000,40,10000,13,1157,1356,1273,0,1461,1000,2866,-5804,14,25,1,false,0,2652,33,-245938,0,0,59,1000,false,false,none,true,true,true,false,true
895,h3000_e40000_s2500_k10_y20000,3000,40000,2500,10,20000,16,3493,6275,1844,0,4432,1000,2865,-264,25,14,1,false,0,5298,61,-1747181,0,1,1968,1000,false,false,none,true,true,true,false,true
896,h3000_e20000_s5000_k40_y50000,3000,20000,5000,40,50000,11,4235,8659,1786,0,5083,1023,2864,0,34,6,0,false,0,13248,155,-1134700,0,1,2427,1002,false,false,none,true,true,true,false,true
897,h700_e40000_s2500_k40_y10000,700,40000,2500,40,10000,7,882,984,1136,0,1034,1000,2859,0,26,14,0,false,0,2649,31,-218460,0,1,459,1000,false,false,none,true,true,true,false,true
898,h3000_e10000_s5000_k10_y20000,3000,10000,5000,10,20000,23,2769,4552,2030,0,3762,1137,2850,0,32,8,0,false,20,4999,63,-1792227,0,9,2633,1060,false,false,none,true,true,true,false,true
899,h3000_e20000_s5000_k20_y30000,3000,20000,5000,20,30000,13,4191,8570,1825,0,5083,1023,2846,0,34,6,0,false,0,7949,94,-1361640,0,1,2427,1002,false,false,none,true,true,true,false,true
900,h10000_e15000_s5000_k10_y50000,10000,15000,5000,10,50000,24,7485,NA,3262,0,9826,1156,2833,0,34,6,0,false,7,13217,155,-4419912,0,1,8499,1035,false,false,none,true,true,true,false,true
901,h2000_e20000_s40000_k20_y50000,2000,20000,40000,20,50000,34,7040,NA,3663,0,9600,1359,2829,-3,32,6,2,false,0,13299,212,-3213241,0,1,1618,1001,false,false,none,true,true,true,false,true
902,h10000_e15000_s2500_k10_y50000,10000,15000,2500,10,50000,22,7771,NA,3005,0,9899,1090,2825,0,34,6,0,false,7,13213,151,-4248124,0,1,8499,1035,false,false,none,true,true,true,false,true
903,h2000_e15000_s5000_k40_y30000,2000,15000,5000,40,30000,12,2331,3322,1584,0,2942,1034,2820,0,32,8,0,false,50,7943,94,-679927,0,1,1699,1007,false,false,none,true,true,true,false,true
904,h10000_e25000_s160000_k10_y50000,10000,25000,160000,10,50000,186,9010,NA,6703,0,9999,3399,2819,0,29,11,0,false,0,13473,404,-7885511,0,1,7682,1001,false,false,none,true,true,true,false,true
905,h10000_e20000_s160000_k10_y50000,10000,20000,160000,10,50000,186,8929,NA,6804,0,9998,3459,2817,0,27,13,0,false,7,13472,404,-7885511,0,1,8092,1006,false,false,none,true,true,true,false,true
906,h3000_e10000_s2500_k20_y30000,3000,10000,2500,20,30000,16,2430,3631,1789,0,3196,1099,2815,0,30,10,0,false,26,7646,91,-1513375,0,9,2633,1060,false,false,none,true,true,true,false,true
907,h5000_e15000_s5000_k20_y50000,5000,15000,5000,20,50000,15,6071,23845,2244,0,7361,1083,2813,0,34,6,0,false,15,13233,155,-2244883,0,1,4249,1017,false,false,none,true,true,true,false,true
908,h1500_e30000_s5000_k40_y30000,1500,30000,5000,40,30000,11,2728,4092,1545,0,3330,1003,2794,-362,33,5,2,false,0,7949,94,-683784,0,1,1093,1000,false,false,none,true,true,true,false,true
909,h2000_e25000_s160000_k20_y50000,2000,25000,160000,20,50000,93,8532,NA,5419,0,9996,2562,2773,0,31,9,0,false,0,13473,404,-4320440,0,1,1536,1000,false,false,none,true,true,true,false,true
910,h1000_e30000_s40000_k10_y30000,1000,30000,40000,10,30000,46,6792,NA,3887,0,9674,1292,2769,0,34,6,0,false,0,7979,128,-3887260,0,1,728,1000,false,false,none,true,true,true,false,true
911,h3000_e10000_s2500_k40_y50000,3000,10000,2500,40,50000,13,2464,3682,1758,0,3196,1099,2764,0,30,10,0,false,31,12944,151,-1513375,0,9,2633,1060,false,false,none,true,true,true,false,true
912,h2000_e10000_s5000_k20_y20000,2000,10000,5000,20,20000,18,1848,2501,1685,0,2506,1093,2754,0,30,10,0,false,39,5099,63,-1088091,0,8,1755,1040,false,false,none,true,true,true,false,true
913,h1500_e40000_s160000_k20_y50000,1500,40000,160000,20,50000,93,8554,NA,5641,0,9999,2699,2749,0,32,8,0,false,0,13474,404,-4310386,0,1,984,1000,false,false,none,true,true,true,false,true
914,h10000_e15000_s10000_k10_y50000,10000,15000,10000,10,50000,26,7148,NA,3565,0,9672,1295,2741,0,32,8,0,false,7,13225,164,-4733885,0,1,8499,1035,false,false,none,true,true,true,false,true
915,h2000_e20000_s5000_k40_y30000,2000,20000,5000,40,30000,11,2767,4197,1574,0,3388,1015,2734,0,34,6,0,false,0,7949,94,-681986,0,1,1618,1001,false,false,none,true,true,true,false,true
916,h5000_e15000_s5000_k10_y30000,5000,15000,5000,10,30000,18,5905,23194,2393,0,7361,1083,2729,0,34,6,0,false,12,7934,94,-2693860,0,1,4249,1017,false,false,none,true,true,true,false,true
917,h2000_e15000_s80000_k20_y50000,2000,15000,80000,20,50000,52,6729,NA,3943,0,9234,1689,2720,0,32,8,0,false,14,13351,277,-3782567,0,1,1699,1007,false,false,none,true,true,true,false,true
918,h3000_e40000_s2500_k40_y50000,3000,40000,2500,40,50000,10,3829,6878,1542,0,4432,1000,2718,-246,24,14,2,false,0,13245,151,-1091988,0,1,1968,1000,false,false,none,true,true,true,false,true
919,h3000_e20000_s10000_k10_y30000,3000,20000,10000,10,30000,25,7120,57997,2486,0,8699,1065,2716,-213,33,5,2,false,0,7953,98,-2932164,0,1,2427,1002,false,false,none,true,true,true,false,true
920,h3000_e40000_s2500_k20_y30000,3000,40000,2500,20,30000,12,3712,6667,1647,0,4432,1000,2713,-255,24,14,2,false,0,7947,91,-1310386,0,1,1968,1000,false,false,none,true,true,true,false,true
921,h10000_e15000_s160000_k10_y50000,10000,15000,160000,10,50000,186,8871,NA,6871,0,9988,3561,2709,0,27,13,0,false,7,13441,404,-9273849,0,1,8499,1035,false,false,none,true,true,true,false,true
922,h2000_e30000_s160000_k20_y50000,2000,30000,160000,20,50000,93,8542,NA,5578,0,9998,2660,2706,0,31,9,0,false,0,13473,404,-4295817,0,1,1457,1000,false,false,none,true,true,true,false,true
923,h1000_e100000_s2500_k20_y20000,1000,100000,2500,20,20000,13,2169,2952,1435,0,2653,1000,2688,-1610,15,23,2,false,0,5298,61,-873896,0,0,348,1000,false,false,none,true,true,true,false,true
924,h10000_e15000_s40000_k10_y50000,10000,15000,40000,10,50000,60,8182,NA,5262,0,9969,1994,2683,0,31,9,0,false,7,13268,212,-6024947,0,1,8499,1035,false,false,none,true,true,true,false,true
925,h10000_e15000_s80000_k10_y50000,10000,15000,80000,10,50000,104,7406,NA,6271,0,9934,2648,2677,0,29,11,0,false,7,13325,277,-6880451,0,1,8499,1035,false,false,none,true,true,true,false,true
926,h2000_e40000_s2500_k40_y30000,2000,40000,2500,40,30000,9,2577,3658,1339,0,2954,1000,2670,-40,25,14,1,false,0,7947,91,-655257,0,1,1312,1000,false,false,none,true,true,true,false,true
927,h5000_e10000_s2500_k20_y50000,5000,10000,2500,20,50000,16,4125,9192,2248,0,5332,1161,2654,0,30,10,0,false,15,12744,151,-2480139,0,10,4389,1099,false,false,none,true,true,true,false,true
928,h700_e25000_s5000_k40_y10000,700,25000,5000,40,10000,9,1126,1303,1211,0,1358,1002,2650,0,34,6,0,false,0,2649,32,-227958,0,1,537,1000,false,false,none,true,true,true,false,true
929,h1500_e25000_s40000_k10_y30000,1500,25000,40000,10,30000,42,6765,NA,3910,0,9635,1327,2648,0,34,6,0,false,0,7979,128,-3875517,0,1,1152,1000,false,false,none,true,true,true,false,true
930,h1500_e20000_s10000_k20_y20000,1500,20000,10000,20,20000,15,3387,6033,1899,0,4348,1034,2645,-78,32,6,2,false,0,5302,66,-980587,0,1,1213,1001,false,false,none,true,true,true,false,true
931,h3000_e15000_s160000_k20_y50000,3000,15000,160000,20,50000,93,8324,NA,5309,0,9951,2497,2641,0,27,13,0,false,14,13464,404,-4278771,0,1,2549,1010,false,false,none,true,true,true,false,true
932,h2000_e20000_s40000_k10_y30000,2000,20000,40000,10,30000,41,6788,NA,3890,0,9600,1359,2641,-11,32,6,2,false,0,7979,128,-3855889,0,1,1618,1001,false,false,none,true,true,true,false,true
933,h3000_e10000_s5000_k20_y30000,3000,10000,5000,20,30000,18,2844,4674,1963,0,3762,1137,2639,0,30,10,0,false,26,7649,94,-1616542,0,9,2633,1060,false,false,none,true,true,true,false,true
934,h3000_e15000_s40000_k20_y50000,3000,15000,40000,20,50000,30,7025,NA,3676,0,9479,1468,2634,0,32,8,0,false,15,13290,212,-3174660,0,1,2549,1010,false,false,none,true,true,true,false,true
935,h700_e40000_s40000_k10_y30000,700,40000,40000,10,30000,45,6760,NA,3915,0,9641,1323,2628,0,25,15,0,false,0,7980,128,-3894142,0,1,459,1000,false,false,none,true,true,true,false,true
936,h2000_e25000_s5000_k20_y20000,2000,25000,5000,20,20000,12,3189,5221,1630,0,3882,1007,2617,-109,33,5,2,false,0,5299,63,-910741,0,1,1536,1000,false,false,none,true,true,true,false,true
937,h700_e25000_s20000_k20_y30000,700,25000,20000,20,30000,21,5423,18426,2469,0,7001,1049,2616,0,35,5,0,false,0,7962,108,-1659095,0,1,537,1000,false,false,none,true,true,true,false,true
938,h3000_e10000_s5000_k40_y50000,3000,10000,5000,40,50000,15,2876,4727,1934,0,3762,1137,2608,0,30,10,0,false,31,12948,155,-1616542,0,9,2633,1060,false,false,none,true,true,true,false,true
939,h1500_e50000_s160000_k20_y50000,1500,50000,160000,20,50000,93,8557,NA,5721,0,9999,2792,2601,-14,30,8,2,false,0,13474,404,-4255909,0,0,885,1000,false,false,none,true,true,true,false,true
940,h3000_e20000_s160000_k20_y50000,3000,20000,160000,20,50000,93,8382,NA,5587,0,9984,2653,2601,0,29,11,0,false,0,13473,404,-4249411,0,1,2427,1002,false,false,none,true,true,true,false,true
941,h5000_e10000_s2500_k10_y30000,5000,10000,2500,10,30000,19,4026,8972,2337,0,5332,1161,2592,0,32,8,0,false,13,7446,91,-2551008,0,10,4389,1099,false,false,none,true,true,true,false,true
942,h700_e10000_s2500_k40_y10000,700,10000,2500,40,10000,10,556,602,1194,0,745,1024,2582,0,29,11,0,false,159,2578,31,-360190,0,5,614,1014,false,false,none,true,true,true,false,true
943,h1500_e15000_s5000_k40_y20000,1500,15000,5000,40,20000,11,1770,2280,1419,0,2206,1026,2560,0,32,8,0,false,75,5295,63,-453997,0,1,1274,1005,false,false,none,true,true,true,false,true
944,h2000_e40000_s160000_k20_y50000,2000,40000,160000,20,50000,93,8507,NA,5746,0,9999,2786,2551,0,32,8,0,false,0,13474,404,-4237850,0,1,1312,1000,false,false,none,true,true,true,false,true
945,h2000_e10000_s2500_k40_y30000,2000,10000,2500,40,30000,12,1627,2088,1519,0,2130,1067,2551,0,30,10,0,false,53,7746,91,-1017597,0,8,1755,1040,false,false,none,true,true,true,false,true
946,h10000_e20000_s20000_k10_y50000,10000,20000,20000,10,50000,37,8834,NA,4393,0,9997,1441,2542,0,32,8,0,false,7,13269,180,-5365632,0,1,8092,1006,false,false,none,true,true,true,false,true
947,h700_e40000_s10000_k40_y50000,700,40000,10000,40,50000,13,4751,11836,2110,0,5979,1004,2542,0,26,14,0,false,0,13257,164,-1229547,0,1,459,1000,false,false,none,true,true,true,false,true
948,h500_e50000_s40000_k10_y30000,500,50000,40000,10,30000,44,6748,NA,3926,0,9603,1357,2536,0,25,15,0,false,0,7980,128,-3896467,0,1,295,1000,false,false,none,true,true,true,false,true
949,h3000_e25000_s5000_k40_y50000,3000,25000,5000,40,50000,9,4949,11888,1798,0,5823,1011,2535,-175,32,6,2,false,0,13248,155,-1137400,0,1,2304,1000,false,false,none,true,true,true,false,true
950,h3000_e10000_s80000_k20_y50000,3000,10000,80000,20,50000,52,6624,NA,4038,0,9024,1878,2534,0,31,9,0,false,15,13055,277,-4454272,0,9,2633,1060,false,false,none,true,true,true,false,true
951,h5000_e70000_s80000_k20_y50000,5000,70000,80000,20,50000,52,8743,NA,4930,0,9999,2327,2525,0,23,17,0,false,0,13358,277,-3826729,0,0,2391,1000,false,false,none,true,true,true,false,true
952,h1500_e20000_s5000_k40_y20000,1500,20000,5000,40,20000,10,2090,2808,1417,0,2541,1011,2524,0,34,6,0,false,0,5299,63,-455022,0,1,1213,1001,false,false,none,true,true,true,false,true
953,h1500_e40000_s2500_k40_y20000,1500,40000,2500,40,20000,8,1933,2483,1254,0,2216,1000,2524,0,26,14,0,false,0,5298,61,-436885,0,1,984,1000,false,false,none,true,true,true,false,true
954,h10000_e70000_s80000_k20_y50000,10000,70000,80000,20,50000,52,8743,NA,5158,0,9999,2432,2522,0,23,17,0,false,0,13358,277,-3780082,0,0,4782,1000,false,false,none,true,true,true,false,true
955,h3000_e25000_s160000_k20_y50000,3000,25000,160000,20,50000,93,8399,NA,5748,0,9994,2756,2505,0,31,9,0,false,0,13473,404,-4216717,0,1,2304,1000,false,false,none,true,true,true,false,true
956,h500_e25000_s2500_k40_y5000,500,25000,2500,40,5000,5,542,579,1086,0,637,1000,2502,0,34,6,0,false,0,1324,16,-109192,0,1,384,1000,false,false,none,true,true,true,false,true
957,h1500_e20000_s10000_k40_y30000,1500,20000,10000,40,30000,11,3630,6466,1680,0,4348,1034,2501,-27,32,6,2,false,0,7953,98,-735441,0,1,1213,1001,false,false,none,true,true,true,false,true
958,h3000_e20000_s2500_k20_y20000,3000,20000,2500,20,20000,10,3081,4850,1508,0,3635,1009,2490,0,34,6,0,false,0,5297,61,-870052,0,1,2427,1002,false,false,none,true,true,true,false,true
959,h500_e20000_s2500_k40_y5000,500,20000,2500,40,5000,5,506,539,1090,0,605,1001,2486,0,34,6,0,false,0,1324,16,-109156,0,1,404,1000,false,false,none,true,true,true,false,true
960,h3000_e15000_s40000_k10_y30000,3000,15000,40000,10,30000,36,6729,NA,3943,0,9479,1468,2482,0,32,8,0,false,12,7970,128,-3809592,0,1,2549,1010,false,false,none,true,true,true,false,true
961,h700_e10000_s5000_k40_y10000,700,10000,5000,40,10000,14,670,737,1218,0,876,1033,2480,0,29,11,0,false,159,2579,32,-385659,0,5,614,1014,false,false,none,true,true,true,false,true
962,h3000_e25000_s5000_k20_y30000,3000,25000,5000,20,30000,11,4912,11799,1831,0,5823,1011,2478,-247,33,5,2,false,0,7949,94,-1364880,0,1,2304,1000,false,false,none,true,true,true,false,true
963,h5000_e10000_s5000_k20_y50000,5000,10000,5000,20,50000,16,4914,14143,2449,0,6281,1219,2465,0,30,10,0,false,15,12748,155,-2643779,0,10,4389,1099,false,false,none,true,true,true,false,true
964,h3000_e30000_s80000_k20_y50000,3000,30000,80000,20,50000,52,8738,NA,4541,0,9999,2081,2463,0,32,8,0,false,0,13357,277,-3784872,0,1,2186,1000,false,false,none,true,true,true,false,true
965,h3000_e25000_s2500_k20_y20000,3000,25000,2500,20,20000,9,3289,5330,1485,0,3824,1003,2457,0,34,6,0,false,0,5297,61,-871889,0,1,2304,1000,false,false,none,true,true,true,false,true
966,h3000_e25000_s80000_k20_y50000,3000,25000,80000,20,50000,52,8733,NA,4435,0,9998,2022,2456,0,32,8,0,false,0,13357,277,-3771310,0,1,2304,1000,false,false,none,true,true,true,false,true
967,h2000_e25000_s5000_k40_y30000,2000,25000,5000,40,30000,9,3223,5276,1600,0,3882,1007,2455,-66,32,6,2,false,0,7949,94,-683056,0,1,1536,1000,false,false,none,true,true,true,false,true
968,h3000_e10000_s10000_k10_y20000,3000,10000,10000,10,20000,24,3661,7517,2321,0,4899,1207,2453,0,31,9,0,false,19,5002,66,-1927186,0,9,2633,1060,false,false,none,true,true,true,false,true
969,h5000_e40000_s80000_k20_y50000,5000,40000,80000,20,50000,52,8741,NA,4885,0,9999,2284,2444,-17,30,8,2,false,0,13358,277,-3762941,0,1,3280,1000,false,false,none,true,true,true,false,true
970,h3000_e20000_s80000_k20_y50000,3000,20000,80000,20,50000,52,8722,NA,4286,0,9995,1945,2443,0,32,8,0,false,0,13357,277,-3755679,0,1,2427,1002,false,false,none,true,true,true,false,true
971,h500_e40000_s10000_k40_y30000,500,40000,10000,40,30000,12,3520,6149,1678,0,4271,1003,2442,-254,25,14,1,false,0,7954,98,-737754,0,1,328,1000,false,false,none,true,true,true,false,true
972,h10000_e15000_s20000_k10_y50000,10000,15000,20000,10,50000,37,8659,NA,4394,0,9983,1558,2437,0,32,8,0,false,7,13239,180,-5261321,0,1,8499,1035,false,false,none,true,true,true,false,true
973,h1000_e25000_s2500_k40_y10000,1000,25000,2500,40,10000,6,1092,1252,1165,0,1274,1001,2430,0,34,6,0,false,0,2648,31,-218307,0,1,768,1000,false,false,none,true,true,true,false,true
974,h300_e70000_s5000_k40_y20000,300,70000,5000,40,20000,13,1471,1823,1416,0,1933,1000,2426,-2545,13,23,4,false,0,5300,63,-456193,0,0,143,1000,false,false,none,true,true,true,false,true
975,h2000_e10000_s5000_k40_y30000,2000,10000,5000,40,30000,15,1903,2575,1636,0,2506,1093,2417,0,29,11,0,false,52,7749,94,-1088091,0,8,1755,1040,false,false,none,true,true,true,false,true
976,h1000_e20000_s2500_k40_y10000,1000,20000,2500,40,10000,7,1021,1163,1174,0,1211,1003,2417,0,34,6,0,false,0,2648,31,-218149,0,1,809,1000,false,false,none,true,true,true,false,true
977,h3000_e30000_s160000_k20_y50000,3000,30000,160000,20,50000,93,8382,NA,5808,0,9998,2825,2412,0,31,9,0,false,0,13473,404,-4180350,0,1,2186,1000,false,false,none,true,true,true,false,true
978,h5000_e25000_s10000_k20_y50000,5000,25000,10000,20,50000,19,7974,NA,2823,0,9919,1072,2407,0,34,6,0,false,0,13256,164,-2444570,0,1,3841,1000,false,false,none,true,true,true,false,true
979,h2000_e10000_s10000_k20_y20000,2000,10000,10000,20,20000,20,2398,3645,1919,0,3260,1143,2395,0,30,10,0,false,39,5102,66,-1228114,0,8,1755,1040,false,false,none,true,true,true,false,true
980,h10000_e50000_s80000_k20_y50000,10000,50000,80000,20,50000,52,8742,NA,5174,0,9999,2452,2377,0,32,8,0,false,0,13358,277,-3708736,0,0,5904,1000,false,false,none,true,true,true,false,true
981,h5000_e10000_s5000_k10_y30000,5000,10000,5000,10,30000,19,4816,13861,2537,0,6281,1219,2368,0,31,9,0,false,13,7449,94,-2656720,0,10,4389,1099,false,false,none,true,true,true,false,true
982,h500_e40000_s5000_k40_y10000,500,40000,5000,40,10000,8,1216,1422,1210,0,1449,1000,2368,-399,24,14,2,false,0,2650,32,-228084,0,1,328,1000,false,false,none,true,true,true,false,true
983,h5000_e30000_s80000_k20_y50000,5000,30000,80000,20,50000,52,8734,NA,4847,0,9999,2251,2366,0,32,8,0,false,0,13357,277,-3726725,0,1,3644,1000,false,false,none,true,true,true,false,true
984,h5000_e30000_s10000_k20_y50000,5000,30000,10000,20,50000,20,7919,NA,2872,0,9940,1053,2363,0,34,6,0,false,0,13256,164,-2451087,0,1,3644,1000,false,false,none,true,true,true,false,true
985,h1000_e30000_s10000_k20_y20000,1000,30000,10000,20,20000,13,4002,8005,1897,0,4987,1011,2354,-180,34,5,1,false,0,5302,66,-983126,0,1,728,1000,false,false,none,true,true,true,false,true
986,h3000_e50000_s2500_k10_y20000,3000,50000,2500,10,20000,14,3946,7717,1846,0,4886,1000,2348,-702,24,14,2,false,0,5298,61,-1747657,0,0,1771,1000,false,false,none,true,true,true,false,true
987,h2000_e15000_s20000_k10_y20000,2000,15000,20000,10,20000,24,6202,31025,2618,0,7820,1162,2346,-3,32,6,2,false,18,5302,72,-2192269,0,1,1699,1007,false,false,none,true,true,true,false,true
988,h700_e30000_s5000_k40_y10000,700,30000,5000,40,10000,8,1319,1562,1212,0,1554,1001,2345,0,26,14,0,false,0,2649,32,-228017,0,1,510,1000,false,false,none,true,true,true,false,true
989,h2000_e25000_s2500_k40_y20000,2000,25000,2500,40,20000,7,2211,2969,1306,0,2549,1002,2323,0,34,6,0,false,0,5297,61,-436279,0,1,1536,1000,false,false,none,true,true,true,false,true
990,h700_e15000_s10000_k40_y10000,700,15000,10000,40,10000,12,1255,1489,1278,0,1535,1026,2321,0,31,9,0,false,151,2649,33,-245276,0,1,594,1002,false,false,none,true,true,true,false,true
991,h5000_e25000_s80000_k20_y50000,5000,25000,80000,20,50000,52,8725,NA,4804,0,9998,2225,2319,0,31,9,0,false,0,13357,277,-3704485,0,1,3841,1000,false,false,none,true,true,true,false,true
992,h2000_e20000_s2500_k40_y20000,2000,20000,2500,40,20000,7,2070,2735,1324,0,2423,1006,2318,0,34,6,0,false,0,5297,61,-435648,0,1,1618,1001,false,false,none,true,true,true,false,true
993,h5000_e15000_s10000_k20_y50000,5000,15000,10000,20,50000,18,8082,NA,2726,0,9815,1166,2314,0,32,8,0,false,15,13241,164,-2412394,0,1,4249,1017,false,false,none,true,true,true,false,true
994,h3000_e15000_s2500_k20_y20000,3000,15000,2500,20,20000,10,2845,4359,1564,0,3441,1028,2301,0,32,8,0,false,37,5288,61,-866450,0,1,2549,1010,false,false,none,true,true,true,false,true
995,h10000_e10000_s160000_k10_y50000,10000,10000,160000,10,50000,186,8870,NA,6872,0,9898,3790,2299,0,26,14,0,false,8,12458,404,-17517280,0,14,8783,1194,false,false,none,true,true,true,false,true
996,h1500_e25000_s5000_k40_y20000,1500,25000,5000,40,20000,8,2455,3467,1416,0,2911,1005,2296,-10,32,6,2,false,0,5299,63,-455576,0,1,1152,1000,false,false,none,true,true,true,false,true
997,h500_e70000_s5000_k40_y30000,500,70000,5000,40,30000,11,2642,3899,1522,0,3222,1000,2294,-2092,14,23,3,false,0,7950,94,-684289,0,0,239,1000,false,false,none,true,true,true,false,true
998,h3000_e10000_s10000_k20_y30000,3000,10000,10000,20,30000,18,3721,7640,2268,0,4899,1207,2293,0,30,10,0,false,26,7653,98,-1821029,0,9,2633,1060,false,false,none,true,true,true,false,true
999,h3000_e10000_s10000_k40_y50000,3000,10000,10000,40,50000,15,3857,7920,2145,0,4899,1207,2286,0,30,10,0,false,31,12956,164,-1821029,0,9,2633,1060,false,false,none,true,true,true,false,true
1000,h5000_e20000_s2500_k10_y20000,5000,20000,2500,10,20000,12,5105,13016,1874,0,6059,1016,2285,0,34,6,0,false,0,5297,61,-1734943,0,1,4046,1003,false,false,none,true,true,true,false,true
1001,h5000_e20000_s20000_k20_y50000,5000,20000,20000,20,50000,21,7361,NA,3374,0,9692,1276,2283,0,32,8,0,false,0,13270,180,-2725295,0,1,4046,1003,false,false,none,true,true,true,false,true
1002,h5000_e20000_s80000_k20_y50000,5000,20000,80000,20,50000,52,8707,NA,4751,0,9992,2187,2282,0,31,9,0,false,0,13357,277,-3678963,0,1,4046,1003,false,false,none,true,true,true,false,true
1003,h2000_e15000_s20000_k20_y30000,2000,15000,20000,20,30000,18,6358,31806,2477,0,7820,1162,2276,0,32,8,0,false,25,7956,108,-1644202,0,1,1699,1007,false,false,none,true,true,true,false,true
1004,h3000_e15000_s10000_k40_y50000,3000,15000,10000,40,50000,11,5466,16606,2117,0,6590,1105,2264,0,32,8,0,false,30,13247,164,-1215522,0,1,2549,1010,false,false,none,true,true,true,false,true
1005,h1500_e10000_s2500_k40_y20000,1500,10000,2500,40,20000,12,1217,1459,1392,0,1597,1050,2263,0,29,11,0,false,80,5147,61,-766493,0,7,1316,1030,false,false,none,true,true,true,false,true
1006,h5000_e15000_s20000_k20_y50000,5000,15000,20000,20,50000,21,7349,NA,3385,0,9621,1340,2261,0,32,8,0,false,15,13255,180,-2698248,0,1,4249,1017,false,false,none,true,true,true,false,true
1007,h3000_e15000_s10000_k20_y30000,3000,15000,10000,20,30000,13,5311,16135,2257,0,6590,1105,2259,0,32,8,0,false,25,7944,98,-1458627,0,1,2549,1010,false,false,none,true,true,true,false,true
1008,h10000_e40000_s80000_k20_y50000,10000,40000,80000,20,50000,52,8739,NA,5215,0,9999,2471,2247,0,32,8,0,false,0,13357,277,-3655368,0,1,6560,1000,false,false,none,true,true,true,false,true
1009,h500_e15000_s2500_k40_y5000,500,15000,2500,40,5000,5,469,498,1098,0,573,1004,2247,0,31,9,0,false,302,1323,16,-109079,0,1,424,1001,false,false,none,true,true,true,false,true
1010,h3000_e20000_s2500_k40_y30000,3000,20000,2500,40,30000,7,3138,4940,1456,0,3635,1009,2241,0,34,6,0,false,0,7946,91,-652539,0,1,2427,1002,false,false,none,true,true,true,false,true
1011,h5000_e15000_s160000_k20_y50000,5000,15000,160000,20,50000,93,7716,NA,5970,0,9919,2904,2240,0,27,13,0,false,14,13457,404,-5652445,0,1,4249,1017,false,false,none,true,true,true,false,true
1012,h1000_e30000_s10000_k40_y30000,1000,30000,10000,40,30000,10,4245,8491,1679,0,4987,1011,2229,-249,33,5,2,false,0,7953,98,-737345,0,1,728,1000,false,false,none,true,true,true,false,true
1013,h2000_e30000_s5000_k20_y20000,2000,30000,5000,20,20000,10,3713,6684,1658,0,4440,1004,2221,-539,33,5,2,false,0,5299,63,-911519,0,1,1457,1000,false,false,none,true,true,true,false,true
1014,h10000_e10000_s80000_k10_y50000,10000,10000,80000,10,50000,104,7404,NA,6297,0,9692,2917,2195,0,26,14,0,false,8,12350,277,-11718360,0,14,8783,1194,false,false,none,true,true,true,false,true
1015,h5000_e20000_s160000_k20_y50000,5000,20000,160000,20,50000,93,7825,NA,6087,0,9974,2974,2194,0,27,13,0,false,0,13473,404,-4066952,0,1,4046,1003,false,false,none,true,true,true,false,true
1016,h5000_e15000_s80000_k20_y50000,5000,15000,80000,20,50000,52,8640,NA,4653,0,9966,2163,2188,0,29,11,0,false,15,13341,277,-3649802,0,1,4249,1017,false,false,none,true,true,true,false,true
1017,h1000_e15000_s2500_k40_y10000,1000,15000,2500,40,10000,7,940,1063,1195,0,1146,1009,2186,0,31,9,0,false,151,2645,31,-217855,0,1,849,1003,false,false,none,true,true,true,false,true
1018,h300_e40000_s5000_k40_y5000,300,40000,5000,40,5000,6,745,816,1112,0,869,1000,2179,0,26,14,0,false,0,1325,16,-114045,0,1,196,1000,false,false,none,true,true,true,false,true
1019,h1500_e50000_s5000_k40_y50000,1500,50000,5000,40,50000,10,4921,11384,1680,0,5676,1000,2168,-634,24,14,2,false,0,13249,155,-1140426,0,0,885,1000,false,false,none,true,true,true,false,true
1020,h2000_e15000_s10000_k40_y30000,2000,15000,10000,40,30000,11,3692,6679,1701,0,4391,1072,2162,0,32,8,0,false,50,7947,98,-732133,0,1,1699,1007,false,false,none,true,true,true,false,true
1021,h2000_e10000_s40000_k20_y30000,2000,10000,40000,20,30000,25,6426,37366,2667,0,7841,1394,2156,0,31,9,0,false,25,7779,128,-2046642,0,8,1755,1040,false,false,none,true,true,true,false,true
1022,h1500_e10000_s5000_k40_y20000,1500,10000,5000,40,20000,15,1475,1834,1433,0,1878,1070,2150,0,29,11,0,false,80,5149,63,-819982,0,7,1316,1030,false,false,none,true,true,true,false,true
1023,h100_e100000_s160000_k40_y50000,100,100000,160000,40,50000,47,9277,NA,5266,0,9999,2653,2143,0,23,17,0,false,0,13474,404,-2237443,0,0,34,1000,false,false,none,true,true,true,false,true
1024,h10000_e30000_s5000_k20_y50000,10000,30000,5000,20,50000,15,8412,NA,2428,0,9977,1020,2139,0,34,6,0,false,0,13248,155,-2270158,0,1,7289,1000,false,false,none,true,true,true,false,true
1025,h3000_e30000_s5000_k40_y50000,3000,30000,5000,40,50000,9,5754,17268,1821,0,6660,1006,2134,-588,32,5,3,false,0,13248,155,-1138858,0,1,2186,1000,false,false,none,true,true,true,false,true
1026,h10000_e50000_s10000_k20_y50000,10000,50000,10000,20,50000,20,7772,NA,3004,0,9955,1040,2129,-615,24,14,2,false,0,13257,164,-2457846,0,0,5904,1000,false,false,none,true,true,true,false,true
1027,h10000_e10000_s40000_k10_y50000,10000,10000,40000,10,50000,60,8180,NA,5264,0,9810,2290,2123,0,29,11,0,false,8,12296,212,-8610834,0,14,8783,1194,false,false,none,true,true,true,false,true
1028,h5000_e10000_s10000_k20_y50000,5000,10000,10000,20,50000,17,6496,44806,2847,0,8188,1325,2123,0,30,10,0,false,15,12756,164,-2966744,0,10,4389,1099,false,false,none,true,true,true,false,true
1029,h5000_e15000_s2500_k10_y20000,5000,15000,2500,10,20000,12,4762,11307,1922,0,5736,1046,2123,0,34,6,0,false,18,5282,61,-1723163,0,1,4249,1017,false,false,none,true,true,true,false,true
1030,h5000_e20000_s2500_k40_y50000,5000,20000,2500,40,50000,7,5318,13558,1683,0,6059,1016,2122,0,34,6,0,false,0,13244,151,-1084340,0,1,4046,1003,false,false,none,true,true,true,false,true
1031,h300_e70000_s160000_k40_y50000,300,70000,160000,40,50000,47,9271,NA,5213,0,9999,2625,2107,0,23,17,0,false,0,13474,404,-2222310,0,0,143,1000,false,false,none,true,true,true,false,true
1032,h2000_e30000_s5000_k40_y30000,2000,30000,5000,40,30000,8,3760,6768,1616,0,4440,1004,2105,-333,32,5,3,false,0,7949,94,-683640,0,1,1457,1000,false,false,none,true,true,true,false,true
1033,h2000_e15000_s2500_k40_y20000,2000,15000,2500,40,20000,8,1896,2467,1376,0,2293,1019,2097,0,31,9,0,false,75,5291,61,-434451,0,1,1699,1007,false,false,none,true,true,true,false,true
1034,h10000_e30000_s80000_k20_y50000,10000,30000,80000,20,50000,52,8725,NA,5305,0,9999,2502,2091,0,31,9,0,false,0,13357,277,-3585587,0,1,7289,1000,false,false,none,true,true,true,false,true
1035,h10000_e25000_s5000_k20_y50000,10000,25000,5000,20,50000,14,8362,NA,2473,0,9958,1037,2091,-31,33,6,1,false,0,13248,155,-2260517,0,1,7682,1001,false,false,none,true,true,true,false,true
1036,h5000_e10000_s160000_k20_y50000,5000,10000,160000,20,50000,93,7506,NA,5718,0,9726,2877,2088,0,26,14,0,false,15,12966,404,-10340726,0,10,4389,1099,false,false,none,true,true,true,false,true
1037,h500_e50000_s160000_k40_y50000,500,50000,160000,40,50000,47,9268,NA,5122,0,9999,2535,2081,0,23,17,0,false,0,13474,404,-2219425,0,1,295,1000,false,false,none,true,true,true,false,true
1038,h1000_e20000_s20000_k40_y30000,1000,20000,20000,40,30000,11,5415,14838,1841,0,6268,1073,2075,-43,32,6,2,false,0,7962,108,-828040,0,1,809,1000,false,false,none,true,true,true,false,true
1039,h10000_e10000_s10000_k10_y50000,10000,10000,10000,10,50000,26,6946,NA,3748,0,9359,1576,2066,0,30,10,0,false,8,12256,164,-5617106,0,14,8783,1194,false,false,none,true,true,true,false,true
1040,h500_e20000_s5000_k40_y5000,500,20000,5000,40,5000,6,719,786,1118,0,847,1003,2057,0,32,8,0,false,0,1324,16,-113951,0,1,404,1000,false,false,none,true,true,true,false,true
1041,h700_e25000_s160000_k40_y50000,700,25000,160000,40,50000,47,9266,NA,4438,0,9998,2115,2054,0,32,8,0,false,0,13473,404,-2228597,0,1,537,1000,false,false,none,true,true,true,false,true
1042,h700_e40000_s160000_k40_y50000,700,40000,160000,40,50000,47,9250,NA,5027,0,9999,2480,2043,0,32,8,0,false,0,13474,404,-2213883,0,1,459,1000,false,false,none,true,true,true,false,true
1043,h10000_e40000_s10000_k20_y50000,10000,40000,10000,20,50000,18,7695,NA,3073,0,9933,1060,2042,-291,32,6,2,false,0,13256,164,-2454169,0,1,6560,1000,false,false,none,true,true,true,false,true
1044,h1000_e40000_s5000_k40_y20000,1000,40000,5000,40,20000,8,2437,3433,1416,0,2899,1000,2034,-1277,23,14,3,false,0,5300,63,-456139,0,1,656,1000,false,false,none,true,true,true,false,true
1045,h3000_e15000_s2500_k40_y30000,3000,15000,2500,40,30000,8,2879,4411,1533,0,3441,1028,2030,0,31,9,0,false,50,7937,91,-649837,0,1,2549,1010,false,false,none,true,true,true,false,true
1046,h1500_e25000_s10000_k20_y20000,1500,25000,10000,20,20000,11,4737,11110,1898,0,5709,1023,2027,-163,33,6,1,false,0,5302,66,-981995,0,1,1152,1000,false,false,none,true,true,true,false,true
1047,h100_e30000_s20000_k40_y5000,100,30000,20000,40,5000,10,1232,1467,1330,0,1591,1007,2026,-1165,21,17,2,false,0,1327,18,-138429,0,1,72,1000,false,false,none,true,true,true,false,true
1048,h5000_e10000_s10000_k10_y30000,5000,10000,10000,10,30000,20,6460,44557,2880,0,8188,1325,2021,0,31,9,0,false,13,7453,98,-2966744,0,10,4389,1099,false,false,none,true,true,true,false,true
1049,h10000_e25000_s80000_k20_y50000,10000,25000,80000,20,50000,52,8690,NA,5356,0,9996,2529,2016,0,31,9,0,false,0,13357,277,-3543151,0,1,7682,1001,false,false,none,true,true,true,false,true
1050,h700_e20000_s10000_k40_y10000,700,20000,10000,40,10000,9,1710,2150,1302,0,2028,1016,2014,0,32,8,0,false,0,2651,33,-245570,0,1,566,1000,false,false,none,true,true,true,false,true
1051,h10000_e30000_s10000_k20_y50000,10000,30000,10000,20,50000,16,7665,NA,3101,0,9891,1097,2012,-37,31,6,3,false,0,13256,164,-2442824,0,1,7289,1000,false,false,none,true,true,true,false,true
1052,h300_e15000_s20000_k40_y5000,300,15000,20000,40,5000,12,937,1065,1236,0,1169,1027,2008,0,31,9,0,false,301,1327,18,-138230,0,1,254,1001,false,false,none,true,true,true,false,true
1053,h10000_e40000_s40000_k20_y50000,10000,40000,40000,20,50000,30,9126,NA,4062,0,9999,1818,2001,0,32,8,0,false,0,13299,212,-3204570,0,1,6560,1000,false,false,none,true,true,true,false,true
1054,h1500_e30000_s5000_k40_y20000,1500,30000,5000,40,20000,7,2871,4306,1416,0,3330,1003,1998,-166,33,5,2,false,0,5299,63,-455856,0,1,1093,1000,false,false,none,true,true,true,false,true
1055,h700_e50000_s160000_k40_y50000,700,50000,160000,40,50000,47,9198,NA,5239,0,9999,2612,1996,-30,21,17,2,false,0,13474,404,-2200982,0,1,413,1000,false,false,none,true,true,true,false,true
1056,h500_e15000_s5000_k40_y5000,500,15000,5000,40,5000,7,614,664,1117,0,735,1008,1996,0,31,9,0,false,302,1323,16,-113863,0,1,424,1001,false,false,none,true,true,true,false,true
1057,h10000_e20000_s5000_k20_y50000,10000,20000,5000,20,50000,13,8270,NA,2556,0,9918,1072,1991,0,32,8,0,false,15,13247,155,-2242739,0,1,8092,1006,false,false,none,true,true,true,false,true
1058,h10000_e30000_s40000_k20_y50000,10000,30000,40000,20,50000,30,8927,NA,4095,0,9999,1837,1989,0,32,8,0,false,0,13299,212,-3161786,0,1,7289,1000,false,false,none,true,true,true,false,true
1059,h10000_e25000_s10000_k20_y50000,10000,25000,10000,20,50000,15,7663,NA,3103,0,9854,1130,1981,0,34,6,0,false,0,13256,164,-2429873,0,1,7682,1001,false,false,none,true,true,true,false,true
1060,h1000_e20000_s5000_k40_y10000,1000,20000,5000,40,10000,7,1451,1749,1226,0,1694,1007,1975,0,32,8,0,false,0,2649,32,-227706,0,1,809,1000,false,false,none,true,true,true,false,true
1061,h1000_e50000_s5000_k40_y30000,1000,50000,5000,40,30000,9,3144,5059,1576,0,3784,1000,1971,-2252,22,14,4,false,0,7950,94,-684267,0,1,590,1000,false,false,none,true,true,true,false,true
1062,h500_e70000_s160000_k40_y50000,500,70000,160000,40,50000,47,9155,NA,5385,0,9999,2710,1968,-31,21,17,2,false,0,13474,404,-2193513,0,0,239,1000,false,false,none,true,true,true,false,true
1063,h10000_e20000_s2500_k20_y50000,10000,20000,2500,20,50000,12,8723,NA,2148,0,9964,1031,1965,0,34,6,0,false,15,13243,151,-2152954,0,1,8092,1006,false,false,none,true,true,true,false,true
1064,h5000_e15000_s2500_k20_y30000,5000,15000,2500,20,30000,9,4859,11538,1835,0,5736,1046,1960,0,31,9,0,false,25,7931,91,-1292372,0,1,4249,1017,false,false,none,true,true,true,false,true
1065,h10000_e10000_s20000_k10_y50000,10000,10000,20000,10,50000,37,8657,NA,4395,0,9870,1858,1959,0,30,10,0,false,8,12269,180,-6688363,0,14,8783,1194,false,false,none,true,true,true,false,true
1066,h5000_e10000_s20000_k20_y50000,5000,10000,20000,20,50000,21,7296,NA,3433,0,9436,1507,1955,0,30,10,0,false,15,12770,180,-3595000,0,10,4389,1099,false,false,none,true,true,true,false,true
1067,h3000_e15000_s5000_k20_y20000,3000,15000,5000,20,20000,10,3593,6501,1790,0,4415,1051,1951,0,32,8,0,false,37,5290,63,-903682,0,1,2549,1010,false,false,none,true,true,true,false,true
1068,h1500_e25000_s10000_k40_y30000,1500,25000,10000,40,30000,8,4973,11662,1686,0,5709,1023,1944,-134,32,6,2,false,0,7953,98,-736496,0,1,1152,1000,false,false,none,true,true,true,false,true
1069,h2000_e40000_s2500_k40_y20000,2000,40000,2500,40,20000,6,2637,3743,1286,0,2954,1000,1944,-40,24,14,2,false,0,5298,61,-436838,0,1,1312,1000,false,false,none,true,true,true,false,true
1070,h2000_e20000_s10000_k20_y20000,2000,20000,10000,20,20000,11,4848,11678,1899,0,5798,1045,1941,-35,32,6,2,false,0,5302,66,-979505,0,1,1618,1001,false,false,none,true,true,true,false,true
1071,h10000_e25000_s160000_k20_y50000,10000,25000,160000,20,50000,93,9434,NA,6301,0,9999,3399,1939,0,27,13,0,false,0,13473,404,-3942756,0,1,7682,1001,false,false,none,true,true,true,false,true
1072,h1500_e20000_s160000_k40_y50000,1500,20000,160000,40,50000,47,9113,NA,4713,0,9992,2263,1931,0,29,11,0,false,0,13473,404,-2194728,0,1,1213,1001,false,false,none,true,true,true,false,true
1073,h10000_e25000_s40000_k20_y50000,10000,25000,40000,20,50000,30,8920,NA,4125,0,9999,1854,1929,0,32,8,0,false,0,13299,212,-3127002,0,1,7682,1001,false,false,none,true,true,true,false,true
1074,h3000_e20000_s5000_k20_y20000,3000,20000,5000,20,20000,9,4264,8718,1760,0,5083,1023,1928,0,32,8,0,false,0,5299,63,-907760,0,1,2427,1002,false,false,none,true,true,true,false,true
1075,h1000_e15000_s5000_k40_y10000,1000,15000,5000,40,10000,8,1238,1455,1226,0,1471,1017,1928,0,31,9,0,false,151,2646,32,-227368,0,1,849,1003,false,false,none,true,true,true,false,true
1076,h5000_e15000_s2500_k40_y50000,5000,15000,2500,40,50000,8,4889,11609,1808,0,5736,1046,1926,0,31,9,0,false,30,13229,151,-1076977,0,1,4249,1017,false,false,none,true,true,true,false,true
1077,h10000_e20000_s80000_k20_y50000,10000,20000,80000,20,50000,52,8478,NA,5435,0,9984,2569,1925,0,27,13,0,false,14,13356,277,-3494924,0,1,8092,1006,false,false,none,true,true,true,false,true
1078,h500_e25000_s5000_k40_y5000,500,25000,5000,40,5000,6,838,928,1120,0,970,1002,1920,0,34,6,0,false,0,1324,16,-113997,0,1,384,1000,false,false,none,true,true,true,false,true
1079,h5000_e10000_s80000_k20_y50000,5000,10000,80000,20,50000,52,8388,NA,4495,0,9844,2242,1918,0,26,14,0,false,15,12854,277,-6911207,0,10,4389,1099,false,false,none,true,true,true,false,true
1080,h300_e100000_s160000_k40_y50000,300,100000,160000,40,50000,47,9076,NA,5456,0,9999,2784,1914,-1,21,17,2,false,0,13474,404,-2181185,0,0,104,1000,false,false,none,true,true,true,false,true
1081,h700_e50000_s5000_k40_y20000,700,50000,5000,40,20000,9,2186,2975,1416,0,2649,1000,1897,-4448,22,14,4,false,0,5300,63,-456183,0,1,413,1000,false,false,none,true,true,true,false,true
1082,h10000_e20000_s160000_k20_y50000,10000,20000,160000,20,50000,93,9247,NA,6306,0,9998,3459,1892,0,27,13,0,false,14,13472,404,-4909682,0,1,8092,1006,false,false,none,true,true,true,false,true
1083,h10000_e20000_s10000_k20_y50000,10000,20000,10000,20,50000,14,7658,NA,3107,0,9793,1186,1892,0,32,8,0,false,15,13255,164,-2406977,0,1,8092,1006,false,false,none,true,true,true,false,true
1084,h5000_e10000_s40000_k20_y50000,5000,10000,40000,20,50000,30,6890,NA,3798,0,9110,1800,1875,0,28,12,0,false,15,12798,212,-4783036,0,10,4389,1099,false,false,none,true,true,true,false,true
1085,h3000_e10000_s20000_k10_y20000,3000,10000,20000,10,20000,22,5669,23237,2701,0,7189,1333,1871,0,31,9,0,false,19,5008,72,-2223095,0,9,2633,1060,false,false,none,true,true,true,false,true
1086,h2000_e15000_s160000_k40_y50000,2000,15000,160000,40,50000,47,8916,NA,4593,0,9967,2221,1864,0,27,13,0,false,29,13467,404,-3066997,0,1,1699,1007,false,false,none,true,true,true,false,true
1087,h2000_e20000_s160000_k40_y50000,2000,20000,160000,40,50000,47,8937,NA,4968,0,9989,2418,1855,0,27,13,0,false,0,13473,404,-2171256,0,1,1618,1001,false,false,none,true,true,true,false,true
1088,h3000_e20000_s10000_k20_y30000,3000,20000,10000,20,30000,13,7305,59509,2319,0,8699,1065,1851,0,34,6,0,false,0,7953,98,-1466082,0,1,2427,1002,false,false,none,true,true,true,false,true
1089,h2000_e20000_s5000_k40_y20000,2000,20000,5000,40,20000,7,2939,4457,1419,0,3388,1015,1850,0,32,8,0,false,0,5299,63,-454657,0,1,1618,1001,false,false,none,true,true,true,false,true
1090,h300_e25000_s20000_k40_y10000,300,25000,20000,40,10000,10,2493,3574,1477,0,2999,1022,1844,-385,32,6,2,false,0,2654,36,-276728,0,1,230,1000,false,false,none,true,true,true,false,true
1091,h10000_e20000_s40000_k20_y50000,10000,20000,40000,20,50000,30,8901,NA,4182,0,9994,1892,1843,0,31,9,0,false,15,13298,212,-3078779,0,1,8092,1006,false,false,none,true,true,true,false,true
1092,h3000_e40000_s2500_k40_y30000,3000,40000,2500,40,30000,6,3999,7183,1389,0,4432,1000,1839,-246,24,14,2,false,0,7947,91,-655193,0,1,1968,1000,false,false,none,true,true,true,false,true
1093,h700_e70000_s160000_k40_y50000,700,70000,160000,40,50000,47,9039,NA,5480,0,9999,2766,1837,-159,21,17,2,false,0,13474,404,-2164880,0,0,334,1000,false,false,none,true,true,true,false,true
1094,h1500_e40000_s5000_k40_y30000,1500,40000,5000,40,30000,8,3665,6488,1616,0,4349,1001,1834,-1814,23,14,3,false,0,7950,94,-684168,0,1,984,1000,false,false,none,true,true,true,false,true
1095,h1000_e25000_s5000_k40_y10000,1000,25000,5000,40,10000,6,1693,2102,1226,0,1941,1003,1826,0,34,6,0,false,0,2649,32,-227891,0,1,768,1000,false,false,none,true,true,true,false,true
1096,h2000_e15000_s5000_k40_y20000,2000,15000,5000,40,20000,8,2506,3571,1427,0,2942,1034,1819,0,31,9,0,false,75,5293,63,-453285,0,1,1699,1007,false,false,none,true,true,true,false,true
1097,h2000_e25000_s160000_k40_y50000,2000,25000,160000,40,50000,47,8937,NA,5197,0,9996,2562,1816,0,31,9,0,false,0,13473,404,-2160220,0,1,1536,1000,false,false,none,true,true,true,false,true
1098,h3000_e10000_s20000_k40_y50000,3000,10000,20000,40,50000,14,6099,24996,2314,0,7189,1333,1814,0,29,11,0,false,31,12970,180,-2223095,0,9,2633,1060,false,false,none,true,true,true,false,true
1099,h1500_e40000_s160000_k40_y50000,1500,40000,160000,40,50000,47,9006,NA,5393,0,9999,2699,1800,0,31,9,0,false,0,13474,404,-2155193,0,1,984,1000,false,false,none,true,true,true,false,true
1100,h700_e25000_s2500_k40_y5000,700,25000,2500,40,5000,4,784,861,1097,0,892,1000,1780,0,34,6,0,false,0,1324,16,-109177,0,1,537,1000,false,false,none,true,true,true,false,true
1101,h2000_e30000_s160000_k40_y50000,2000,30000,160000,40,50000,47,8920,NA,5341,0,9998,2660,1774,0,31,9,0,false,0,13473,404,-2147909,0,1,1457,1000,false,false,none,true,true,true,false,true
1102,h3000_e10000_s20000_k20_y30000,3000,10000,20000,20,30000,17,5872,24066,2519,0,7189,1333,1770,0,30,10,0,false,26,7662,108,-2223095,0,9,2633,1060,false,false,none,true,true,true,false,true
1103,h3000_e20000_s5000_k40_y30000,3000,20000,5000,40,30000,7,4422,9041,1618,0,5083,1023,1762,0,32,8,0,false,0,7949,94,-680820,0,1,2427,1002,false,false,none,true,true,true,false,true
1104,h300_e100000_s5000_k40_y30000,300,100000,5000,40,30000,8,3631,6368,1599,0,4297,1000,1753,-1023,15,23,2,false,0,7950,94,-684290,0,0,104,1000,false,false,none,true,true,true,false,true
1105,h500_e30000_s5000_k40_y5000,500,30000,5000,40,5000,5,974,1096,1123,0,1110,1001,1744,0,25,15,0,false,0,1324,16,-114019,0,1,364,1000,false,false,none,true,true,true,false,true
1106,h1000_e50000_s2500_k40_y10000,1000,50000,2500,40,10000,5,1453,1736,1158,0,1628,1000,1742,0,26,14,0,false,0,2649,31,-218469,0,1,590,1000,false,false,none,true,true,true,false,true
1107,h3000_e15000_s5000_k40_y30000,3000,15000,5000,40,30000,8,3780,6839,1622,0,4415,1051,1740,0,31,9,0,false,50,7940,94,-677762,0,1,2549,1010,false,false,none,true,true,true,false,true
1108,h700_e20000_s2500_k40_y5000,700,20000,2500,40,5000,4,741,810,1098,0,848,1002,1739,0,32,8,0,false,0,1324,16,-109126,0,1,566,1000,false,false,none,true,true,true,false,true
1109,h10000_e15000_s80000_k20_y50000,10000,15000,80000,20,50000,52,8081,NA,5547,0,9934,2648,1731,0,27,13,0,false,15,13325,277,-5408086,0,1,8499,1035,false,false,none,true,true,true,false,true
1110,h5000_e10000_s40000_k10_y30000,5000,10000,40000,10,30000,36,6727,NA,3945,0,9110,1800,1729,0,31,9,0,false,13,7478,128,-4783036,0,10,4389,1099,false,false,none,true,true,true,false,true
1111,h500_e100000_s160000_k40_y50000,500,100000,160000,40,50000,47,8831,NA,5534,0,9999,2844,1728,0,23,17,0,false,0,13474,404,-2125612,0,0,174,1000,false,false,none,true,true,true,false,true
1112,h300_e40000_s10000_k40_y10000,300,40000,10000,40,10000,7,2200,2959,1328,0,2562,1002,1721,-734,25,14,1,false,0,2652,33,-245927,0,1,196,1000,false,false,none,true,true,true,false,true
1113,h10000_e15000_s160000_k20_y50000,10000,15000,160000,20,50000,93,9124,NA,6334,0,9988,3561,1718,0,26,14,0,false,14,13441,404,-9273849,0,1,8499,1035,false,false,none,true,true,true,false,true
1114,h1000_e70000_s160000_k40_y50000,1000,70000,160000,40,50000,47,8866,NA,5558,0,9999,2828,1704,0,23,17,0,false,0,13474,404,-2122305,0,0,478,1000,false,false,none,true,true,true,false,true
1115,h3000_e20000_s160000_k40_y50000,3000,20000,160000,40,50000,47,8667,NA,5338,0,9984,2653,1701,0,27,13,0,false,0,13473,404,-2382587,0,1,2427,1002,false,false,none,true,true,true,false,true
1116,h3000_e10000_s2500_k20_y20000,3000,10000,2500,20,20000,12,2497,3732,1728,0,3196,1099,1699,0,29,11,0,false,40,4997,61,-1513375,0,9,2633,1060,false,false,none,true,true,true,false,true
1117,h10000_e15000_s5000_k20_y50000,10000,15000,5000,20,50000,12,8049,NA,2755,0,9826,1156,1694,0,31,9,0,false,15,13217,155,-2209956,0,1,8499,1035,false,false,none,true,true,true,false,true
1118,h10000_e100000_s80000_k40_y50000,10000,100000,80000,40,50000,26,9366,NA,4886,0,9999,2417,1691,0,23,17,0,false,0,13358,277,-1917034,0,0,3486,1000,false,false,none,true,true,true,false,true
1119,h3000_e15000_s160000_k40_y50000,3000,15000,160000,40,50000,47,8656,NA,5080,0,9951,2497,1690,0,27,13,0,false,29,13464,404,-4138577,0,1,2549,1010,false,false,none,true,true,true,false,true
1120,h2000_e25000_s5000_k40_y20000,2000,25000,5000,40,20000,6,3428,5611,1416,0,3882,1007,1686,-31,32,6,2,false,0,5299,63,-455371,0,1,1536,1000,false,false,none,true,true,true,false,true
1121,h300_e30000_s10000_k40_y5000,300,30000,10000,40,5000,6,1268,1492,1208,0,1496,1003,1677,-189,21,15,4,false,0,1325,17,-122950,0,1,218,1000,false,false,none,true,true,true,false,true
1122,h10000_e15000_s2500_k20_y50000,10000,15000,2500,20,50000,11,8492,NA,2357,0,9899,1090,1668,0,31,9,0,false,15,13213,151,-2124062,0,1,8499,1035,false,false,none,true,true,true,false,true
1123,h5000_e50000_s80000_k40_y50000,5000,50000,80000,40,50000,26,9365,NA,4727,0,9999,2304,1655,0,23,17,0,false,0,13358,277,-1895195,0,0,2952,1000,false,false,none,true,true,true,false,true
1124,h2000_e30000_s80000_k40_y50000,2000,30000,80000,40,50000,26,9362,NA,4140,0,9999,1953,1651,0,32,8,0,false,0,13357,277,-1907166,0,1,1457,1000,false,false,none,true,true,true,false,true
1125,h3000_e25000_s160000_k40_y50000,3000,25000,160000,40,50000,47,8671,NA,5492,0,9994,2756,1650,0,29,11,0,false,0,13473,404,-2108359,0,1,2304,1000,false,false,none,true,true,true,false,true
1126,h5000_e15000_s5000_k20_y30000,5000,15000,5000,20,30000,9,6195,24333,2132,0,7361,1083,1649,0,31,9,0,false,25,7934,94,-1346930,0,1,4249,1017,false,false,none,true,true,true,false,true
1127,h5000_e20000_s5000_k40_y50000,5000,20000,5000,40,50000,8,7399,49834,2003,0,8472,1038,1646,0,32,8,0,false,0,13248,155,-1130831,0,1,4046,1003,false,false,none,true,true,true,false,true
1128,h10000_e15000_s40000_k20_y50000,10000,15000,40000,20,50000,30,8816,NA,4294,0,9969,1994,1645,0,27,13,0,false,15,13268,212,-3500397,0,1,8499,1035,false,false,none,true,true,true,false,true
1129,h10000_e70000_s80000_k40_y50000,10000,70000,80000,40,50000,26,9366,NA,4954,0,9999,2432,1644,0,23,17,0,false,0,13358,277,-1890041,0,0,4782,1000,false,false,none,true,true,true,false,true
1130,h1000_e40000_s10000_k20_y30000,1000,40000,10000,20,30000,15,7086,48887,2317,0,8542,1006,1639,0,26,14,0,false,0,7954,98,-1475380,0,1,656,1000,false,false,none,true,true,true,false,true
1131,h2000_e25000_s80000_k40_y50000,2000,25000,80000,40,50000,26,9358,NA,3996,0,9999,1874,1637,0,32,8,0,false,0,13357,277,-1902588,0,1,1536,1000,false,false,none,true,true,true,false,true
1132,h5000_e15000_s5000_k40_y50000,5000,15000,5000,40,50000,8,6331,24867,2010,0,7361,1083,1629,0,31,9,0,false,30,13233,155,-1122442,0,1,4249,1017,false,false,none,true,true,true,false,true
1133,h1000_e30000_s5000_k40_y10000,1000,30000,5000,40,10000,6,1969,2531,1227,0,2220,1002,1629,-38,32,6,2,false,0,2649,32,-227989,0,1,728,1000,false,false,none,true,true,true,false,true
1134,h10000_e15000_s10000_k20_y50000,10000,15000,10000,20,50000,13,7638,NA,3125,0,9672,1295,1628,0,31,9,0,false,15,13225,164,-2366943,0,1,8499,1035,false,false,none,true,true,true,false,true
1135,h500_e20000_s20000_k40_y10000,500,20000,20000,40,10000,9,2638,3866,1482,0,3132,1038,1618,-14,30,8,2,false,0,2654,36,-276452,0,1,404,1000,false,false,none,true,true,true,false,true
1136,h100_e50000_s10000_k40_y5000,100,50000,10000,40,5000,7,1200,1406,1235,0,1461,1000,1618,-769,13,25,2,false,0,1326,17,-122969,0,0,59,1000,false,false,none,true,true,true,false,true
1137,h10000_e25000_s20000_k20_y50000,10000,25000,20000,20,50000,19,9337,NA,3373,0,9999,1385,1616,0,32,8,0,false,0,13270,180,-2715606,0,1,7682,1001,false,false,none,true,true,true,false,true
1138,h1500_e25000_s2500_k40_y10000,1500,25000,2500,40,10000,5,1698,2100,1194,0,1912,1001,1609,0,34,6,0,false,0,2648,31,-218217,0,1,1152,1000,false,false,none,true,true,true,false,true
1139,h1000_e30000_s10000_k40_y20000,1000,30000,10000,40,20000,7,4417,8836,1524,0,4987,1011,1608,-262,33,6,1,false,0,5302,66,-491563,0,1,728,1000,false,false,none,true,true,true,false,true
1140,h700_e25000_s10000_k40_y10000,700,25000,10000,40,10000,7,2304,3147,1334,0,2664,1011,1603,-51,30,6,4,false,0,2651,33,-245737,0,1,537,1000,false,false,none,true,true,true,false,true
1141,h3000_e30000_s80000_k40_y50000,3000,30000,80000,40,50000,26,9360,NA,4365,0,9999,2081,1599,0,32,8,0,false,0,13357,277,-1892436,0,1,2186,1000,false,false,none,true,true,true,false,true
1142,h3000_e25000_s5000_k40_y30000,3000,25000,5000,40,30000,6,5151,12371,1616,0,5823,1011,1594,-54,32,6,2,false,0,7949,94,-682440,0,1,2304,1000,false,false,none,true,true,true,false,true
1143,h10000_e20000_s20000_k20_y50000,10000,20000,20000,20,50000,19,9124,NA,3381,0,9997,1441,1591,0,32,8,0,false,15,13269,180,-2682816,0,1,8092,1006,false,false,none,true,true,true,false,true
1144,h500_e15000_s10000_k40_y5000,500,15000,10000,40,5000,8,919,1034,1179,0,1096,1019,1589,0,31,9,0,false,302,1324,17,-122732,0,1,424,1001,false,false,none,true,true,true,false,true
1145,h2000_e20000_s80000_k40_y50000,2000,20000,80000,40,50000,26,9351,NA,3798,0,9996,1777,1587,0,31,9,0,false,0,13357,277,-1897329,0,1,1618,1001,false,false,none,true,true,true,false,true
1146,h3000_e30000_s160000_k40_y50000,3000,30000,160000,40,50000,47,8673,NA,5594,0,9998,2825,1586,0,29,11,0,false,0,13473,404,-2090175,0,1,2186,1000,false,false,none,true,true,true,false,true
1147,h5000_e40000_s80000_k40_y50000,5000,40000,80000,40,50000,26,9363,NA,4722,0,9999,2284,1581,-5,30,8,2,false,0,13358,277,-1881471,0,1,3280,1000,false,false,none,true,true,true,false,true
1148,h3000_e25000_s80000_k40_y50000,3000,25000,80000,40,50000,26,9354,NA,4279,0,9998,2022,1580,0,31,9,0,false,0,13357,277,-1885655,0,1,2304,1000,false,false,none,true,true,true,false,true
1149,h3000_e10000_s5000_k20_y20000,3000,10000,5000,20,20000,14,2978,4894,1843,0,3762,1137,1571,0,29,11,0,false,40,4999,63,-1616542,0,9,2633,1060,false,false,none,true,true,true,false,true
1150,h2000_e50000_s160000_k40_y50000,2000,50000,160000,40,50000,47,8704,NA,5646,0,9999,2862,1563,0,31,9,0,false,0,13474,404,-2083038,0,0,1180,1000,false,false,none,true,true,true,false,true
1151,h1500_e20000_s2500_k40_y10000,1500,20000,2500,40,10000,5,1606,1965,1194,0,1817,1004,1563,0,32,8,0,false,0,2648,31,-217987,0,1,1213,1001,false,false,none,true,true,true,false,true
1152,h700_e100000_s160000_k40_y50000,700,100000,160000,40,50000,47,8674,NA,5608,0,9999,2886,1559,0,23,17,0,false,0,13474,404,-2070901,0,0,244,1000,false,false,none,true,true,true,false,true
1153,h3000_e20000_s80000_k40_y50000,3000,20000,80000,40,50000,26,9341,NA,4138,0,9995,1945,1558,0,31,9,0,false,0,13357,277,-1877840,0,1,2427,1002,false,false,none,true,true,true,false,true
1154,h3000_e10000_s160000_k40_y50000,3000,10000,160000,40,50000,47,8606,NA,4549,0,9834,2370,1555,0,25,15,0,false,31,13169,404,-7000475,0,9,2633,1060,false,false,none,true,true,true,false,true
1155,h700_e15000_s20000_k40_y10000,700,15000,20000,40,10000,11,2289,3179,1460,0,2730,1062,1546,0,31,9,0,false,151,2652,36,-275886,0,1,594,1002,false,false,none,true,true,true,false,true
1156,h5000_e70000_s80000_k20_y30000,5000,70000,80000,20,30000,32,9241,NA,4473,0,9999,2327,1530,0,23,17,0,false,0,8015,166,-2296038,0,0,2391,1000,false,false,none,true,true,true,false,true
1157,h5000_e10000_s2500_k10_y20000,5000,10000,2500,10,20000,13,4452,9922,1953,0,5332,1161,1530,0,30,10,0,false,20,4797,61,-2480139,0,10,4389,1099,false,false,none,true,true,true,false,true
1158,h3000_e25000_s2500_k40_y20000,3000,25000,2500,40,20000,5,3403,5514,1383,0,3824,1003,1523,0,34,6,0,false,0,5297,61,-435945,0,1,2304,1000,false,false,none,true,true,true,false,true
1159,h2000_e40000_s5000_k40_y30000,2000,40000,5000,40,30000,6,5115,12182,1616,0,5799,1001,1517,-490,24,14,2,false,0,7950,94,-684091,0,1,1312,1000,false,false,none,true,true,true,false,true
1160,h10000_e50000_s80000_k40_y50000,10000,50000,80000,40,50000,26,9361,NA,5001,0,9999,2452,1515,0,32,8,0,false,0,13358,277,-1854368,0,0,5904,1000,false,false,none,true,true,true,false,true
1161,h5000_e50000_s80000_k20_y30000,5000,50000,80000,20,30000,32,9240,NA,4473,0,9999,2304,1513,0,23,17,0,false,0,8015,166,-2274234,0,0,2952,1000,false,false,none,true,true,true,false,true
1162,h5000_e30000_s80000_k40_y50000,5000,30000,80000,40,50000,26,9347,NA,4679,0,9999,2251,1511,0,31,9,0,false,0,13357,277,-1863363,0,1,3644,1000,false,false,none,true,true,true,false,true
1163,h700_e15000_s2500_k40_y5000,700,15000,2500,40,5000,5,696,757,1102,0,802,1006,1509,0,31,9,0,false,303,1322,16,-109015,0,1,594,1002,false,false,none,true,true,true,false,true
1164,h1000_e15000_s10000_k40_y10000,1000,15000,10000,40,10000,9,1871,2410,1328,0,2194,1037,1504,0,31,9,0,false,151,2648,33,-244990,0,1,849,1003,false,false,none,true,true,true,false,true
1165,h2000_e30000_s40000_k40_y50000,2000,30000,40000,40,50000,15,7627,NA,3134,0,9525,1427,1492,0,32,8,0,false,0,13299,212,-1615307,0,1,1457,1000,false,false,none,true,true,true,false,true
1166,h3000_e20000_s2500_k40_y20000,3000,20000,2500,40,20000,5,3219,5067,1384,0,3635,1009,1491,0,32,8,0,false,0,5297,61,-435026,0,1,2427,1002,false,false,none,true,true,true,false,true
1167,h1500_e70000_s160000_k40_y50000,1500,70000,160000,40,50000,47,8674,NA,5658,0,9999,2900,1483,0,23,17,0,false,0,13474,404,-2052515,0,0,717,1000,false,false,none,true,true,true,false,true
1168,h5000_e25000_s80000_k40_y50000,5000,25000,80000,40,50000,26,9304,NA,4644,0,9998,2225,1483,0,31,9,0,false,0,13357,277,-1852243,0,1,3841,1000,false,false,none,true,true,true,false,true
1169,h3000_e15000_s80000_k40_y50000,3000,15000,80000,40,50000,26,9259,NA,3902,0,9980,1877,1480,0,27,13,0,false,30,13348,277,-2219796,0,1,2549,1010,false,false,none,true,true,true,false,true
1170,h3000_e40000_s80000_k20_y30000,3000,40000,80000,20,30000,32,9239,NA,4473,0,9999,2154,1478,-2,30,8,2,false,0,8015,166,-2284159,0,1,1968,1000,false,false,none,true,true,true,false,true
1171,h3000_e30000_s80000_k20_y30000,3000,30000,80000,20,30000,32,9235,NA,4397,0,9999,2081,1471,0,32,8,0,false,0,8014,166,-2270923,0,1,2186,1000,false,false,none,true,true,true,false,true
1172,h300_e20000_s20000_k40_y5000,300,20000,20000,40,5000,8,1545,1908,1323,0,1878,1023,1470,0,32,8,0,false,0,1327,18,-138313,0,1,242,1000,false,false,none,true,true,true,false,true
1173,h2000_e30000_s5000_k40_y20000,2000,30000,5000,40,20000,5,3982,7168,1416,0,4440,1004,1469,-159,31,6,3,false,0,5299,63,-455760,0,1,1457,1000,false,false,none,true,true,true,false,true
1174,h3000_e40000_s160000_k40_y50000,3000,40000,160000,40,50000,47,8674,NA,5662,0,9999,2912,1462,0,31,9,0,false,0,13474,404,-2047550,0,1,1968,1000,false,false,none,true,true,true,false,true
1175,h3000_e25000_s80000_k20_y30000,3000,25000,80000,20,30000,32,9229,NA,4304,0,9998,2022,1457,0,31,9,0,false,0,8014,166,-2262786,0,1,2304,1000,false,false,none,true,true,true,false,true
1176,h5000_e20000_s80000_k40_y50000,5000,20000,80000,40,50000,26,9170,NA,4592,0,9992,2187,1452,0,27,13,0,false,0,13357,277,-1839482,0,1,4046,1003,false,false,none,true,true,true,false,true
1177,h3000_e30000_s5000_k20_y20000,3000,30000,5000,20,20000,8,5766,17301,1811,0,6660,1006,1452,-364,32,5,3,false,0,5299,63,-911086,0,1,2186,1000,false,false,none,true,true,true,false,true
1178,h5000_e25000_s20000_k40_y50000,5000,25000,20000,40,50000,11,8152,NA,2662,0,9724,1248,1450,0,32,8,0,false,0,13270,180,-1371043,0,1,3841,1000,false,false,none,true,true,true,false,true
1179,h300_e70000_s40000_k20_y30000,300,70000,40000,20,30000,19,7626,NA,3136,0,9539,1414,1445,0,25,15,0,false,0,7980,128,-1948794,0,0,143,1000,false,false,none,true,true,true,false,true
1180,h1500_e50000_s5000_k40_y30000,1500,50000,5000,40,30000,6,4992,11550,1616,0,5676,1000,1442,-496,24,14,2,false,0,7950,94,-684256,0,0,885,1000,false,false,none,true,true,true,false,true
1181,h10000_e15000_s20000_k20_y50000,10000,15000,20000,20,50000,19,9037,NA,3420,0,9983,1558,1436,0,31,9,0,false,15,13239,180,-2630661,0,1,8499,1035,false,false,none,true,true,true,false,true
1182,h3000_e15000_s10000_k20_y20000,3000,15000,10000,20,20000,9,5696,17305,1910,0,6590,1105,1435,0,31,9,0,false,37,5293,66,-972418,0,1,2549,1010,false,false,none,true,true,true,false,true
1183,h5000_e20000_s2500_k20_y20000,5000,20000,2500,20,20000,6,5351,13642,1653,0,6059,1016,1433,0,32,8,0,false,0,5297,61,-867472,0,1,4046,1003,false,false,none,true,true,true,false,true
1184,h10000_e40000_s80000_k40_y50000,10000,40000,80000,40,50000,26,9287,NA,5037,0,9999,2471,1428,0,31,9,0,false,0,13357,277,-1827684,0,1,6560,1000,false,false,none,true,true,true,false,true
1185,h5000_e20000_s160000_k40_y50000,5000,20000,160000,40,50000,47,8663,NA,5668,0,9974,2974,1424,0,27,13,0,false,0,13473,404,-2967366,0,1,4046,1003,false,false,none,true,true,true,false,true
1186,h1500_e40000_s2500_k40_y10000,1500,40000,2500,40,10000,4,2000,2570,1194,0,2216,1000,1424,0,26,14,0,false,0,2649,31,-218443,0,1,984,1000,false,false,none,true,true,true,false,true
1187,h700_e20000_s5000_k40_y5000,700,20000,5000,40,5000,5,1044,1185,1132,0,1185,1005,1421,0,32,8,0,false,0,1324,16,-113911,0,1,566,1000,false,false,none,true,true,true,false,true
1188,h5000_e30000_s20000_k40_y50000,5000,30000,20000,40,50000,11,8110,NA,2700,0,9739,1234,1420,0,34,6,0,false,0,13270,180,-1376226,0,1,3644,1000,false,false,none,true,true,true,false,true
1189,h5000_e10000_s2500_k20_y30000,5000,10000,2500,20,30000,12,4280,9539,2108,0,5332,1161,1409,0,29,11,0,false,26,7446,91,-2480139,0,10,4389,1099,false,false,none,true,true,true,false,true
1190,h10000_e10000_s160000_k20_y50000,10000,10000,160000,20,50000,155,8959,NA,6469,0,9898,3790,1408,0,22,18,0,false,16,12458,404,-17517280,0,14,8783,1194,false,false,none,true,true,true,false,true
1191,h1000_e50000_s5000_k40_y20000,1000,50000,5000,40,20000,6,3322,5345,1416,0,3784,1000,1405,-987,23,14,3,false,0,5300,63,-456178,0,1,590,1000,false,false,none,true,true,true,false,true
1192,h3000_e25000_s40000_k40_y50000,3000,25000,40000,40,50000,15,7749,NA,3232,0,9458,1487,1399,0,32,8,0,false,0,13299,212,-1605574,0,1,2304,1000,false,false,none,true,true,true,false,true
1193,h2000_e30000_s40000_k20_y30000,2000,30000,40000,20,30000,18,7607,NA,3153,0,9525,1427,1397,0,34,6,0,false,0,7979,128,-1938369,0,1,1457,1000,false,false,none,true,true,true,false,true
1194,h5000_e10000_s5000_k10_y20000,5000,10000,5000,10,20000,13,5284,15205,2116,0,6281,1219,1394,0,30,10,0,false,20,4799,63,-2643779,0,10,4389,1099,false,false,none,true,true,true,false,true
1195,h5000_e15000_s160000_k40_y50000,5000,15000,160000,40,50000,47,8628,NA,5675,0,9919,2904,1393,0,26,14,0,false,29,13457,404,-5652445,0,1,4249,1017,false,false,none,true,true,true,false,true
1196,h2000_e25000_s10000_k40_y30000,2000,25000,10000,40,30000,7,6845,29096,1722,0,7613,1031,1388,-91,32,6,2,false,0,7953,98,-736034,0,1,1536,1000,false,false,none,true,true,true,false,true
1197,h5000_e15000_s80000_k40_y50000,5000,15000,80000,40,50000,26,8958,NA,4488,0,9966,2163,1353,0,27,13,0,false,30,13341,277,-3367325,0,1,4249,1017,false,false,none,true,true,true,false,true
1198,h100_e100000_s5000_k40_y10000,100,100000,5000,40,10000,8,1198,1398,1210,0,1432,1000,1352,-13596,4,34,2,false,0,2650,32,-228097,0,0,34,1000,false,false,none,true,true,true,false,true
1199,h1500_e40000_s40000_k40_y50000,1500,40000,40000,40,50000,15,7595,NA,3164,0,9500,1449,1347,0,25,15,0,false,0,13300,212,-1620797,0,1,984,1000,false,false,none,true,true,true,false,true
1200,h700_e25000_s5000_k40_y5000,700,25000,5000,40,5000,5,1213,1404,1133,0,1358,1002,1347,0,34,6,0,false,0,1324,16,-113979,0,1,537,1000,false,false,none,true,true,true,false,true
1201,h1500_e15000_s2500_k40_y10000,1500,15000,2500,40,10000,5,1511,1829,1202,0,1720,1014,1346,0,31,9,0,false,151,2644,31,-221266,0,1,1274,1005,false,false,none,true,true,true,false,true
1202,h1000_e20000_s10000_k40_y10000,1000,20000,10000,40,10000,6,2527,3572,1356,0,2898,1023,1345,0,32,8,0,false,0,2651,33,-245407,0,1,809,1000,false,false,none,true,true,true,false,true
1203,h3000_e10000_s10000_k20_y20000,3000,10000,10000,20,20000,14,4082,8382,1942,0,4899,1207,1341,0,29,11,0,false,39,5002,66,-1821029,0,9,2633,1060,false,false,none,true,true,true,false,true
1204,h10000_e30000_s80000_k40_y50000,10000,30000,80000,40,50000,26,9113,NA,5093,0,9999,2502,1339,0,31,9,0,false,0,13357,277,-1792794,0,1,7289,1000,false,false,none,true,true,true,false,true
1205,h10000_e40000_s5000_k20_y30000,10000,40000,5000,20,30000,10,8682,NA,2186,0,9992,1006,1338,0,35,5,0,false,0,7949,94,-1366737,0,1,6560,1000,false,false,none,true,true,true,false,true
1206,h5000_e15000_s10000_k40_y50000,5000,15000,10000,40,50000,9,8725,NA,2147,0,9815,1166,1334,0,31,9,0,false,30,13241,164,-1206197,0,1,4249,1017,false,false,none,true,true,true,false,true
1207,h10000_e10000_s80000_k20_y50000,10000,10000,80000,20,50000,83,7749,NA,5740,0,9692,2917,1332,0,25,15,0,false,16,12350,277,-11718360,0,14,8783,1194,false,false,none,true,true,true,false,true
1208,h500_e40000_s5000_k40_y5000,500,40000,5000,40,5000,4,1307,1529,1127,0,1449,1000,1329,-133,24,14,2,false,0,1325,16,-114042,0,1,328,1000,false,false,none,true,true,true,false,true
1209,h700_e15000_s5000_k40_y5000,700,15000,5000,40,5000,6,894,998,1134,0,1029,1012,1328,0,31,9,0,false,303,1322,16,-115051,0,1,594,1002,false,false,none,true,true,true,false,true
1210,h5000_e40000_s20000_k40_y50000,5000,40000,20000,40,50000,11,8074,NA,2733,0,9746,1227,1319,0,32,8,0,false,0,13271,180,-1381381,0,1,3280,1000,false,false,none,true,true,true,false,true
1211,h3000_e15000_s10000_k40_y30000,3000,15000,10000,40,30000,7,5842,17748,1779,0,6590,1105,1316,0,31,9,0,false,50,7944,98,-729314,0,1,2549,1010,false,false,none,true,true,true,false,true
1212,h10000_e50000_s10000_k40_y50000,10000,50000,10000,40,50000,10,8664,NA,2201,0,9955,1040,1315,-321,23,15,2,false,0,13257,164,-1228923,0,0,5904,1000,false,false,none,true,true,true,false,true
1213,h3000_e40000_s2500_k40_y20000,3000,40000,2500,40,20000,4,4044,7264,1348,0,4432,1000,1314,-176,24,14,2,false,0,5298,61,-436796,0,1,1968,1000,false,false,none,true,true,true,false,true
1214,h10000_e40000_s40000_k40_y50000,10000,40000,40000,40,50000,15,9459,NA,3888,0,9999,1818,1313,0,32,8,0,false,0,13299,212,-1602285,0,1,6560,1000,false,false,none,true,true,true,false,true
1215,h5000_e25000_s2500_k40_y30000,5000,25000,2500,40,30000,5,5753,15899,1565,0,6374,1006,1309,0,32,8,0,false,0,7946,91,-652917,0,1,3841,1000,false,false,none,true,true,true,false,true
1216,h3000_e25000_s40000_k20_y30000,3000,25000,40000,20,30000,18,7716,NA,3254,0,9458,1487,1308,0,32,8,0,false,0,7979,128,-1926688,0,1,2304,1000,false,false,none,true,true,true,false,true
1217,h10000_e30000_s5000_k20_y30000,10000,30000,5000,20,30000,9,8681,NA,2186,0,9977,1020,1306,0,34,6,0,false,0,7949,94,-1362095,0,1,7289,1000,false,false,none,true,true,true,false,true
1218,h10000_e30000_s2500_k40_y50000,10000,30000,2500,40,50000,7,9090,NA,1818,0,9994,1005,1301,-96,31,6,3,false,0,13244,151,-1088077,0,1,7289,1000,false,false,none,true,true,true,false,true
1219,h5000_e30000_s40000_k40_y50000,5000,30000,40000,40,50000,15,9458,NA,3577,0,9999,1645,1299,0,32,8,0,false,0,13299,212,-1602285,0,1,3644,1000,false,false,none,true,true,true,false,true
1220,h10000_e25000_s80000_k40_y50000,10000,25000,80000,40,50000,26,8928,NA,5094,0,9996,2529,1296,0,27,13,0,false,0,13357,277,-1771576,0,1,7682,1001,false,false,none,true,true,true,false,true
1221,h5000_e10000_s5000_k20_y30000,5000,10000,5000,20,30000,13,5147,14812,2239,0,6281,1219,1294,0,29,11,0,false,26,7449,94,-2643779,0,10,4389,1099,false,false,none,true,true,true,false,true
1222,h500_e15000_s40000_k40_y10000,500,15000,40000,40,10000,11,3448,5957,1687,0,4088,1111,1286,0,31,9,0,false,150,2658,43,-323579,0,1,424,1001,false,false,none,true,true,true,false,true
1223,h3000_e15000_s2500_k40_y20000,3000,15000,2500,40,20000,5,3040,4658,1388,0,3441,1028,1284,0,31,9,0,false,75,5288,61,-438091,0,1,2549,1010,false,false,none,true,true,true,false,true
1224,h10000_e40000_s10000_k40_y50000,10000,40000,10000,40,50000,9,8630,NA,2232,0,9933,1060,1283,-79,32,6,2,false,0,13256,164,-1227085,0,1,6560,1000,false,false,none,true,true,true,false,true
1225,h10000_e25000_s2500_k40_y50000,10000,25000,2500,40,50000,7,9011,NA,1889,0,9986,1012,1278,-2,32,6,2,false,0,13244,151,-1084112,0,1,7682,1001,false,false,none,true,true,true,false,true
1226,h5000_e20000_s2500_k40_y30000,5000,20000,2500,40,30000,5,5446,13884,1568,0,6059,1016,1272,0,32,8,0,false,0,7946,91,-650604,0,1,4046,1003,false,false,none,true,true,true,false,true
1227,h5000_e25000_s40000_k40_y50000,5000,25000,40000,40,50000,15,9454,NA,3534,0,9999,1629,1268,0,32,8,0,false,0,13299,212,-1593367,0,1,3841,1000,false,false,none,true,true,true,false,true
1228,h10000_e30000_s10000_k40_y50000,10000,30000,10000,40,50000,8,8590,NA,2268,0,9891,1097,1262,-42,31,6,3,false,0,13256,164,-1221412,0,1,7289,1000,false,false,none,true,true,true,false,true
1229,h10000_e25000_s5000_k40_y50000,10000,25000,5000,40,50000,7,8885,NA,2002,0,9958,1037,1262,-17,31,8,1,false,0,13248,155,-1130259,0,1,7682,1001,false,false,none,true,true,true,false,true
1230,h5000_e50000_s20000_k40_y50000,5000,50000,20000,40,50000,11,8019,NA,2782,0,9741,1232,1260,-175,23,15,2,false,0,13271,180,-1383290,0,0,2952,1000,false,false,none,true,true,true,false,true
1231,h1500_e40000_s40000_k20_y30000,1500,40000,40000,20,30000,18,7535,NA,3217,0,9500,1449,1257,0,25,15,0,false,0,7980,128,-1944956,0,1,984,1000,false,false,none,true,true,true,false,true
1232,h2000_e10000_s40000_k40_y30000,2000,10000,40000,40,30000,13,6782,39433,2347,0,7841,1394,1254,0,26,14,0,false,52,7779,128,-2046642,0,8,1755,1040,false,false,none,true,true,true,false,true
1233,h1500_e20000_s5000_k40_y10000,1500,20000,5000,40,10000,5,2273,3052,1253,0,2541,1011,1253,0,32,8,0,false,0,2649,32,-227511,0,1,1213,1001,false,false,none,true,true,true,false,true
1234,h10000_e30000_s40000_k40_y50000,10000,30000,40000,40,50000,15,9455,NA,3955,0,9999,1837,1248,0,32,8,0,false,0,13299,212,-1580893,0,1,7289,1000,false,false,none,true,true,true,false,true
1235,h10000_e10000_s40000_k20_y50000,10000,10000,40000,20,50000,47,8310,NA,4541,0,9810,2290,1243,0,25,15,0,false,16,12296,212,-8610834,0,14,8783,1194,false,false,none,true,true,true,false,true
1236,h5000_e100000_s20000_k40_y50000,5000,100000,20000,40,50000,11,7985,NA,2812,0,9713,1257,1238,-32,15,24,1,false,0,13271,180,-1384449,0,0,1743,1000,false,false,none,true,true,true,false,true
1237,h1000_e20000_s80000_k40_y30000,1000,20000,80000,40,30000,16,7539,NA,3214,0,9404,1536,1237,0,31,9,0,false,0,8014,166,-1150228,0,1,809,1000,false,false,none,true,true,true,false,true
1238,h5000_e15000_s2500_k20_y20000,5000,15000,2500,20,20000,6,4951,11756,1752,0,5736,1046,1235,0,31,9,0,false,37,5282,61,-861582,0,1,4249,1017,false,false,none,true,true,true,false,true
1239,h5000_e15000_s80000_k20_y30000,5000,15000,80000,20,30000,32,8915,NA,4474,0,9966,2163,1230,0,27,13,0,false,25,7998,166,-3367325,0,1,4249,1017,false,false,none,true,true,true,false,true
1240,h1000_e25000_s2500_k40_y5000,1000,25000,2500,40,5000,3,1163,1333,1101,0,1274,1001,1230,0,32,8,0,false,0,1324,16,-109154,0,1,768,1000,false,false,none,true,true,true,false,true
1241,h10000_e25000_s10000_k40_y50000,10000,25000,10000,40,50000,8,8555,NA,2300,0,9854,1130,1222,0,32,8,0,false,0,13256,164,-1214937,0,1,7682,1001,false,false,none,true,true,true,false,true
1242,h5000_e20000_s40000_k40_y50000,5000,20000,40000,40,50000,15,9444,NA,3487,0,9997,1625,1220,0,31,9,0,false,0,13299,212,-1580893,0,1,4046,1003,false,false,none,true,true,true,false,true
1243,h5000_e30000_s40000_k20_y30000,5000,30000,40000,20,30000,18,9351,NA,3597,0,9999,1645,1216,0,32,8,0,false,0,7979,128,-1922742,0,1,3644,1000,false,false,none,true,true,true,false,true
1244,h10000_e30000_s10000_k20_y30000,10000,30000,10000,20,30000,10,8509,NA,2341,0,9891,1097,1215,-43,31,6,3,false,0,7953,98,-1465694,0,1,7289,1000,false,false,none,true,true,true,false,true
1245,h10000_e40000_s40000_k20_y30000,10000,40000,40000,20,30000,18,9353,NA,3789,0,9999,1818,1214,0,32,8,0,false,0,7979,128,-1922742,0,1,6560,1000,false,false,none,true,true,true,false,true
1246,h10000_e20000_s80000_k40_y50000,10000,20000,80000,40,50000,26,8914,NA,5094,0,9984,2569,1208,0,27,13,0,false,29,13356,277,-2579808,0,1,8092,1006,false,false,none,true,true,true,false,true
1247,h700_e30000_s5000_k40_y5000,700,30000,5000,40,5000,4,1403,1662,1136,0,1554,1001,1207,0,23,17,0,false,0,1324,16,-114009,0,1,510,1000,false,false,none,true,true,true,false,true
1248,h10000_e20000_s160000_k40_y50000,10000,20000,160000,40,50000,47,9568,NA,5700,0,9998,3459,1206,0,27,13,0,false,29,13472,404,-4909682,0,1,8092,1006,false,false,none,true,true,true,false,true
1249,h10000_e25000_s40000_k40_y50000,10000,25000,40000,40,50000,15,9448,NA,3999,0,9999,1854,1206,0,31,9,0,false,0,13299,212,-1563501,0,1,7682,1001,false,false,none,true,true,true,false,true
1250,h5000_e25000_s40000_k20_y30000,5000,25000,40000,20,30000,18,9347,NA,3558,0,9999,1629,1198,0,32,8,0,false,0,7979,128,-1912040,0,1,3841,1000,false,false,none,true,true,true,false,true
1251,h500_e25000_s10000_k40_y5000,500,25000,10000,40,5000,5,1649,2039,1236,0,1902,1008,1196,0,32,8,0,false,0,1325,17,-122898,0,1,384,1000,false,false,none,true,true,true,false,true
1252,h5000_e15000_s40000_k40_y50000,5000,15000,40000,40,50000,15,8582,NA,3401,0,9268,1657,1192,0,27,13,0,false,30,13284,212,-1964626,0,1,4249,1017,false,false,none,true,true,true,false,true
1253,h10000_e25000_s10000_k20_y30000,10000,25000,10000,20,30000,9,8476,NA,2370,0,9854,1130,1189,0,32,8,0,false,0,7953,98,-1457924,0,1,7682,1001,false,false,none,true,true,true,false,true
1254,h2000_e25000_s2500_k40_y10000,2000,25000,2500,40,10000,4,2335,3135,1195,0,2549,1002,1187,0,34,6,0,false,0,2648,31,-218140,0,1,1536,1000,false,false,none,true,true,true,false,true
1255,h1500_e25000_s5000_k40_y10000,1500,25000,5000,40,10000,4,2638,3725,1251,0,2911,1005,1182,0,32,8,0,false,0,2649,32,-227788,0,1,1152,1000,false,false,none,true,true,true,false,true
1256,h700_e25000_s80000_k40_y30000,700,25000,80000,40,30000,16,7462,NA,3283,0,9393,1545,1177,0,32,8,0,false,0,8014,166,-1154919,0,1,537,1000,false,false,none,true,true,true,false,true
1257,h1000_e20000_s2500_k40_y5000,1000,20000,2500,40,5000,4,1097,1249,1105,0,1211,1003,1171,0,32,8,0,false,0,1324,16,-109075,0,1,809,1000,false,false,none,true,true,true,false,true
1258,h1500_e15000_s5000_k40_y10000,1500,15000,5000,40,10000,6,1946,2506,1260,0,2206,1026,1169,0,31,9,0,false,151,2645,32,-244998,0,1,1274,1005,false,false,none,true,true,true,false,true
1259,h3000_e20000_s5000_k40_y20000,3000,20000,5000,40,20000,5,4603,9412,1454,0,5083,1023,1168,0,32,8,0,false,0,5299,63,-453880,0,1,2427,1002,false,false,none,true,true,true,false,true
1260,h10000_e30000_s40000_k20_y30000,10000,30000,40000,20,30000,18,9349,NA,3789,0,9999,1837,1159,0,32,8,0,false,0,7979,128,-1897072,0,1,7289,1000,false,false,none,true,true,true,false,true
1261,h5000_e10000_s10000_k10_y20000,5000,10000,10000,10,20000,14,7036,48527,2362,0,8188,1325,1158,0,29,11,0,false,20,4802,66,-2966744,0,10,4389,1099,false,false,none,true,true,true,false,true
1262,h10000_e20000_s5000_k40_y50000,10000,20000,5000,40,50000,7,8881,NA,2006,0,9918,1072,1157,0,31,9,0,false,30,13247,155,-1121370,0,1,8092,1006,false,false,none,true,true,true,false,true
1263,h10000_e25000_s80000_k20_y30000,10000,25000,80000,20,30000,32,8891,NA,4473,0,9996,2529,1155,0,29,11,0,false,0,8014,166,-2125891,0,1,7682,1001,false,false,none,true,true,true,false,true
1264,h1000_e70000_s20000_k40_y30000,1000,70000,20000,40,30000,10,8382,NA,2455,0,9872,1114,1152,0,26,14,0,false,0,7963,108,-830659,0,0,478,1000,false,false,none,true,true,true,false,true
1265,h10000_e20000_s2500_k40_y50000,10000,20000,2500,40,50000,6,8975,NA,1922,0,9964,1031,1152,0,32,8,0,false,30,13243,151,-1076477,0,1,8092,1006,false,false,none,true,true,true,false,true
1266,h100_e40000_s20000_k40_y10000,100,40000,20000,40,10000,7,3318,5560,1643,0,4023,1008,1152,0,26,14,0,false,0,2655,36,-276882,0,1,65,1000,false,false,none,true,true,true,false,true
1267,h5000_e20000_s40000_k20_y30000,5000,20000,40000,20,30000,18,9338,NA,3505,0,9997,1625,1148,0,31,9,0,false,0,7979,128,-1897072,0,1,4046,1003,false,false,none,true,true,true,false,true
1268,h3000_e20000_s10000_k40_y30000,3000,20000,10000,40,30000,7,7901,64357,1784,0,8699,1065,1146,-6,31,8,1,false,0,7953,98,-733041,0,1,2427,1002,false,false,none,true,true,true,false,true
1269,h10000_e20000_s40000_k40_y50000,10000,20000,40000,40,50000,15,9393,NA,4070,0,9994,1892,1141,0,27,13,0,false,30,13298,212,-1539390,0,1,8092,1006,false,false,none,true,true,true,false,true
1270,h2000_e20000_s2500_k40_y10000,2000,20000,2500,40,10000,4,2204,2913,1203,0,2423,1006,1133,0,32,8,0,false,0,2648,31,-217824,0,1,1618,1001,false,false,none,true,true,true,false,true
1271,h300_e15000_s40000_k40_y5000,300,15000,40000,40,5000,10,2011,2691,1464,0,2449,1069,1130,0,31,9,0,false,301,1329,22,-162036,0,1,254,1001,false,false,none,true,true,true,false,true
1272,h10000_e20000_s10000_k40_y50000,10000,20000,10000,40,50000,7,8499,NA,2350,0,9793,1186,1122,0,31,9,0,false,30,13255,164,-1203489,0,1,8092,1006,false,false,none,true,true,true,false,true
1273,h5000_e15000_s40000_k20_y30000,5000,15000,40000,20,30000,18,8485,NA,3423,0,9268,1657,1117,0,29,11,0,false,25,7964,128,-1964626,0,1,4249,1017,false,false,none,true,true,true,false,true
1274,h10000_e25000_s40000_k20_y30000,10000,25000,40000,20,30000,18,9341,NA,3789,0,9999,1854,1115,0,31,9,0,false,0,7979,128,-1876201,0,1,7682,1001,false,false,none,true,true,true,false,true
1275,h10000_e15000_s160000_k40_y50000,10000,15000,160000,40,50000,47,9510,NA,5841,0,9988,3561,1108,0,20,20,0,false,29,13441,404,-9273849,0,1,8499,1035,false,false,none,true,true,true,false,true
1276,h1000_e100000_s20000_k40_y30000,1000,100000,20000,40,30000,10,8370,NA,2466,0,9821,1160,1106,-161,16,23,1,false,0,7963,108,-830673,0,0,348,1000,false,false,none,true,true,true,false,true
1277,h3000_e15000_s5000_k40_y20000,3000,15000,5000,40,20000,5,3945,7138,1473,0,4415,1051,1100,0,31,9,0,false,75,5290,63,-484382,0,1,2549,1010,false,false,none,true,true,true,false,true
1278,h700_e20000_s20000_k40_y10000,700,20000,20000,40,10000,6,3797,6835,1583,0,4386,1053,1094,-28,30,8,2,false,0,2654,36,-276279,0,1,566,1000,false,false,none,true,true,true,false,true
1279,h5000_e10000_s10000_k20_y30000,5000,10000,10000,20,30000,13,7002,48289,2393,0,8188,1325,1093,0,29,11,0,false,26,7453,98,-2966744,0,10,4389,1099,false,false,none,true,true,true,false,true
1280,h3000_e25000_s5000_k40_y20000,3000,25000,5000,40,20000,4,5339,12824,1447,0,5823,1011,1090,-4,31,6,3,false,0,5299,63,-454960,0,1,2304,1000,false,false,none,true,true,true,false,true
1281,h10000_e20000_s10000_k20_y30000,10000,20000,10000,20,30000,9,8431,NA,2411,0,9793,1186,1087,0,31,9,0,false,25,7952,98,-1444186,0,1,8092,1006,false,false,none,true,true,true,false,true
1282,h5000_e20000_s5000_k20_y20000,5000,20000,5000,20,20000,7,7610,51254,1814,0,8472,1038,1081,0,32,8,0,false,0,5299,63,-904665,0,1,4046,1003,false,false,none,true,true,true,false,true
1283,h5000_e15000_s2500_k40_y30000,5000,15000,2500,40,30000,5,5147,12221,1576,0,5736,1046,1081,0,31,9,0,false,50,7931,91,-720530,0,1,4249,1017,false,false,none,true,true,true,false,true
1284,h300_e20000_s160000_k40_y20000,300,20000,160000,40,20000,19,7446,NA,3297,0,9349,1585,1077,0,31,9,0,false,0,5389,162,-900598,0,1,242,1000,false,false,none,true,true,true,false,true
1285,h500_e15000_s20000_k40_y5000,500,15000,20000,40,5000,8,1623,2028,1339,0,1949,1045,1076,0,31,9,0,false,302,1326,18,-138089,0,1,424,1001,false,false,none,true,true,true,false,true
1286,h500_e30000_s80000_k40_y30000,500,30000,80000,40,30000,16,7443,NA,3349,0,9365,1571,1075,0,32,8,0,false,0,8014,166,-1157685,0,1,364,1000,false,false,none,true,true,true,false,true
1287,h2000_e40000_s5000_k40_y20000,2000,40000,5000,40,20000,4,5338,12711,1416,0,5799,1001,1075,-560,24,14,2,false,0,5300,63,-456061,0,1,1312,1000,false,false,none,true,true,true,false,true
1288,h1000_e25000_s10000_k40_y10000,1000,25000,10000,40,10000,5,3381,5474,1398,0,3806,1015,1075,-109,30,6,4,false,0,2651,33,-245642,0,1,768,1000,false,false,none,true,true,true,false,true
1289,h10000_e20000_s80000_k20_y30000,10000,20000,80000,20,30000,32,8705,NA,4473,0,9984,2569,1074,0,27,13,0,false,24,8013,166,-2579808,0,1,8092,1006,false,false,none,true,true,true,false,true
1290,h700_e40000_s40000_k40_y30000,700,40000,40000,40,30000,12,7941,NA,2852,0,9641,1323,1073,-136,23,15,2,false,0,7980,128,-973536,0,1,459,1000,false,false,none,true,true,true,false,true
1291,h2000_e40000_s2500_k40_y10000,2000,40000,2500,40,10000,3,2739,3888,1194,0,2954,1000,1067,-31,24,14,2,false,0,2649,31,-218419,0,1,1312,1000,false,false,none,true,true,true,false,true
1292,h500_e50000_s40000_k40_y30000,500,50000,40000,40,30000,11,7827,NA,2955,0,9603,1357,1065,0,25,15,0,false,0,7980,128,-974117,0,1,295,1000,false,false,none,true,true,true,false,true
1293,h300_e30000_s20000_k40_y10000,300,30000,20000,40,10000,6,4100,7887,1630,0,4776,1022,1064,-63,24,15,1,false,0,2654,36,-276792,0,1,218,1000,false,false,none,true,true,true,false,true
1294,h1500_e70000_s20000_k40_y30000,1500,70000,20000,40,30000,10,8348,NA,2486,0,9837,1146,1051,-22,24,15,1,false,0,7963,108,-830652,0,0,717,1000,false,false,none,true,true,true,false,true
1295,h700_e15000_s10000_k40_y5000,700,15000,10000,40,5000,6,1316,1560,1223,0,1535,1026,1050,0,31,9,0,false,303,1323,17,-138606,0,1,594,1002,false,false,none,true,true,true,false,true
1296,h10000_e20000_s40000_k20_y30000,10000,20000,40000,20,30000,18,9313,NA,3789,0,9994,1892,1047,0,29,11,0,false,25,7978,128,-1847267,0,1,8092,1006,false,false,none,true,true,true,false,true
1297,h1500_e30000_s5000_k40_y10000,1500,30000,5000,40,10000,4,3052,4578,1253,0,3330,1003,1041,-48,31,6,3,false,0,2649,32,-227928,0,1,1093,1000,false,false,none,true,true,true,false,true
1298,h10000_e15000_s80000_k40_y50000,10000,15000,80000,40,50000,26,8878,NA,5096,0,9934,2648,1038,0,25,15,0,false,30,13325,277,-5408086,0,1,8499,1035,false,false,none,true,true,true,false,true
1299,h2000_e10000_s160000_k40_y30000,2000,10000,160000,40,30000,31,8143,NA,3817,0,8889,2050,1036,0,25,15,0,false,52,7881,243,-4974465,0,8,1755,1040,false,false,none,true,true,true,false,true
1300,h2000_e25000_s40000_k20_y20000,2000,25000,40000,20,20000,12,7801,NA,2978,0,9566,1389,1034,0,32,8,0,false,0,5319,85,-1289368,0,1,1536,1000,false,false,none,true,true,true,false,true
1301,h2000_e15000_s80000_k40_y30000,2000,15000,80000,40,30000,16,7417,NA,3420,0,9234,1689,1029,0,27,13,0,false,50,8008,166,-1553492,0,1,1699,1007,false,false,none,true,true,true,false,true
1302,h2000_e25000_s40000_k40_y30000,2000,25000,40000,40,30000,9,7816,NA,2965,0,9566,1389,1028,0,32,8,0,false,0,7979,128,-967026,0,1,1536,1000,false,false,none,true,true,true,false,true
1303,h5000_e15000_s5000_k20_y20000,5000,15000,5000,20,20000,6,6539,25686,1822,0,7361,1083,1023,0,31,9,0,false,37,5284,63,-897954,0,1,4249,1017,false,false,none,true,true,true,false,true
1304,h500_e25000_s20000_k40_y10000,500,25000,20000,40,10000,5,4343,8758,1626,0,5000,1036,1022,0,34,6,0,false,0,2654,36,-276622,0,1,384,1000,false,false,none,true,true,true,false,true
1305,h300_e40000_s10000_k40_y5000,300,40000,10000,40,5000,4,2224,2992,1306,0,2562,1002,1022,-36,25,14,1,false,0,1326,17,-122964,0,1,196,1000,false,false,none,true,true,true,false,true
1306,h100_e25000_s40000_k40_y5000,100,25000,40000,40,5000,7,2971,4562,1464,0,3445,1037,1019,0,24,16,0,false,0,1329,22,-162349,0,1,76,1000,false,false,none,true,true,true,false,true
1307,h10000_e30000_s20000_k40_y50000,10000,30000,20000,40,50000,10,9616,NA,3010,0,9999,1355,1018,0,32,8,0,false,0,13270,180,-1368045,0,1,7289,1000,false,false,none,true,true,true,false,true
1308,h3000_e25000_s20000_k40_y30000,3000,25000,20000,40,30000,8,8464,NA,2381,0,9809,1171,1018,-13,30,8,2,false,0,7962,108,-825836,0,1,2304,1000,false,false,none,true,true,true,false,true
1309,h3000_e30000_s20000_k40_y30000,3000,30000,20000,40,30000,8,8401,NA,2438,0,9817,1164,1013,-1,32,6,2,false,0,7962,108,-827718,0,1,2186,1000,false,false,none,true,true,true,false,true
1310,h2000_e15000_s80000_k20_y20000,2000,15000,80000,20,20000,21,7351,NA,3442,0,9234,1689,1009,0,29,11,0,false,37,5337,111,-1553492,0,1,1699,1007,false,false,none,true,true,true,false,true
1311,h1500_e50000_s5000_k40_y20000,1500,50000,5000,40,20000,4,5214,12064,1416,0,5676,1000,1006,-633,24,14,2,false,0,5300,63,-456171,0,0,885,1000,false,false,none,true,true,true,false,true
1312,h5000_e10000_s80000_k20_y30000,5000,10000,80000,20,30000,42,8644,NA,4317,0,9844,2242,1005,0,25,15,0,false,26,7511,166,-6911207,0,10,4389,1099,false,false,none,true,true,true,false,true
1313,h10000_e25000_s20000_k40_y50000,10000,25000,20000,40,50000,10,9536,NA,3029,0,9999,1385,1005,0,32,8,0,false,0,13270,180,-1357803,0,1,7682,1001,false,false,none,true,true,true,false,true
1314,h1500_e20000_s80000_k40_y30000,1500,20000,80000,40,30000,16,8981,NA,3518,0,9372,1670,990,0,31,9,0,false,0,8014,166,-1144300,0,1,1213,1001,false,false,none,true,true,true,false,true
1315,h700_e15000_s160000_k40_y20000,700,15000,160000,40,20000,19,7381,NA,3356,0,9251,1674,989,0,27,13,0,false,74,5387,162,-1240353,0,1,594,1002,false,false,none,true,true,true,false,true
1316,h500_e40000_s10000_k40_y10000,500,40000,10000,40,10000,4,3812,6660,1416,0,4271,1003,988,-130,25,14,1,false,0,2652,33,-245918,0,1,328,1000,false,false,none,true,true,true,false,true
1317,h700_e20000_s10000_k40_y5000,700,20000,10000,40,5000,5,1769,2224,1249,0,2028,1016,987,0,32,8,0,false,0,1325,17,-122785,0,1,566,1000,false,false,none,true,true,true,false,true
1318,h1000_e40000_s40000_k40_y30000,1000,40000,40000,40,30000,10,7788,NA,2990,0,9577,1379,985,0,25,15,0,false,0,7980,128,-973142,0,1,656,1000,false,false,none,true,true,true,false,true
1319,h10000_e15000_s40000_k40_y50000,10000,15000,40000,40,50000,15,9126,NA,4176,0,9969,1994,980,0,26,14,0,false,30,13268,212,-3500397,0,1,8499,1035,false,false,none,true,true,true,false,true
1320,h5000_e20000_s5000_k40_y30000,5000,20000,5000,40,30000,5,7794,52494,1648,0,8472,1038,979,0,32,8,0,false,0,7949,94,-678499,0,1,4046,1003,false,false,none,true,true,true,false,true
1321,h1500_e20000_s80000_k20_y20000,1500,20000,80000,20,20000,21,8855,NA,3491,0,9372,1670,972,0,31,9,0,false,0,5343,111,-1525733,0,1,1213,1001,false,false,none,true,true,true,false,true
1322,h1000_e15000_s2500_k40_y5000,1000,15000,2500,40,5000,4,1031,1166,1113,0,1146,1009,971,0,29,11,0,false,303,1321,16,-148016,0,1,849,1003,false,false,none,true,true,true,false,true
1323,h10000_e20000_s20000_k40_y50000,10000,20000,20000,40,50000,10,9524,NA,3084,0,9997,1441,964,0,31,9,0,false,30,13269,180,-1341408,0,1,8092,1006,false,false,none,true,true,true,false,true
1324,h10000_e25000_s20000_k20_y30000,10000,25000,20000,20,30000,11,9455,NA,3052,0,9999,1385,962,0,32,8,0,false,0,7962,108,-1629364,0,1,7682,1001,false,false,none,true,true,true,false,true
1325,h300_e25000_s20000_k40_y5000,300,25000,20000,40,5000,5,2599,3726,1382,0,2999,1022,951,-159,32,6,2,false,0,1327,18,-138364,0,1,230,1000,false,false,none,true,true,true,false,true
1326,h3000_e40000_s20000_k40_y30000,3000,40000,20000,40,30000,8,8272,NA,2554,0,9815,1165,949,0,25,15,0,false,0,7963,108,-829561,0,1,1968,1000,false,false,none,true,true,true,false,true
1327,h1000_e20000_s5000_k40_y5000,1000,20000,5000,40,5000,4,1528,1842,1156,0,1694,1007,947,0,31,9,0,false,0,1324,16,-113853,0,1,809,1000,false,false,none,true,true,true,false,true
1328,h2000_e15000_s2500_k40_y10000,2000,15000,2500,40,10000,4,2073,2698,1217,0,2293,1019,938,0,29,11,0,false,151,2642,31,-294015,0,1,1699,1007,false,false,none,true,true,true,false,true
1329,h700_e50000_s40000_k40_y30000,700,50000,40000,40,30000,10,7766,NA,3009,0,9553,1401,936,0,25,15,0,false,0,7980,128,-973992,0,1,413,1000,false,false,none,true,true,true,false,true
1330,h500_e30000_s10000_k40_y5000,500,30000,10000,40,5000,4,2185,2914,1282,0,2493,1005,927,-231,21,15,4,false,0,1325,17,-122931,0,1,364,1000,false,false,none,true,true,true,false,true
1331,h2000_e30000_s40000_k40_y30000,2000,30000,40000,40,30000,9,7699,NA,3070,0,9525,1427,926,0,32,8,0,false,0,7979,128,-969185,0,1,1457,1000,false,false,none,true,true,true,false,true
1332,h10000_e15000_s5000_k40_y50000,10000,15000,5000,40,50000,6,8808,NA,2072,0,9826,1156,922,0,30,10,0,false,30,13217,155,-1531365,0,1,8499,1035,false,false,none,true,true,true,false,true
1333,h700_e40000_s5000_k40_y5000,700,40000,5000,40,5000,3,1870,2347,1143,0,2029,1000,921,-164,22,14,4,false,0,1325,16,-114039,0,1,459,1000,false,false,none,true,true,true,false,true
1334,h1000_e25000_s5000_k40_y5000,1000,25000,5000,40,5000,3,1770,2198,1157,0,1941,1003,919,0,32,8,0,false,0,1324,16,-113946,0,1,768,1000,false,false,none,true,true,true,false,true
1335,h10000_e15000_s10000_k40_y50000,10000,15000,10000,40,50000,7,8356,NA,2479,0,9672,1295,918,0,28,12,0,false,30,13225,164,-1810094,0,1,8499,1035,false,false,none,true,true,true,false,true
1336,h10000_e20000_s20000_k20_y30000,10000,20000,20000,20,30000,11,9434,NA,3095,0,9997,1441,916,0,31,9,0,false,25,7961,108,-1609690,0,1,8092,1006,false,false,none,true,true,true,false,true
1337,h5000_e15000_s5000_k40_y30000,5000,15000,5000,40,30000,5,6694,26294,1683,0,7361,1083,916,0,31,9,0,false,50,7934,94,-795009,0,1,4249,1017,false,false,none,true,true,true,false,true
1338,h1500_e15000_s10000_k40_y10000,1500,15000,10000,40,10000,6,2888,4345,1419,0,3292,1055,900,0,30,10,0,false,151,2647,33,-294674,0,1,1274,1005,false,false,none,true,true,true,false,true
1339,h3000_e50000_s20000_k40_y30000,3000,50000,20000,40,30000,8,8258,NA,2567,0,9804,1176,896,-20,24,15,1,false,0,7963,108,-830259,0,0,1771,1000,false,false,none,true,true,true,false,true
1340,h10000_e15000_s80000_k20_y30000,10000,15000,80000,20,30000,32,8677,NA,4475,0,9934,2648,895,0,26,14,0,false,25,7982,166,-5408086,0,1,8499,1035,false,false,none,true,true,true,false,true
1341,h10000_e15000_s40000_k20_y30000,10000,15000,40000,20,30000,18,9041,NA,3790,0,9969,1994,887,0,26,14,0,false,25,7948,128,-3500397,0,1,8499,1035,false,false,none,true,true,true,false,true
1342,h2000_e15000_s20000_k40_y20000,2000,15000,20000,40,20000,6,6971,34872,1925,0,7820,1162,887,0,31,9,0,false,75,5302,72,-548068,0,1,1699,1007,false,false,none,true,true,true,false,true
1343,h5000_e25000_s2500_k40_y20000,5000,25000,2500,40,20000,3,5955,16458,1383,0,6374,1006,881,0,32,8,0,false,0,5297,61,-435278,0,1,3841,1000,false,false,none,true,true,true,false,true
1344,h5000_e30000_s20000_k40_y30000,5000,30000,20000,40,30000,7,8157,NA,2658,0,9739,1234,864,0,32,8,0,false,0,7962,108,-825736,0,1,3644,1000,false,false,none,true,true,true,false,true
1345,h2000_e25000_s5000_k40_y10000,2000,25000,5000,40,10000,3,3578,5857,1281,0,3882,1007,861,0,32,8,0,false,0,2649,32,-227686,0,1,1536,1000,false,false,none,true,true,true,false,true
1346,h1000_e15000_s5000_k40_y5000,1000,15000,5000,40,5000,4,1308,1537,1164,0,1471,1017,847,0,29,11,0,false,303,1321,16,-163977,0,1,849,1003,false,false,none,true,true,true,false,true
1347,h10000_e15000_s20000_k40_y50000,10000,15000,20000,40,50000,10,9438,NA,3180,0,9983,1558,843,0,26,14,0,false,30,13239,180,-2378403,0,1,8499,1035,false,false,none,true,true,true,false,true
1348,h700_e15000_s40000_k40_y10000,700,15000,40000,40,10000,7,4960,12088,1842,0,5730,1149,841,0,31,9,0,false,150,2657,43,-323080,0,1,594,1002,false,false,none,true,true,true,false,true
1349,h100_e30000_s160000_k40_y20000,100,30000,160000,40,20000,19,8822,NA,3437,0,9242,1682,837,0,32,8,0,false,0,5389,162,-903927,0,1,72,1000,false,false,none,true,true,true,false,true
1350,h3000_e25000_s40000_k40_y30000,3000,25000,40000,40,30000,9,7938,NA,3185,0,9458,1487,837,0,32,8,0,false,0,7979,128,-963344,0,1,2304,1000,false,false,none,true,true,true,false,true
1351,h1000_e30000_s10000_k40_y10000,1000,30000,10000,40,10000,4,4497,8996,1451,0,4987,1011,836,0,34,6,0,false,0,2651,33,-245782,0,1,728,1000,false,false,none,true,true,true,false,true
1352,h1000_e30000_s5000_k40_y5000,1000,30000,5000,40,5000,3,2045,2630,1158,0,2220,1002,834,0,32,8,0,false,0,1324,16,-113995,0,1,728,1000,false,false,none,true,true,true,false,true
1353,h1500_e20000_s10000_k40_y10000,1500,20000,10000,40,10000,4,3890,6929,1446,0,4348,1034,833,0,32,8,0,false,0,2651,33,-245147,0,1,1213,1001,false,false,none,true,true,true,false,true
1354,h5000_e20000_s2500_k40_y20000,5000,20000,2500,40,20000,3,5635,14367,1397,0,6059,1016,830,0,31,9,0,false,0,5297,61,-433736,0,1,4046,1003,false,false,none,true,true,true,false,true
1355,h3000_e10000_s80000_k40_y30000,3000,10000,80000,40,30000,25,7282,NA,3445,0,9024,1878,829,0,25,15,0,false,54,7712,166,-4454272,0,9,2633,1060,false,false,none,true,true,true,false,true
1356,h1500_e40000_s40000_k40_y30000,1500,40000,40000,40,30000,9,7647,NA,3116,0,9500,1449,828,0,25,15,0,false,0,7980,128,-972478,0,1,984,1000,false,false,none,true,true,true,false,true
1357,h3000_e15000_s10000_k40_y20000,3000,15000,10000,40,20000,5,5925,18001,1704,0,6590,1105,828,0,30,10,0,false,75,5293,66,-580741,0,1,2549,1010,false,false,none,true,true,true,false,true
1358,h10000_e50000_s10000_k40_y30000,10000,50000,10000,40,30000,6,8717,NA,2153,0,9955,1040,816,-130,23,15,2,false,0,7954,98,-737354,0,0,5904,1000,false,false,none,true,true,true,false,true
1359,h10000_e30000_s5000_k40_y30000,10000,30000,5000,40,30000,5,9211,NA,1709,0,9977,1020,814,0,32,8,0,false,0,7949,94,-681048,0,1,7289,1000,false,false,none,true,true,true,false,true
1360,h1000_e50000_s5000_k40_y10000,1000,50000,5000,40,10000,3,3526,5674,1232,0,3784,1000,808,-984,24,14,2,false,0,2650,32,-228089,0,1,590,1000,false,false,none,true,true,true,false,true
1361,h3000_e10000_s80000_k20_y20000,3000,10000,80000,20,20000,25,7234,NA,3489,0,9024,1878,806,0,25,15,0,false,39,5041,111,-4454272,0,9,2633,1060,false,false,none,true,true,true,false,true
1362,h10000_e50000_s40000_k40_y30000,10000,50000,40000,40,30000,9,9675,NA,3348,0,9999,1806,804,0,23,17,0,false,0,7980,128,-967880,0,0,5904,1000,false,false,none,true,true,true,false,true
1363,h10000_e40000_s10000_k40_y30000,10000,40000,10000,40,30000,6,8679,NA,2188,0,9933,1060,804,-27,32,6,2,false,0,7953,98,-736251,0,1,6560,1000,false,false,none,true,true,true,false,true
1364,h1000_e30000_s40000_k40_y20000,1000,30000,40000,40,20000,8,8140,NA,2673,0,9674,1292,803,0,32,8,0,false,0,5319,85,-647877,0,1,728,1000,false,false,none,true,true,true,false,true
1365,h5000_e40000_s40000_k40_y30000,5000,40000,40000,40,30000,9,9674,NA,3348,0,9999,1674,798,-27,30,8,2,false,0,7980,128,-967880,0,1,3280,1000,false,false,none,true,true,true,false,true
1366,h5000_e40000_s20000_k40_y30000,5000,40000,20000,40,30000,7,8131,NA,2681,0,9746,1227,797,-18,32,7,1,false,0,7963,108,-828829,0,1,3280,1000,false,false,none,true,true,true,false,true
1367,h10000_e15000_s20000_k20_y30000,10000,15000,20000,20,30000,11,9370,NA,3201,0,9983,1558,792,0,27,13,0,false,25,7931,108,-2378403,0,1,8499,1035,false,false,none,true,true,true,false,true
1368,h5000_e30000_s40000_k40_y30000,5000,30000,40000,40,30000,9,9672,NA,3348,0,9999,1645,777,0,32,8,0,false,0,7979,128,-961371,0,1,3644,1000,false,false,none,true,true,true,false,true
1369,h10000_e25000_s10000_k20_y20000,10000,25000,10000,20,20000,6,8589,NA,2269,0,9854,1130,769,0,32,8,0,false,0,5302,66,-971949,0,1,7682,1001,false,false,none,true,true,true,false,true
1370,h10000_e30000_s10000_k40_y30000,10000,30000,10000,40,30000,5,8616,NA,2245,0,9891,1097,768,-43,30,8,2,false,0,7953,98,-732847,0,1,7289,1000,false,false,none,true,true,true,false,true
1371,h100_e30000_s40000_k40_y10000,100,30000,40000,40,10000,6,6097,20995,1898,0,7039,1050,766,0,25,15,0,false,0,2659,43,-324727,0,1,72,1000,false,false,none,true,true,true,false,true
1372,h10000_e25000_s2500_k40_y30000,10000,25000,2500,40,30000,4,9369,NA,1567,0,9986,1012,765,0,32,8,0,false,0,7946,91,-650467,0,1,7682,1001,false,false,none,true,true,true,false,true
1373,h5000_e25000_s40000_k40_y30000,5000,25000,40000,40,30000,9,9668,NA,3348,0,9999,1629,754,0,31,9,0,false,0,7979,128,-956020,0,1,3841,1000,false,false,none,true,true,true,false,true
1374,h5000_e100000_s20000_k40_y30000,5000,100000,20000,40,30000,7,7971,NA,2825,0,9713,1257,754,-160,15,24,1,false,0,7963,108,-830670,0,0,1743,1000,false,false,none,true,true,true,false,true
1375,h3000_e20000_s10000_k40_y20000,3000,20000,10000,40,20000,5,7981,65013,1711,0,8699,1065,752,-6,30,8,2,false,0,5302,66,-488694,0,1,2427,1002,false,false,none,true,true,true,false,true
1376,h1500_e20000_s2500_k40_y5000,1500,20000,2500,40,5000,3,1690,2066,1119,0,1817,1004,736,0,31,9,0,false,0,1324,16,-108994,0,1,1213,1001,false,false,none,true,true,true,false,true
1377,h100_e70000_s10000_k40_y10000,100,70000,10000,40,10000,4,3787,6616,1439,0,4275,1000,735,-120,16,23,1,false,0,2652,33,-245939,0,0,47,1000,false,false,none,true,true,true,false,true
1378,h1500_e40000_s2500_k40_y5000,1500,40000,2500,40,5000,2,2104,2703,1100,0,2216,1000,733,0,25,15,0,false,0,1325,16,-109222,0,1,984,1000,false,false,none,true,true,true,false,true
1379,h2000_e40000_s20000_k40_y20000,2000,40000,20000,40,20000,6,8496,NA,2353,0,9861,1124,723,0,25,15,0,false,0,5309,72,-553294,0,1,1312,1000,false,false,none,true,true,true,false,true
1380,h5000_e20000_s40000_k40_y30000,5000,20000,40000,40,30000,9,9653,NA,3348,0,9997,1625,719,0,29,11,0,false,0,7979,128,-948536,0,1,4046,1003,false,false,none,true,true,true,false,true
1381,h10000_e25000_s10000_k40_y30000,10000,25000,10000,40,30000,5,8604,NA,2256,0,9854,1130,719,0,32,8,0,false,0,7953,98,-728962,0,1,7682,1001,false,false,none,true,true,true,false,true
1382,h10000_e25000_s40000_k40_y30000,10000,25000,40000,40,30000,9,9639,NA,3348,0,9999,1854,716,0,29,11,0,false,0,7979,128,-938101,0,1,7682,1001,false,false,none,true,true,true,false,true
1383,h3000_e20000_s2500_k40_y10000,3000,20000,2500,40,10000,3,3396,5345,1225,0,3635,1009,710,0,31,9,0,false,0,2648,31,-217513,0,1,2427,1002,false,false,none,true,true,true,false,true
1384,h700_e15000_s20000_k40_y5000,700,15000,20000,40,5000,6,2375,3299,1382,0,2730,1062,703,0,27,13,0,false,302,1325,18,-189679,0,1,594,1002,false,false,none,true,true,true,false,true
1385,h1000_e20000_s20000_k40_y10000,1000,20000,20000,40,10000,4,5557,15228,1713,0,6268,1073,702,-18,30,8,2,false,0,2654,36,-276014,0,1,809,1000,false,false,none,true,true,true,false,true
1386,h2000_e25000_s40000_k40_y20000,2000,25000,40000,40,20000,6,8140,NA,2673,0,9566,1389,685,0,32,8,0,false,0,5319,85,-644684,0,1,1536,1000,false,false,none,true,true,true,false,true
1387,h100_e40000_s20000_k40_y5000,100,40000,20000,40,5000,4,3608,6046,1382,0,4023,1008,683,0,26,14,0,false,0,1328,18,-138441,0,1,65,1000,false,false,none,true,true,true,false,true
1388,h3000_e40000_s2500_k40_y10000,3000,40000,2500,40,10000,2,4216,7573,1194,0,4432,1000,682,-55,23,15,2,false,0,2649,31,-218398,0,1,1968,1000,false,false,none,true,true,true,false,true
1389,h10000_e20000_s5000_k40_y30000,10000,20000,5000,40,30000,4,9098,NA,1811,0,9918,1072,675,0,31,9,0,false,50,7948,94,-672822,0,1,8092,1006,false,false,none,true,true,true,false,true
1390,h5000_e15000_s40000_k40_y30000,5000,15000,40000,40,30000,9,8686,NA,3349,0,9268,1657,673,0,26,14,0,false,50,7964,128,-1964626,0,1,4249,1017,false,false,none,true,true,true,false,true
1391,h1000_e15000_s10000_k40_y5000,1000,15000,10000,40,5000,5,1911,2461,1292,0,2194,1037,673,0,28,12,0,false,303,1322,17,-197419,0,1,849,1003,false,false,none,true,true,true,false,true
1392,h1500_e25000_s10000_k40_y10000,1500,25000,10000,40,10000,3,5183,12155,1496,0,5709,1023,671,-85,30,8,2,false,0,2651,33,-245499,0,1,1152,1000,false,false,none,true,true,true,false,true
1393,h1000_e20000_s10000_k40_y5000,1000,20000,10000,40,5000,3,2579,3645,1310,0,2898,1023,647,0,31,9,0,false,0,1325,17,-122704,0,1,809,1000,false,false,none,true,true,true,false,true
1394,h700_e25000_s20000_k40_y10000,700,25000,20000,40,10000,4,6242,21209,1732,0,7001,1049,643,-1,31,8,1,false,0,2654,36,-276516,0,1,537,1000,false,false,none,true,true,true,false,true
1395,h700_e40000_s10000_k40_y10000,700,40000,10000,40,10000,3,5432,13530,1497,0,5979,1004,640,-121,25,14,1,false,0,2652,33,-245910,0,1,459,1000,false,false,none,true,true,true,false,true
1396,h10000_e20000_s10000_k40_y30000,10000,20000,10000,40,30000,5,8558,NA,2296,0,9793,1186,639,0,31,9,0,false,50,7952,98,-722093,0,1,8092,1006,false,false,none,true,true,true,false,true
1397,h2000_e15000_s10000_k40_y10000,2000,15000,10000,40,10000,4,3906,7066,1509,0,4391,1072,626,0,26,14,0,false,151,2645,33,-390972,0,1,1699,1007,false,false,none,true,true,true,false,true
1398,h5000_e30000_s10000_k40_y20000,5000,30000,10000,40,20000,4,8915,NA,1975,0,9940,1053,617,0,32,8,0,false,0,5302,66,-490218,0,1,3644,1000,false,false,none,true,true,true,false,true
1399,h10000_e40000_s20000_k40_y30000,10000,40000,20000,40,30000,6,9810,NA,2889,0,9999,1328,608,0,32,8,0,false,0,7962,108,-826961,0,1,6560,1000,false,false,none,true,true,true,false,true
1400,h10000_e30000_s20000_k40_y30000,10000,30000,20000,40,30000,6,9722,NA,2889,0,9999,1355,600,0,31,9,0,false,0,7962,108,-820827,0,1,7289,1000,false,false,none,true,true,true,false,true
1401,h1000_e40000_s5000_k40_y5000,1000,40000,5000,40,5000,2,2714,3823,1166,0,2899,1000,600,-178,21,15,4,false,0,1325,16,-114035,0,1,656,1000,false,false,none,true,true,true,false,true
1402,h3000_e15000_s40000_k40_y20000,3000,15000,40000,40,20000,6,8139,NA,2674,0,9479,1468,595,0,27,13,0,false,75,5310,85,-1236993,0,1,2549,1010,false,false,none,true,true,true,false,true
1403,h10000_e25000_s20000_k40_y30000,10000,25000,20000,40,30000,6,9718,NA,2889,0,9999,1385,593,0,31,9,0,false,0,7962,108,-814682,0,1,7682,1001,false,false,none,true,true,true,false,true
1404,h2000_e30000_s2500_k40_y5000,2000,30000,2500,40,5000,2,2551,3485,1116,0,2679,1001,592,0,32,8,0,false,0,1324,16,-109151,0,1,1457,1000,false,false,none,true,true,true,false,true
1405,h2000_e20000_s10000_k40_y10000,2000,20000,10000,40,10000,3,5259,12669,1529,0,5798,1045,591,0,29,11,0,false,0,2651,33,-244877,0,1,1618,1001,false,false,none,true,true,true,false,true
1406,h500_e15000_s40000_k40_y5000,500,15000,40000,40,5000,6,3695,6385,1464,0,4088,1111,590,0,27,13,0,false,301,1328,22,-219348,0,1,424,1001,false,false,none,true,true,true,false,true
1407,h1500_e20000_s5000_k40_y5000,1500,20000,5000,40,5000,3,2332,3133,1199,0,2541,1011,590,0,31,9,0,false,0,1324,16,-113756,0,1,1213,1001,false,false,none,true,true,true,false,true
1408,h1500_e15000_s20000_k40_y10000,1500,15000,20000,40,10000,4,5186,12967,1732,0,5860,1126,588,0,27,13,0,false,151,2650,36,-401774,0,1,1274,1005,false,false,none,true,true,true,false,true
1409,h5000_e30000_s20000_k40_y20000,5000,30000,20000,40,20000,5,8496,NA,2353,0,9739,1234,584,0,32,8,0,false,0,5308,72,-550491,0,1,3644,1000,false,false,none,true,true,true,false,true
1410,h1500_e25000_s5000_k40_y5000,1500,25000,5000,40,5000,2,2700,3813,1196,0,2911,1005,584,0,32,8,0,false,0,1324,16,-113894,0,1,1152,1000,false,false,none,true,true,true,false,true
1411,h1500_e50000_s5000_k40_y10000,1500,50000,5000,40,10000,2,5388,12466,1259,0,5676,1000,583,-382,25,14,1,false,0,2650,32,-228086,0,0,885,1000,false,false,none,true,true,true,false,true
1412,h1500_e15000_s2500_k40_y5000,1500,15000,2500,40,5000,3,1579,1911,1141,0,1720,1014,581,0,26,14,0,false,303,1320,16,-221266,0,1,1274,1005,false,false,none,true,true,true,false,true
1413,h2000_e25000_s2500_k40_y5000,2000,25000,2500,40,5000,2,2415,3243,1123,0,2549,1002,579,0,32,8,0,false,0,1324,16,-109070,0,1,1536,1000,false,false,none,true,true,true,false,true
1414,h5000_e15000_s5000_k40_y20000,5000,15000,5000,40,20000,3,6776,26614,1609,0,7361,1083,571,0,28,12,0,false,75,5284,63,-795009,0,1,4249,1017,false,false,none,true,true,true,false,true
1415,h10000_e50000_s10000_k40_y20000,10000,50000,10000,40,20000,4,8788,NA,2089,0,9955,1040,568,-52,23,15,2,false,0,5303,66,-491570,0,0,5904,1000,false,false,none,true,true,true,false,true
1416,h10000_e20000_s20000_k40_y30000,10000,20000,20000,40,30000,6,9701,NA,2889,0,9997,1441,554,0,27,13,0,false,50,7961,108,-858788,0,1,8092,1006,false,false,none,true,true,true,false,true
1417,h3000_e20000_s5000_k40_y10000,3000,20000,5000,40,10000,3,4716,9642,1353,0,5083,1023,554,0,31,9,0,false,0,2649,32,-226940,0,1,2427,1002,false,false,none,true,true,true,false,true
1418,h10000_e30000_s5000_k40_y20000,10000,30000,5000,40,20000,3,9266,NA,1660,0,9977,1020,540,0,32,8,0,false,0,5299,63,-454032,0,1,7289,1000,false,false,none,true,true,true,false,true
1419,h300_e30000_s20000_k40_y5000,300,30000,20000,40,5000,3,4376,8417,1382,0,4776,1022,540,-66,23,15,2,false,0,1327,18,-138396,0,1,218,1000,false,false,none,true,true,true,false,true
1420,h2000_e40000_s5000_k40_y10000,2000,40000,5000,40,10000,2,5486,13064,1282,0,5799,1001,540,-418,23,15,2,false,0,2650,32,-228031,0,1,1312,1000,false,false,none,true,true,true,false,true
1421,h3000_e25000_s5000_k40_y10000,3000,25000,5000,40,10000,2,5457,13108,1340,0,5823,1011,539,-6,30,8,2,false,0,2649,32,-227480,0,1,2304,1000,false,false,none,true,true,true,false,true
1422,h1500_e30000_s5000_k40_y5000,1500,30000,5000,40,5000,2,3113,4670,1198,0,3330,1003,538,-7,30,8,2,false,0,1324,16,-113964,0,1,1093,1000,false,false,none,true,true,true,false,true
1423,h10000_e15000_s40000_k40_y30000,10000,15000,40000,40,30000,9,9455,NA,3350,0,9969,1994,531,0,25,15,0,false,50,7948,128,-3500397,0,1,8499,1035,false,false,none,true,true,true,false,true
1424,h700_e20000_s20000_k40_y5000,700,20000,20000,40,5000,3,4020,7238,1382,0,4386,1053,531,-6,29,9,2,false,0,1327,18,-138140,0,1,566,1000,false,false,none,true,true,true,false,true
1425,h2000_e20000_s2500_k40_y5000,2000,20000,2500,40,5000,2,2279,3011,1136,0,2423,1006,522,0,31,9,0,false,0,1324,16,-108912,0,1,1618,1001,false,false,none,true,true,true,false,true
1426,h1000_e15000_s40000_k40_y10000,1000,15000,40000,40,10000,5,7425,47104,1898,0,8198,1202,521,0,27,13,0,false,150,2656,43,-433224,0,1,849,1003,false,false,none,true,true,true,false,true
1427,h1500_e15000_s5000_k40_y5000,1500,15000,5000,40,5000,3,1989,2562,1221,0,2206,1026,512,0,26,14,0,false,303,1320,16,-244998,0,1,1274,1005,false,false,none,true,true,true,false,true
1428,h10000_e15000_s10000_k40_y30000,10000,15000,10000,40,30000,4,8413,NA,2427,0,9672,1295,504,0,26,14,0,false,50,7922,98,-1810094,0,1,8499,1035,false,false,none,true,true,true,false,true
1429,h500_e40000_s10000_k40_y5000,500,40000,10000,40,5000,2,3930,6866,1310,0,4271,1003,504,-119,23,15,2,false,0,1326,17,-122959,0,1,328,1000,false,false,none,true,true,true,false,true
1430,h10000_e25000_s5000_k40_y20000,10000,25000,5000,40,20000,3,9223,NA,1699,0,9958,1037,497,-1,30,9,1,false,0,5299,63,-452104,0,1,7682,1001,false,false,none,true,true,true,false,true
1431,h3000_e15000_s5000_k40_y10000,3000,15000,5000,40,10000,3,4027,7286,1399,0,4415,1051,485,0,26,14,0,false,152,2640,32,-484382,0,1,2549,1010,false,false,none,true,true,true,false,true
1432,h10000_e25000_s10000_k40_y20000,10000,25000,10000,40,20000,3,8788,NA,2089,0,9854,1130,473,0,31,9,0,false,0,5302,66,-485975,0,1,7682,1001,false,false,none,true,true,true,false,true
1433,h500_e50000_s10000_k40_y10000,500,50000,10000,40,10000,3,6688,24870,1559,0,7308,1002,464,0,26,14,0,false,0,2652,33,-245933,0,1,295,1000,false,false,none,true,true,true,false,true
1434,h10000_e15000_s20000_k40_y30000,10000,15000,20000,40,30000,6,9572,NA,2890,0,9983,1558,462,0,25,15,0,false,50,7931,108,-2378403,0,1,8499,1035,false,false,none,true,true,true,false,true
1435,h1000_e15000_s20000_k40_y5000,1000,15000,20000,40,5000,4,3575,5959,1382,0,3903,1087,444,0,26,14,0,false,303,1324,18,-269788,0,1,849,1003,false,false,none,true,true,true,false,true
1436,h2000_e25000_s5000_k40_y5000,2000,25000,5000,40,5000,2,3629,5940,1235,0,3882,1007,420,0,32,8,0,false,0,1324,16,-113843,0,1,1536,1000,false,false,none,true,true,true,false,true
1437,h2000_e20000_s5000_k40_y5000,2000,20000,5000,40,5000,2,3136,4756,1242,0,3388,1015,417,0,31,9,0,false,0,1324,16,-113665,0,1,1618,1001,false,false,none,true,true,true,false,true
1438,h2000_e15000_s20000_k40_y10000,2000,15000,20000,40,10000,3,7186,35945,1732,0,7820,1162,404,0,26,14,0,false,151,2648,36,-531859,0,1,1699,1007,false,false,none,true,true,true,false,true
1439,h2000_e15000_s2500_k40_y5000,2000,15000,2500,40,5000,2,2120,2759,1174,0,2293,1019,404,0,25,15,0,false,304,1318,16,-294015,0,1,1699,1007,false,false,none,true,true,true,false,true
1440,h3000_e15000_s10000_k40_y10000,3000,15000,10000,40,10000,3,6050,18380,1592,0,6590,1105,370,0,26,14,0,false,151,2642,33,-580741,0,1,2549,1010,false,false,none,true,true,true,false,true
1441,h2000_e15000_s5000_k40_y5000,2000,15000,5000,40,5000,2,2701,3848,1252,0,2942,1034,353,0,25,15,0,false,304,1318,16,-325423,0,1,1699,1007,false,false,none,true,true,true,false,true
1442,h3000_e40000_s2500_k40_y5000,3000,40000,2500,40,5000,1,4300,7723,1119,0,4432,1000,348,-20,23,15,2,false,0,1325,16,-109199,0,1,1968,1000,false,false,none,true,true,true,false,true
1443,h1000_e20000_s20000_k40_y5000,1000,20000,20000,40,5000,2,5925,16236,1382,0,6268,1073,334,-4,29,9,2,false,0,1327,18,-138007,0,1,809,1000,false,false,none,true,true,true,false,true
1444,h1500_e50000_s5000_k40_y5000,1500,50000,5000,40,5000,1,5429,12560,1223,0,5676,1000,324,0,26,14,0,false,0,1325,16,-114043,0,0,885,1000,false,false,none,true,true,true,false,true
1445,h5000_e30000_s10000_k40_y10000,5000,30000,10000,40,10000,2,9342,NA,1592,0,9940,1053,313,0,31,9,0,false,0,2651,33,-245109,0,1,3644,1000,false,false,none,true,true,true,false,true
1446,h10000_e15000_s10000_k40_y20000,10000,15000,10000,40,20000,3,8788,NA,2090,0,9672,1295,308,0,25,15,0,false,76,5271,66,-1810094,0,1,8499,1035,false,false,none,true,true,true,false,true
1447,h5000_e25000_s5000_k40_y10000,5000,25000,5000,40,10000,2,9223,338328,1453,0,9705,1019,297,-14,29,9,2,false,0,2649,32,-227071,0,1,3841,1000,false,false,none,true,true,true,false,true
1448,h5000_e20000_s5000_k40_y10000,5000,20000,5000,40,10000,2,7979,53739,1481,0,8472,1038,295,0,29,11,0,false,0,2649,32,-239490,0,1,4046,1003,false,false,none,true,true,true,false,true
1449,h5000_e25000_s10000_k40_y10000,5000,25000,10000,40,10000,2,9341,NA,1592,0,9919,1072,294,0,31,9,0,false,0,2651,33,-244457,0,1,3841,1000,false,false,none,true,true,true,false,true
1450,h5000_e15000_s2500_k40_y10000,5000,15000,2500,40,10000,2,5365,12739,1380,0,5736,1046,288,0,25,15,0,false,152,2633,31,-720530,0,1,4249,1017,false,false,none,true,true,true,false,true
1451,h2000_e40000_s5000_k40_y5000,2000,40000,5000,40,5000,1,5524,13156,1248,0,5799,1001,269,-221,23,15,2,false,0,1325,16,-114016,0,1,1312,1000,false,false,none,true,true,true,false,true
1452,h3000_e25000_s5000_k40_y5000,3000,25000,5000,40,5000,1,5556,13344,1252,0,5823,1011,263,-4,29,9,2,false,0,1324,16,-113740,0,1,2304,1000,false,false,none,true,true,true,false,true
1453,h1500_e15000_s20000_k40_y5000,1500,15000,20000,40,5000,2,5575,13941,1382,0,5860,1126,254,0,26,14,0,false,303,1323,18,-401774,0,1,1274,1005,false,false,none,true,true,true,false,true
1454,h5000_e15000_s5000_k40_y10000,5000,15000,5000,40,10000,2,6918,27172,1482,0,7361,1083,247,0,25,15,0,false,152,2634,32,-795009,0,1,4249,1017,false,false,none,true,true,true,false,true
1455,h10000_e100000_s160000_k40_y10000,10000,100000,160000,40,10000,10,9954,NA,3351,0,10000,3229,205,-2,20,18,2,false,0,2695,82,-394276,0,0,3486,1000,false,false,none,true,true,true,false,true
1456,h10000_e70000_s160000_k40_y10000,10000,70000,160000,40,10000,10,9954,NA,3368,0,9999,3252,199,0,20,20,0,false,0,2695,82,-394276,0,0,4782,1000,false,false,none,true,true,true,false,true
1457,h10000_e40000_s20000_k40_y10000,10000,40000,20000,40,10000,2,9907,NA,1732,0,9999,1328,195,0,32,8,0,false,0,2654,36,-275654,0,1,6560,1000,false,false,none,true,true,true,false,true
1458,h10000_e40000_s160000_k40_y10000,10000,40000,160000,40,10000,10,9916,NA,3409,0,9999,3312,193,0,27,13,0,false,0,2694,82,-394276,0,1,6560,1000,false,false,none,true,true,true,false,true
1459,h10000_e30000_s20000_k40_y10000,10000,30000,20000,40,10000,2,9905,NA,1732,0,9999,1355,182,0,29,11,0,false,0,2654,36,-273609,0,1,7289,1000,false,false,none,true,true,true,false,true
1460,h10000_e30000_s160000_k40_y10000,10000,30000,160000,40,10000,10,9914,NA,3444,0,9999,3360,180,0,27,13,0,false,0,2694,82,-1376069,0,1,7289,1000,false,false,none,true,true,true,false,true
1461,h10000_e25000_s20000_k40_y10000,10000,25000,20000,40,10000,2,9887,NA,1732,0,9999,1385,173,0,27,13,0,false,0,2654,36,-310829,0,1,7682,1001,false,false,none,true,true,true,false,true
1462,h100_e70000_s160000_k40_y5000,100,70000,160000,40,5000,5,9864,NA,2502,0,9999,2449,169,0,23,17,0,false,0,1348,41,-225125,0,0,47,1000,false,false,none,true,true,true,false,true
1463,h10000_e25000_s160000_k40_y10000,10000,25000,160000,40,10000,10,9910,NA,3475,0,9999,3399,168,0,20,20,0,false,0,2694,82,-2599242,0,1,7682,1001,false,false,none,true,true,true,false,true
1464,h10000_e50000_s10000_k40_y5000,10000,50000,10000,40,5000,1,9655,NA,1310,0,9955,1040,165,0,23,17,0,false,0,1326,17,-122893,0,0,5904,1000,false,false,none,true,true,true,false,true
1465,h100_e100000_s160000_k40_y5000,100,100000,160000,40,5000,5,9864,NA,2711,0,9999,2653,155,-62,19,17,4,false,0,1348,41,-223745,0,0,34,1000,false,false,none,true,true,true,false,true
1466,h10000_e20000_s160000_k40_y10000,10000,20000,160000,40,10000,10,9876,NA,3531,0,9998,3459,148,0,20,20,0,false,148,2693,82,-4909682,0,1,8092,1006,false,false,none,true,true,true,false,true
1467,h10000_e20000_s20000_k40_y10000,10000,20000,20000,40,10000,2,9857,NA,1733,0,9997,1441,144,0,26,14,0,false,150,2653,36,-858788,0,1,8092,1006,false,false,none,true,true,true,false,true
1468,h300_e100000_s160000_k40_y5000,300,100000,160000,40,5000,5,9864,NA,2838,0,9999,2784,143,-34,21,17,2,false,0,1348,41,-218119,0,0,104,1000,false,false,none,true,true,true,false,true
1469,h1000_e30000_s160000_k40_y5000,1000,30000,160000,40,5000,5,9860,NA,2437,0,9999,2399,137,0,27,13,0,false,0,1347,41,-429292,0,1,728,1000,false,false,none,true,true,true,false,true
1470,h500_e100000_s160000_k40_y5000,500,100000,160000,40,5000,5,9864,NA,2900,0,9999,2844,136,0,22,18,0,false,0,1348,41,-212562,0,0,174,1000,false,false,none,true,true,true,false,true
1471,h1500_e100000_s80000_k40_y5000,1500,100000,80000,40,5000,3,9936,NA,2262,0,9999,2219,134,0,23,17,0,false,0,1336,28,-193397,0,0,523,1000,false,false,none,true,true,true,false,true
1472,h2000_e100000_s80000_k40_y5000,2000,100000,80000,40,5000,3,9936,NA,2292,0,9999,2247,132,0,23,17,0,false,0,1336,28,-193297,0,0,697,1000,false,false,none,true,true,true,false,true
1473,h10000_e100000_s80000_k40_y5000,10000,100000,80000,40,5000,3,9898,NA,2460,0,9999,2417,131,-6,21,17,2,false,0,1336,28,-191704,0,0,3486,1000,false,false,none,true,true,true,false,true
1474,h1500_e30000_s160000_k40_y5000,1500,30000,160000,40,5000,5,9842,NA,2587,0,9999,2549,130,0,27,13,0,false,0,1347,41,-552763,0,1,1093,1000,false,false,none,true,true,true,false,true
1475,h1500_e40000_s160000_k40_y5000,1500,40000,160000,40,5000,5,9858,NA,2743,0,9999,2699,128,0,27,13,0,false,0,1348,41,-215520,0,1,984,1000,false,false,none,true,true,true,false,true
1476,h1500_e25000_s160000_k40_y5000,1500,25000,160000,40,5000,5,9822,NA,2466,0,9997,2432,123,0,27,13,0,false,0,1347,41,-922083,0,1,1152,1000,false,false,none,true,true,true,false,true
1477,h2000_e30000_s160000_k40_y5000,2000,30000,160000,40,5000,5,9817,NA,2698,0,9998,2660,122,0,27,13,0,false,0,1347,41,-635519,0,1,1457,1000,false,false,none,true,true,true,false,true
1478,h10000_e15000_s10000_k40_y10000,10000,15000,10000,40,10000,2,9340,NA,1593,0,9672,1295,122,0,19,21,0,false,154,2620,33,-1810094,0,1,8499,1035,false,false,none,true,true,true,false,true
1479,h700_e100000_s160000_k40_y5000,700,100000,160000,40,5000,5,9864,NA,2942,0,9999,2886,120,0,22,18,0,false,0,1348,41,-207091,0,0,244,1000,false,false,none,true,true,true,false,true
1480,h2000_e40000_s160000_k40_y5000,2000,40000,160000,40,5000,5,9846,NA,2829,0,9999,2786,119,0,27,13,0,false,0,1348,41,-211893,0,1,1312,1000,false,false,none,true,true,true,false,true
1481,h5000_e70000_s80000_k40_y5000,5000,70000,80000,40,5000,3,9889,NA,2366,0,9999,2327,119,0,23,17,0,false,0,1336,28,-191337,0,0,2391,1000,false,false,none,true,true,true,false,true
1482,h10000_e70000_s80000_k40_y5000,10000,70000,80000,40,5000,3,9889,NA,2472,0,9999,2432,117,0,20,20,0,false,0,1336,28,-189005,0,0,4782,1000,false,false,none,true,true,true,false,true
1483,h2000_e25000_s160000_k40_y5000,2000,25000,160000,40,5000,5,9781,NA,2595,0,9996,2562,115,0,27,13,0,false,0,1347,41,-1099573,0,1,1536,1000,false,false,none,true,true,true,false,true
1484,h1500_e70000_s160000_k40_y5000,1500,70000,160000,40,5000,5,9864,NA,2951,0,9999,2900,113,0,22,18,0,false,0,1348,41,-205252,0,0,717,1000,false,false,none,true,true,true,false,true
1485,h2000_e50000_s160000_k40_y5000,2000,50000,160000,40,5000,5,9857,NA,2910,0,9999,2862,113,0,29,11,0,false,0,1348,41,-208304,0,0,1180,1000,false,false,none,true,true,true,false,true
1486,h3000_e30000_s160000_k40_y5000,3000,30000,160000,40,5000,5,9758,NA,2861,0,9998,2825,107,0,27,13,0,false,0,1347,41,-717680,0,1,2186,1000,false,false,none,true,true,true,false,true
1487,h2000_e20000_s160000_k40_y5000,2000,20000,160000,40,5000,5,9725,NA,2447,0,9989,2418,106,0,20,20,0,false,0,1347,41,-1856158,0,1,1618,1001,false,false,none,true,true,true,false,true
1488,h3000_e40000_s160000_k40_y5000,3000,40000,160000,40,5000,5,9817,NA,2955,0,9999,2912,105,0,27,13,0,false,0,1348,41,-204755,0,1,1968,1000,false,false,none,true,true,true,false,true
1489,h1500_e100000_s160000_k40_y5000,1500,100000,160000,40,5000,5,9977,NA,3038,0,10000,2982,104,0,22,18,0,false,0,1348,41,-197138,0,0,523,1000,false,false,none,true,true,true,false,true
1490,h1000_e100000_s160000_k40_y5000,1000,100000,160000,40,5000,5,9864,NA,2985,0,9999,2929,103,-23,20,18,2,false,0,1348,41,-199071,0,0,348,1000,false,false,none,true,true,true,false,true
1491,h2000_e100000_s160000_k40_y5000,2000,100000,160000,40,5000,5,9977,NA,3072,0,10000,3017,102,-2,20,18,2,false,0,1348,41,-197138,0,0,697,1000,false,false,none,true,true,true,false,true
1492,h3000_e25000_s160000_k40_y5000,3000,25000,160000,40,5000,5,9701,NA,2788,0,9994,2756,102,0,23,17,0,false,0,1347,41,-1330540,0,1,2304,1000,false,false,none,true,true,true,false,true
1493,h10000_e50000_s80000_k40_y5000,10000,50000,80000,40,5000,3,9889,NA,2488,0,9999,2452,102,0,29,11,0,false,0,1336,28,-185437,0,0,5904,1000,false,false,none,true,true,true,false,true
1494,h10000_e25000_s10000_k40_y5000,10000,25000,10000,40,5000,1,9653,NA,1311,0,9854,1130,102,0,27,13,0,false,0,1325,17,-190530,0,1,7682,1001,false,false,none,true,true,true,false,true
1495,h3000_e100000_s160000_k40_y5000,3000,100000,160000,40,5000,5,9977,NA,3126,0,10000,3071,100,-9,20,18,2,false,0,1348,41,-197138,0,0,1046,1000,false,false,none,true,true,true,false,true
1496,h2000_e70000_s160000_k40_y5000,2000,70000,160000,40,5000,5,9864,NA,3002,0,9999,2950,100,0,22,18,0,false,0,1348,41,-198439,0,0,956,1000,false,false,none,true,true,true,false,true
1497,h10000_e100000_s160000_k40_y5000,10000,100000,160000,40,5000,5,9977,NA,3285,0,10000,3229,99,-6,20,18,2,false,0,1348,41,-197138,0,0,3486,1000,false,false,none,true,true,true,false,true
1498,h10000_e40000_s80000_k40_y5000,10000,40000,80000,40,5000,3,9889,NA,2503,0,9999,2471,98,0,27,13,0,false,0,1335,28,-182769,0,1,6560,1000,false,false,none,true,true,true,false,true
1499,h5000_e30000_s80000_k40_y5000,5000,30000,80000,40,5000,3,9888,NA,2279,0,9999,2251,98,0,27,13,0,false,0,1335,28,-427724,0,1,3644,1000,false,false,none,true,true,true,false,true
1500,h10000_e15000_s20000_k40_y10000,10000,15000,20000,40,10000,2,9806,NA,1753,0,9983,1558,98,0,19,21,0,false,154,2623,36,-2378403,0,1,8499,1035,false,false,none,true,true,true,false,true
1501,h3000_e50000_s160000_k40_y5000,3000,50000,160000,40,5000,5,9842,NA,3012,0,9999,2964,97,0,27,13,0,false,0,1348,41,-199518,0,0,1771,1000,false,false,none,true,true,true,false,true
1502,h10000_e70000_s160000_k40_y5000,10000,70000,160000,40,5000,5,9976,NA,3304,0,9999,3252,95,0,20,20,0,false,0,1348,41,-197138,0,0,4782,1000,false,false,none,true,true,true,false,true
1503,h3000_e20000_s160000_k40_y5000,3000,20000,160000,40,5000,5,9679,NA,2681,0,9984,2653,94,0,20,20,0,false,0,1347,41,-2382587,0,1,2427,1002,false,false,none,true,true,true,false,true
1504,h10000_e50000_s160000_k40_y5000,10000,50000,160000,40,5000,5,9965,NA,3330,0,9999,3284,93,0,27,13,0,false,0,1348,41,-197138,0,0,5904,1000,false,false,none,true,true,true,false,true
1505,h5000_e40000_s160000_k40_y5000,5000,40000,160000,40,5000,5,9958,NA,3119,0,9999,3077,93,0,27,13,0,false,0,1348,41,-197138,0,1,3280,1000,false,false,none,true,true,true,false,true
1506,h10000_e40000_s160000_k40_y5000,10000,40000,160000,40,5000,5,9957,NA,3354,0,9999,3312,92,0,27,13,0,false,0,1347,41,-385680,0,1,6560,1000,false,false,none,true,true,true,false,true
1507,h10000_e70000_s40000_k40_y5000,10000,70000,40000,40,5000,2,9945,NA,1825,0,9999,1793,92,-9,21,17,2,false,0,1330,22,-162135,0,0,4782,1000,false,false,none,true,true,true,false,true
1508,h10000_e50000_s40000_k40_y5000,10000,50000,40000,40,5000,2,9945,NA,1835,0,9999,1806,88,0,23,17,0,false,0,1330,22,-161314,0,0,5904,1000,false,false,none,true,true,true,false,true
1509,h5000_e30000_s160000_k40_y5000,5000,30000,160000,40,5000,5,9722,NA,3079,0,9997,3043,86,0,25,15,0,false,0,1347,41,-708746,0,1,3644,1000,false,false,none,true,true,true,false,true
1510,h5000_e25000_s80000_k40_y5000,5000,25000,80000,40,5000,3,9869,NA,2249,0,9998,2225,86,0,27,13,0,false,0,1335,28,-840395,0,1,3841,1000,false,false,none,true,true,true,false,true
1511,h10000_e30000_s160000_k40_y5000,10000,30000,160000,40,5000,5,9956,NA,3398,0,9999,3360,84,0,20,20,0,false,0,1347,41,-1376069,0,1,7289,1000,false,false,none,true,true,true,false,true
1512,h5000_e25000_s160000_k40_y5000,5000,25000,160000,40,5000,5,9679,NA,3049,0,9991,3015,84,0,20,20,0,false,0,1347,41,-1488123,0,1,3841,1000,false,false,none,true,true,true,false,true
1513,h10000_e30000_s80000_k40_y5000,10000,30000,80000,40,5000,3,9858,NA,2528,0,9999,2502,83,0,27,13,0,false,0,1335,28,-633556,0,1,7289,1000,false,false,none,true,true,true,false,true
1514,h10000_e40000_s40000_k40_y5000,10000,40000,40000,40,5000,2,9926,NA,1844,0,9999,1818,83,0,31,9,0,false,0,1329,22,-160229,0,1,6560,1000,false,false,none,true,true,true,false,true
1515,h10000_e50000_s20000_k40_y5000,10000,50000,20000,40,5000,1,9953,NA,1406,0,9999,1319,79,-2,22,17,1,false,0,1328,18,-138213,0,0,5904,1000,false,false,none,true,true,true,false,true
1516,h10000_e30000_s40000_k40_y5000,10000,30000,40000,40,5000,2,9912,NA,1861,0,9999,1837,78,0,27,13,0,false,0,1329,22,-265029,0,1,7289,1000,false,false,none,true,true,true,false,true
1517,h10000_e40000_s20000_k40_y5000,10000,40000,20000,40,5000,1,9953,NA,1421,0,9999,1328,78,0,32,8,0,false,0,1327,18,-137827,0,1,6560,1000,false,false,none,true,true,true,false,true
1518,h10000_e25000_s160000_k40_y5000,10000,25000,160000,40,5000,5,9938,NA,3436,0,9999,3399,77,0,20,20,0,false,0,1347,41,-2599242,0,1,7682,1001,false,false,none,true,true,true,false,true
1519,h5000_e15000_s10000_k40_y5000,5000,15000,10000,40,5000,1,9652,NA,1312,0,9815,1166,77,0,18,22,0,false,309,1310,17,-949233,0,1,4249,1017,false,false,none,true,true,true,false,true
1520,h10000_e30000_s20000_k40_y5000,10000,30000,20000,40,5000,1,9946,NA,1450,0,9999,1355,75,0,27,13,0,false,0,1327,18,-136805,0,1,7289,1000,false,false,none,true,true,true,false,true
1521,h5000_e20000_s80000_k40_y5000,5000,20000,80000,40,5000,3,9795,NA,2211,0,9992,2187,73,0,20,20,0,false,0,1335,28,-1670114,0,1,4046,1003,false,false,none,true,true,true,false,true
1522,h10000_e20000_s10000_k40_y5000,10000,20000,10000,40,5000,1,9640,NA,1323,0,9793,1186,73,0,23,17,0,false,302,1324,17,-587890,0,1,8092,1006,false,false,none,true,true,true,false,true
1523,h10000_e25000_s80000_k40_y5000,10000,25000,80000,40,5000,3,9783,NA,2550,0,9996,2529,71,0,20,20,0,false,0,1335,28,-1264485,0,1,7682,1001,false,false,none,true,true,true,false,true
1524,h10000_e25000_s40000_k40_y5000,10000,25000,40000,40,5000,2,9910,NA,1881,0,9999,1854,68,0,27,13,0,false,0,1329,22,-621246,0,1,7682,1001,false,false,none,true,true,true,false,true
1525,h10000_e25000_s20000_k40_y5000,10000,25000,20000,40,5000,1,9929,NA,1474,0,9999,1385,68,0,27,13,0,false,0,1327,18,-310829,0,1,7682,1001,false,false,none,true,true,true,false,true
1526,h10000_e20000_s160000_k40_y5000,10000,20000,160000,40,5000,5,9936,NA,3491,0,9998,3459,64,0,16,24,0,false,298,1346,41,-4909682,0,1,8092,1006,false,false,none,true,true,true,false,true
1527,h10000_e20000_s80000_k40_y5000,10000,20000,80000,40,5000,3,9783,NA,2587,0,9984,2569,56,0,20,20,0,false,300,1334,28,-2579808,0,1,8092,1006,false,false,none,true,true,true,false,true
1528,h10000_e20000_s40000_k40_y5000,10000,20000,40000,40,5000,2,9858,NA,1920,0,9994,1892,54,0,20,20,0,false,301,1328,22,-1464156,0,1,8092,1006,false,false,none,true,true,true,false,true
1529,h10000_e20000_s20000_k40_y5000,10000,20000,20000,40,5000,1,9925,NA,1513,0,9997,1441,53,0,20,20,0,false,302,1326,18,-858788,0,1,8092,1006,false,false,none,true,true,true,false,true
1530,h5000_e15000_s40000_k40_y5000,5000,15000,40000,40,5000,2,9214,NA,1706,0,9268,1657,51,0,18,22,0,false,308,1314,22,-1964626,0,1,4249,1017,false,false,none,true,true,true,false,true
1531,h10000_e15000_s10000_k40_y5000,10000,15000,10000,40,5000,1,9596,NA,1363,0,9672,1295,39,0,17,23,0,false,316,1294,17,-1810094,0,1,8499,1035,false,false,none,true,true,true,false,true
1532,h10000_e20000_s160000_k10_y0,10000,20000,160000,10,0,3,9998,NA,3459,0,9998,3459,0,0,0,40,0,true,NA,0,1,-4909682,0,1,8092,1006,false,false,none,false,true,true,true,true
1533,h10000_e20000_s160000_k20_y0,10000,20000,160000,20,0,3,9998,NA,3459,0,9998,3459,0,0,0,40,0,true,NA,0,1,-4909682,0,1,8092,1006,false,false,none,false,true,true,true,true
1534,h10000_e20000_s160000_k40_y0,10000,20000,160000,40,0,3,9998,NA,3459,0,9998,3459,0,0,0,40,0,true,NA,0,1,-4909682,0,1,8092,1006,false,false,none,false,true,true,true,true
1535,h10000_e20000_s160000_k5_y0,10000,20000,160000,5,0,3,9998,NA,3459,0,9998,3459,0,0,0,40,0,true,NA,0,1,-4909682,0,1,8092,1006,false,false,none,false,true,true,true,true
1536,h10000_e25000_s160000_k10_y0,10000,25000,160000,10,0,1,9999,NA,3399,0,9999,3399,0,0,0,40,0,true,NA,0,1,-2599242,0,1,7682,1001,false,false,none,false,true,true,true,true
1537,h10000_e25000_s160000_k20_y0,10000,25000,160000,20,0,1,9999,NA,3399,0,9999,3399,0,0,0,40,0,true,NA,0,1,-2599242,0,1,7682,1001,false,false,none,false,true,true,true,true
1538,h10000_e25000_s160000_k40_y0,10000,25000,160000,40,0,1,9999,NA,3399,0,9999,3399,0,0,0,40,0,true,NA,0,1,-2599242,0,1,7682,1001,false,false,none,false,true,true,true,true
1539,h10000_e25000_s160000_k5_y0,10000,25000,160000,5,0,1,9999,NA,3399,0,9999,3399,0,0,0,40,0,true,NA,0,1,-2599242,0,1,7682,1001,false,false,none,false,true,true,true,true
1540,h10000_e70000_s160000_k10_y0,10000,70000,160000,10,0,0,9999,NA,3252,0,9999,3252,0,0,0,40,0,true,NA,0,0,-8492,0,0,4782,1000,false,false,none,false,true,true,true,true
1541,h10000_e70000_s160000_k20_y0,10000,70000,160000,20,0,0,9999,NA,3252,0,9999,3252,0,0,0,40,0,true,NA,0,0,-8492,0,0,4782,1000,false,false,none,false,true,true,true,true
1542,h10000_e70000_s160000_k40_y0,10000,70000,160000,40,0,0,9999,NA,3252,0,9999,3252,0,0,0,40,0,true,NA,0,0,-8492,0,0,4782,1000,false,false,none,false,true,true,true,true
1543,h10000_e70000_s160000_k5_y0,10000,70000,160000,5,0,0,9999,NA,3252,0,9999,3252,0,0,0,40,0,true,NA,0,0,-8492,0,0,4782,1000,false,false,none,false,true,true,true,true
1544,h5000_e30000_s160000_k10_y0,5000,30000,160000,10,0,1,9997,NA,3043,0,9997,3043,0,0,0,40,0,true,NA,0,1,-708746,0,1,3644,1000,false,false,none,false,true,true,true,true
1545,h5000_e30000_s160000_k20_y0,5000,30000,160000,20,0,1,9997,NA,3043,0,9997,3043,0,0,0,40,0,true,NA,0,1,-708746,0,1,3644,1000,false,false,none,false,true,true,true,true
1546,h5000_e30000_s160000_k40_y0,5000,30000,160000,40,0,1,9997,NA,3043,0,9997,3043,0,0,0,40,0,true,NA,0,1,-708746,0,1,3644,1000,false,false,none,false,true,true,true,true
1547,h5000_e30000_s160000_k5_y0,5000,30000,160000,5,0,1,9997,NA,3043,0,9997,3043,0,0,0,40,0,true,NA,0,1,-708746,0,1,3644,1000,false,false,none,false,true,true,true,true
1548,h5000_e25000_s160000_k10_y0,5000,25000,160000,10,0,1,9991,NA,3015,0,9991,3015,0,0,0,40,0,true,NA,0,1,-1488123,0,1,3841,1000,false,false,none,false,true,true,true,true
1549,h5000_e25000_s160000_k20_y0,5000,25000,160000,20,0,1,9991,NA,3015,0,9991,3015,0,0,0,40,0,true,NA,0,1,-1488123,0,1,3841,1000,false,false,none,false,true,true,true,true
1550,h5000_e25000_s160000_k40_y0,5000,25000,160000,40,0,1,9991,NA,3015,0,9991,3015,0,0,0,40,0,true,NA,0,1,-1488123,0,1,3841,1000,false,false,none,false,true,true,true,true
1551,h5000_e25000_s160000_k5_y0,5000,25000,160000,5,0,1,9991,NA,3015,0,9991,3015,0,0,0,40,0,true,NA,0,1,-1488123,0,1,3841,1000,false,false,none,false,true,true,true,true
1552,h5000_e20000_s160000_k10_y0,5000,20000,160000,10,0,2,9974,NA,2974,0,9974,2974,0,0,0,40,0,true,NA,0,1,-2967366,0,1,4046,1003,false,false,none,false,true,true,true,true
1553,h5000_e20000_s160000_k20_y0,5000,20000,160000,20,0,2,9974,NA,2974,0,9974,2974,0,0,0,40,0,true,NA,0,1,-2967366,0,1,4046,1003,false,false,none,false,true,true,true,true
1554,h5000_e20000_s160000_k40_y0,5000,20000,160000,40,0,2,9974,NA,2974,0,9974,2974,0,0,0,40,0,true,NA,0,1,-2967366,0,1,4046,1003,false,false,none,false,true,true,true,true
1555,h5000_e20000_s160000_k5_y0,5000,20000,160000,5,0,2,9974,NA,2974,0,9974,2974,0,0,0,40,0,true,NA,0,1,-2967366,0,1,4046,1003,false,false,none,false,true,true,true,true
1556,h3000_e20000_s160000_k10_y0,3000,20000,160000,10,0,1,9984,NA,2653,0,9984,2653,0,0,0,40,0,true,NA,0,1,-2382587,0,1,2427,1002,false,false,none,false,true,true,true,true
1557,h3000_e20000_s160000_k20_y0,3000,20000,160000,20,0,1,9984,NA,2653,0,9984,2653,0,0,0,40,0,true,NA,0,1,-2382587,0,1,2427,1002,false,false,none,false,true,true,true,true
1558,h3000_e20000_s160000_k40_y0,3000,20000,160000,40,0,1,9984,NA,2653,0,9984,2653,0,0,0,40,0,true,NA,0,1,-2382587,0,1,2427,1002,false,false,none,false,true,true,true,true
1559,h3000_e20000_s160000_k5_y0,3000,20000,160000,5,0,1,9984,NA,2653,0,9984,2653,0,0,0,40,0,true,NA,0,1,-2382587,0,1,2427,1002,false,false,none,false,true,true,true,true
1560,h1000_e15000_s160000_k10_y0,1000,15000,160000,10,0,2,9529,NA,1835,0,9529,1835,0,0,0,40,0,true,NA,0,1,-1712550,0,1,849,1003,false,false,none,false,true,true,true,true
1561,h1000_e15000_s160000_k20_y0,1000,15000,160000,20,0,2,9529,NA,1835,0,9529,1835,0,0,0,40,0,true,NA,0,1,-1712550,0,1,849,1003,false,false,none,false,true,true,true,true
1562,h1000_e15000_s160000_k40_y0,1000,15000,160000,40,0,2,9529,NA,1835,0,9529,1835,0,0,0,40,0,true,NA,0,1,-1712550,0,1,849,1003,false,false,none,false,true,true,true,true
1563,h1000_e15000_s160000_k5_y0,1000,15000,160000,5,0,2,9529,NA,1835,0,9529,1835,0,0,0,40,0,true,NA,0,1,-1712550,0,1,849,1003,false,false,none,false,true,true,true,true
1564,h100_e30000_s160000_k10_y0,100,30000,160000,10,0,1,9242,NA,1682,0,9242,1682,0,0,0,40,0,true,NA,0,1,-57199,0,1,72,1000,false,false,none,false,true,true,true,true
1565,h100_e30000_s160000_k20_y0,100,30000,160000,20,0,1,9242,NA,1682,0,9242,1682,0,0,0,40,0,true,NA,0,1,-57199,0,1,72,1000,false,false,none,false,true,true,true,true
1566,h100_e30000_s160000_k40_y0,100,30000,160000,40,0,1,9242,NA,1682,0,9242,1682,0,0,0,40,0,true,NA,0,1,-57199,0,1,72,1000,false,false,none,false,true,true,true,true
1567,h100_e30000_s160000_k5_y0,100,30000,160000,5,0,1,9242,NA,1682,0,9242,1682,0,0,0,40,0,true,NA,0,1,-57199,0,1,72,1000,false,false,none,false,true,true,true,true
1568,h100_e50000_s80000_k10_y0,100,50000,80000,10,0,0,9765,NA,1603,0,9765,1603,0,0,0,40,0,true,NA,0,0,-832,0,0,59,1000,false,false,none,false,true,true,true,true
1569,h100_e50000_s80000_k20_y0,100,50000,80000,20,0,0,9765,NA,1603,0,9765,1603,0,0,0,40,0,true,NA,0,0,-832,0,0,59,1000,false,false,none,false,true,true,true,true
1570,h100_e50000_s80000_k40_y0,100,50000,80000,40,0,0,9765,NA,1603,0,9765,1603,0,0,0,40,0,true,NA,0,0,-832,0,0,59,1000,false,false,none,false,true,true,true,true
1571,h100_e50000_s80000_k5_y0,100,50000,80000,5,0,0,9765,NA,1603,0,9765,1603,0,0,0,40,0,true,NA,0,0,-832,0,0,59,1000,false,false,none,false,true,true,true,true
1572,h500_e70000_s40000_k10_y0,500,70000,40000,10,0,0,9485,NA,1463,0,9485,1463,0,0,0,40,0,true,NA,0,0,-14,0,0,239,1000,false,false,none,false,true,true,true,true
1573,h500_e70000_s40000_k20_y0,500,70000,40000,20,0,0,9485,NA,1463,0,9485,1463,0,0,0,40,0,true,NA,0,0,-14,0,0,239,1000,false,false,none,false,true,true,true,true
1574,h500_e70000_s40000_k40_y0,500,70000,40000,40,0,0,9485,NA,1463,0,9485,1463,0,0,0,40,0,true,NA,0,0,-14,0,0,239,1000,false,false,none,false,true,true,true,true
1575,h500_e70000_s40000_k5_y0,500,70000,40000,5,0,0,9485,NA,1463,0,9485,1463,0,0,0,40,0,true,NA,0,0,-14,0,0,239,1000,false,false,none,false,true,true,true,true
1576,h500_e20000_s20000_k10_y0,500,20000,20000,10,0,1,3132,4589,1038,0,3132,1038,0,0,0,40,0,true,NA,0,1,-47962,0,1,404,1000,false,false,none,false,true,true,true,true
1577,h500_e20000_s20000_k20_y0,500,20000,20000,20,0,1,3132,4589,1038,0,3132,1038,0,0,0,40,0,true,NA,0,1,-47962,0,1,404,1000,false,false,none,false,true,true,true,true
1578,h500_e20000_s20000_k40_y0,500,20000,20000,40,0,1,3132,4589,1038,0,3132,1038,0,0,0,40,0,true,NA,0,1,-47962,0,1,404,1000,false,false,none,false,true,true,true,true
1579,h500_e20000_s20000_k5_y0,500,20000,20000,5,0,1,3132,4589,1038,0,3132,1038,0,0,0,40,0,true,NA,0,1,-47962,0,1,404,1000,false,false,none,false,true,true,true,true
1580,h2000_e15000_s5000_k10_y0,2000,15000,5000,10,0,1,2942,4193,1034,0,2942,1034,0,0,0,40,0,true,NA,0,1,-325423,0,1,1699,1007,false,false,none,false,true,true,true,true
1581,h2000_e15000_s5000_k20_y0,2000,15000,5000,20,0,1,2942,4193,1034,0,2942,1034,0,0,0,40,0,true,NA,0,1,-325423,0,1,1699,1007,false,false,none,false,true,true,true,true
1582,h2000_e15000_s5000_k40_y0,2000,15000,5000,40,0,1,2942,4193,1034,0,2942,1034,0,0,0,40,0,true,NA,0,1,-325423,0,1,1699,1007,false,false,none,false,true,true,true,true
1583,h2000_e15000_s5000_k5_y0,2000,15000,5000,5,0,1,2942,4193,1034,0,2942,1034,0,0,0,40,0,true,NA,0,1,-325423,0,1,1699,1007,false,false,none,false,true,true,true,true
1584,h100_e20000_s40000_k10_y0,100,20000,40000,10,0,1,1681,2029,1028,0,1681,1028,0,0,0,40,0,true,NA,0,1,-18360,0,1,80,1000,false,false,none,false,true,true,true,true
1585,h100_e20000_s40000_k20_y0,100,20000,40000,20,0,1,1681,2029,1028,0,1681,1028,0,0,0,40,0,true,NA,0,1,-18360,0,1,80,1000,false,false,none,false,true,true,true,true
1586,h100_e20000_s40000_k40_y0,100,20000,40000,40,0,1,1681,2029,1028,0,1681,1028,0,0,0,40,0,true,NA,0,1,-18360,0,1,80,1000,false,false,none,false,true,true,true,true
1587,h100_e20000_s40000_k5_y0,100,20000,40000,5,0,1,1681,2029,1028,0,1681,1028,0,0,0,40,0,true,NA,0,1,-18360,0,1,80,1000,false,false,none,false,true,true,true,true
1588,h700_e15000_s10000_k10_y0,700,15000,10000,10,0,2,1535,1820,1026,0,1535,1026,0,0,0,40,0,true,NA,0,1,-138606,0,1,594,1002,false,false,none,false,true,true,true,true
1589,h700_e15000_s10000_k20_y0,700,15000,10000,20,0,2,1535,1820,1026,0,1535,1026,0,0,0,40,0,true,NA,0,1,-138606,0,1,594,1002,false,false,none,false,true,true,true,true
1590,h700_e15000_s10000_k40_y0,700,15000,10000,40,0,2,1535,1820,1026,0,1535,1026,0,0,0,40,0,true,NA,0,1,-138606,0,1,594,1002,false,false,none,false,true,true,true,true
1591,h700_e15000_s10000_k5_y0,700,15000,10000,5,0,2,1535,1820,1026,0,1535,1026,0,0,0,40,0,true,NA,0,1,-138606,0,1,594,1002,false,false,none,false,true,true,true,true
1592,h500_e15000_s10000_k10_y0,500,15000,10000,10,0,3,1096,1234,1019,0,1096,1019,0,0,0,40,0,true,NA,0,1,-99198,0,1,424,1001,false,false,none,false,true,true,true,true
1593,h500_e15000_s10000_k20_y0,500,15000,10000,20,0,3,1096,1234,1019,0,1096,1019,0,0,0,40,0,true,NA,0,1,-99198,0,1,424,1001,false,false,none,false,true,true,true,true
1594,h500_e15000_s10000_k40_y0,500,15000,10000,40,0,3,1096,1234,1019,0,1096,1019,0,0,0,40,0,true,NA,0,1,-99198,0,1,424,1001,false,false,none,false,true,true,true,true
1595,h500_e15000_s10000_k5_y0,500,15000,10000,5,0,3,1096,1234,1019,0,1096,1019,0,0,0,40,0,true,NA,0,1,-99198,0,1,424,1001,false,false,none,false,true,true,true,true
1596,h1000_e15000_s5000_k10_y0,1000,15000,5000,10,0,2,1471,1728,1017,0,1471,1017,0,0,0,40,0,true,NA,0,1,-163977,0,1,849,1003,false,false,none,false,true,true,true,true
1597,h1000_e15000_s5000_k20_y0,1000,15000,5000,20,0,2,1471,1728,1017,0,1471,1017,0,0,0,40,0,true,NA,0,1,-163977,0,1,849,1003,false,false,none,false,true,true,true,true
1598,h1000_e15000_s5000_k40_y0,1000,15000,5000,40,0,2,1471,1728,1017,0,1471,1017,0,0,0,40,0,true,NA,0,1,-163977,0,1,849,1003,false,false,none,false,true,true,true,true
1599,h1000_e15000_s5000_k5_y0,1000,15000,5000,5,0,2,1471,1728,1017,0,1471,1017,0,0,0,40,0,true,NA,0,1,-163977,0,1,849,1003,false,false,none,false,true,true,true,true
1600,h700_e15000_s5000_k10_y0,700,15000,5000,10,0,2,1029,1149,1012,0,1029,1012,0,0,0,40,0,true,NA,0,1,-115051,0,1,594,1002,false,false,none,false,true,true,true,true
1601,h700_e15000_s5000_k20_y0,700,15000,5000,20,0,2,1029,1149,1012,0,1029,1012,0,0,0,40,0,true,NA,0,1,-115051,0,1,594,1002,false,false,none,false,true,true,true,true
1602,h700_e15000_s5000_k40_y0,700,15000,5000,40,0,2,1029,1149,1012,0,1029,1012,0,0,0,40,0,true,NA,0,1,-115051,0,1,594,1002,false,false,none,false,true,true,true,true
1603,h700_e15000_s5000_k5_y0,700,15000,5000,5,0,2,1029,1149,1012,0,1029,1012,0,0,0,40,0,true,NA,0,1,-115051,0,1,594,1002,false,false,none,false,true,true,true,true
1604,h300_e15000_s10000_k10_y0,300,15000,10000,10,0,3,657,705,1011,0,657,1011,0,0,0,40,0,true,NA,0,1,-59635,0,1,254,1001,false,false,none,false,true,true,true,true
1605,h300_e15000_s10000_k20_y0,300,15000,10000,20,0,3,657,705,1011,0,657,1011,0,0,0,40,0,true,NA,0,1,-59635,0,1,254,1001,false,false,none,false,true,true,true,true
1606,h300_e15000_s10000_k40_y0,300,15000,10000,40,0,3,657,705,1011,0,657,1011,0,0,0,40,0,true,NA,0,1,-59635,0,1,254,1001,false,false,none,false,true,true,true,true
1607,h300_e15000_s10000_k5_y0,300,15000,10000,5,0,3,657,705,1011,0,657,1011,0,0,0,40,0,true,NA,0,1,-59635,0,1,254,1001,false,false,none,false,true,true,true,true
1608,h500_e20000_s10000_k10_y0,500,20000,10000,10,0,1,1448,1697,1011,0,1448,1011,0,0,0,40,0,true,NA,0,1,-31503,0,1,404,1000,false,false,none,false,true,true,true,true
1609,h500_e20000_s10000_k20_y0,500,20000,10000,20,0,1,1448,1697,1011,0,1448,1011,0,0,0,40,0,true,NA,0,1,-31503,0,1,404,1000,false,false,none,false,true,true,true,true
1610,h500_e20000_s10000_k40_y0,500,20000,10000,40,0,1,1448,1697,1011,0,1448,1011,0,0,0,40,0,true,NA,0,1,-31503,0,1,404,1000,false,false,none,false,true,true,true,true
1611,h500_e20000_s10000_k5_y0,500,20000,10000,5,0,1,1448,1697,1011,0,1448,1011,0,0,0,40,0,true,NA,0,1,-31503,0,1,404,1000,false,false,none,false,true,true,true,true
1612,h100_e15000_s20000_k10_y0,100,15000,20000,10,0,4,389,405,1009,0,389,1009,0,0,0,40,0,true,NA,0,1,-27336,0,1,84,1000,false,false,none,false,true,true,true,true
1613,h100_e15000_s20000_k20_y0,100,15000,20000,20,0,4,389,405,1009,0,389,1009,0,0,0,40,0,true,NA,0,1,-27336,0,1,84,1000,false,false,none,false,true,true,true,true
1614,h100_e15000_s20000_k40_y0,100,15000,20000,40,0,4,389,405,1009,0,389,1009,0,0,0,40,0,true,NA,0,1,-27336,0,1,84,1000,false,false,none,false,true,true,true,true
1615,h100_e15000_s20000_k5_y0,100,15000,20000,5,0,4,389,405,1009,0,389,1009,0,0,0,40,0,true,NA,0,1,-27336,0,1,84,1000,false,false,none,false,true,true,true,true
1616,h100_e20000_s20000_k10_y0,100,20000,20000,10,0,1,626,668,1008,0,626,1008,0,0,0,40,0,true,NA,0,1,-9639,0,1,80,1000,false,false,none,false,true,true,true,true
1617,h100_e20000_s20000_k20_y0,100,20000,20000,20,0,1,626,668,1008,0,626,1008,0,0,0,40,0,true,NA,0,1,-9639,0,1,80,1000,false,false,none,false,true,true,true,true
1618,h100_e20000_s20000_k40_y0,100,20000,20000,40,0,1,626,668,1008,0,626,1008,0,0,0,40,0,true,NA,0,1,-9639,0,1,80,1000,false,false,none,false,true,true,true,true
1619,h100_e20000_s20000_k5_y0,100,20000,20000,5,0,1,626,668,1008,0,626,1008,0,0,0,40,0,true,NA,0,1,-9639,0,1,80,1000,false,false,none,false,true,true,true,true
1620,h300_e15000_s5000_k10_y0,300,15000,5000,10,0,2,441,461,1005,0,441,1005,0,0,0,40,0,true,NA,0,1,-49463,0,1,254,1001,false,false,none,false,true,true,true,true
1621,h300_e15000_s5000_k20_y0,300,15000,5000,20,0,2,441,461,1005,0,441,1005,0,0,0,40,0,true,NA,0,1,-49463,0,1,254,1001,false,false,none,false,true,true,true,true
1622,h300_e15000_s5000_k40_y0,300,15000,5000,40,0,2,441,461,1005,0,441,1005,0,0,0,40,0,true,NA,0,1,-49463,0,1,254,1001,false,false,none,false,true,true,true,true
1623,h300_e15000_s5000_k5_y0,300,15000,5000,5,0,2,441,461,1005,0,441,1005,0,0,0,40,0,true,NA,0,1,-49463,0,1,254,1001,false,false,none,false,true,true,true,true
1624,h100_e10000_s5000_k10_y0,100,10000,5000,10,0,5,125,126,1004,0,125,1004,0,0,0,40,0,true,NA,0,1,-55419,0,1,87,1002,false,false,none,false,true,true,true,true
1625,h100_e10000_s5000_k20_y0,100,10000,5000,20,0,5,125,126,1004,0,125,1004,0,0,0,40,0,true,NA,0,1,-55419,0,1,87,1002,false,false,none,false,true,true,true,true
1626,h100_e10000_s5000_k40_y0,100,10000,5000,40,0,5,125,126,1004,0,125,1004,0,0,0,40,0,true,NA,0,1,-55419,0,1,87,1002,false,false,none,false,true,true,true,true
1627,h100_e10000_s5000_k5_y0,100,10000,5000,5,0,5,125,126,1004,0,125,1004,0,0,0,40,0,true,NA,0,1,-55419,0,1,87,1002,false,false,none,false,true,true,true,true
1628,h100_e10000_s2500_k10_y0,100,10000,2500,10,0,3,106,107,1003,0,106,1003,0,0,0,40,0,true,NA,0,1,-51727,0,1,87,1002,false,false,none,false,true,true,true,true
1629,h100_e10000_s2500_k20_y0,100,10000,2500,20,0,3,106,107,1003,0,106,1003,0,0,0,40,0,true,NA,0,1,-51727,0,1,87,1002,false,false,none,false,true,true,true,true
1630,h100_e10000_s2500_k40_y0,100,10000,2500,40,0,3,106,107,1003,0,106,1003,0,0,0,40,0,true,NA,0,1,-51727,0,1,87,1002,false,false,none,false,true,true,true,true
1631,h100_e10000_s2500_k5_y0,100,10000,2500,5,0,3,106,107,1003,0,106,1003,0,0,0,40,0,true,NA,0,1,-51727,0,1,87,1002,false,false,none,false,true,true,true,true
1632,h100_e15000_s10000_k10_y0,100,15000,10000,10,0,2,219,224,1003,0,219,1003,0,0,0,40,0,true,NA,0,1,-19920,0,1,84,1000,false,false,none,false,true,true,true,true
1633,h100_e15000_s10000_k20_y0,100,15000,10000,20,0,2,219,224,1003,0,219,1003,0,0,0,40,0,true,NA,0,1,-19920,0,1,84,1000,false,false,none,false,true,true,true,true
1634,h100_e15000_s10000_k40_y0,100,15000,10000,40,0,2,219,224,1003,0,219,1003,0,0,0,40,0,true,NA,0,1,-19920,0,1,84,1000,false,false,none,false,true,true,true,true
1635,h100_e15000_s10000_k5_y0,100,15000,10000,5,0,2,219,224,1003,0,219,1003,0,0,0,40,0,true,NA,0,1,-19920,0,1,84,1000,false,false,none,false,true,true,true,true
1636,h100_e20000_s10000_k10_y0,100,20000,10000,10,0,1,289,298,1002,0,289,1002,0,0,0,40,0,true,NA,0,1,-6319,0,1,80,1000,false,false,none,false,true,true,true,true
1637,h100_e20000_s10000_k20_y0,100,20000,10000,20,0,1,289,298,1002,0,289,1002,0,0,0,40,0,true,NA,0,1,-6319,0,1,80,1000,false,false,none,false,true,true,true,true
1638,h100_e20000_s10000_k40_y0,100,20000,10000,40,0,1,289,298,1002,0,289,1002,0,0,0,40,0,true,NA,0,1,-6319,0,1,80,1000,false,false,none,false,true,true,true,true
1639,h100_e20000_s10000_k5_y0,100,20000,10000,5,0,1,289,298,1002,0,289,1002,0,0,0,40,0,true,NA,0,1,-6319,0,1,80,1000,false,false,none,false,true,true,true,true
1640,h500_e50000_s10000_k10_y0,500,50000,10000,10,0,0,7308,27173,1002,0,7308,1002,0,0,0,40,0,true,NA,0,0,-33,0,1,295,1000,false,false,none,false,true,true,true,true
1641,h500_e50000_s10000_k20_y0,500,50000,10000,20,0,0,7308,27173,1002,0,7308,1002,0,0,0,40,0,true,NA,0,0,-33,0,1,295,1000,false,false,none,false,true,true,true,true
1642,h500_e50000_s10000_k40_y0,500,50000,10000,40,0,0,7308,27173,1002,0,7308,1002,0,0,0,40,0,true,NA,0,0,-33,0,1,295,1000,false,false,none,false,true,true,true,true
1643,h500_e50000_s10000_k5_y0,500,50000,10000,5,0,0,7308,27173,1002,0,7308,1002,0,0,0,40,0,true,NA,0,0,-33,0,1,295,1000,false,false,none,false,true,true,true,true
1644,h100_e15000_s5000_k10_y0,100,15000,5000,10,0,1,147,149,1001,0,147,1001,0,0,0,40,0,true,NA,0,1,-16513,0,1,84,1000,false,false,none,false,true,true,true,true
1645,h100_e15000_s5000_k20_y0,100,15000,5000,20,0,1,147,149,1001,0,147,1001,0,0,0,40,0,true,NA,0,1,-16513,0,1,84,1000,false,false,none,false,true,true,true,true
1646,h100_e15000_s5000_k40_y0,100,15000,5000,40,0,1,147,149,1001,0,147,1001,0,0,0,40,0,true,NA,0,1,-16513,0,1,84,1000,false,false,none,false,true,true,true,true
1647,h100_e15000_s5000_k5_y0,100,15000,5000,5,0,1,147,149,1001,0,147,1001,0,0,0,40,0,true,NA,0,1,-16513,0,1,84,1000,false,false,none,false,true,true,true,true
1648,h300_e50000_s10000_k10_y0,300,50000,10000,10,0,0,4384,7811,1001,0,4384,1001,0,0,0,40,0,true,NA,0,0,-20,0,1,177,1000,false,false,none,false,true,true,true,true
1649,h300_e50000_s10000_k20_y0,300,50000,10000,20,0,0,4384,7811,1001,0,4384,1001,0,0,0,40,0,true,NA,0,0,-20,0,1,177,1000,false,false,none,false,true,true,true,true
1650,h300_e50000_s10000_k40_y0,300,50000,10000,40,0,0,4384,7811,1001,0,4384,1001,0,0,0,40,0,true,NA,0,0,-20,0,1,177,1000,false,false,none,false,true,true,true,true
1651,h300_e50000_s10000_k5_y0,300,50000,10000,5,0,0,4384,7811,1001,0,4384,1001,0,0,0,40,0,true,NA,0,0,-20,0,1,177,1000,false,false,none,false,true,true,true,true
